employee_id,age,gender,department,job_role,education,monthly_income,years_at_company,years_since_last_promotion,overtime,job_satisfaction,work_life_balance,distance_from_home_km,performance_rating,num_companies_worked,attrition
E0001,36,Male,Finance,Financial Analyst,Masters,55500.0,5,5,No,4,3,10,3,1,No
E0002,25,Male,Operations,Supply Chain Analyst,Masters,44500.0,0,0,No,1,2,18,3,1,No
E0003,32,Male,HR,HR Executive,Diploma,36500.0,5,4,No,3,2,5,3,0,No
E0004,32,Female,Sales,Business Development,Masters,46500.0,5,1,No,3,2,5,3,2,No
E0005,28,Male,Technology,DevOps Engineer,Bachelors,70000.0,3,3,No,3,3,9,3,3,No
E0006,49,Male,Operations,Operations Associate,Masters,73500.0,10,6,Yes,2,2,7,3,2,No
E0007,20,Female,Sales,Sales Executive,Bachelors,34500.0,0,0,No,2,2,15,3,0,No
E0008,37,Male,Operations,Operations Associate,Bachelors,56000.0,2,2,No,4,3,21,4,1,No
E0009,37,Female,HR,HR Executive,Bachelors,28000.0,2,1,Yes,3,3,11,4,2,No
E0010,29,Male,Technology,Data Analyst,Bachelors,66000.0,1,1,Yes,3,2,1,4,3,No
E0011,35,Male,Technology,DevOps Engineer,Bachelors,124000.0,11,2,No,3,3,4,3,1,No
E0012,41,Male,Sales,Sales Executive,Bachelors,67000.0,7,7,No,2,4,17,4,5,No
E0013,35,Male,Sales,Business Development,Diploma,45500.0,10,0,No,3,3,15,3,2,No
E0014,37,Female,Technology,DevOps Engineer,Diploma,49000.0,1,1,Yes,4,4,13,3,5,No
E0015,40,Female,Technology,DevOps Engineer,Diploma,116000.0,9,6,No,4,4,4,3,3,No
E0016,20,Male,Technology,DevOps Engineer,Masters,46500.0,0,0,No,1,2,21,3,1,Yes
E0017,46,Female,Operations,Operations Associate,Bachelors,57500.0,8,1,Yes,4,3,18,3,4,No
E0018,52,Female,HR,Recruiter,Bachelors,72500.0,29,8,No,3,3,10,3,1,No
E0019,42,Male,Finance,Financial Analyst,Diploma,66000.0,6,0,Yes,3,4,50,3,5,Yes
E0020,42,Male,Operations,Operations Associate,Masters,82500.0,4,4,Yes,2,3,9,3,1,No
E0021,23,Female,Sales,Sales Executive,Bachelors,66500.0,0,0,No,4,3,10,3,3,No
E0022,33,Male,Sales,Sales Executive,Bachelors,56500.0,1,1,Yes,3,4,18,3,3,Yes
E0023,28,Male,Finance,Accountant,Bachelors,39000.0,2,2,No,4,2,35,4,1,No
E0024,29,Female,Sales,Business Development,Masters,49000.0,1,1,Yes,1,2,4,3,0,No
E0025,42,Female,Sales,Sales Executive,Bachelors,75000.0,18,8,Yes,3,3,5,3,1,No
E0026,28,Male,Technology,DevOps Engineer,Bachelors,70000.0,2,2,No,2,3,8,3,1,Yes
E0027,33,Male,Technology,Data Analyst,Masters,109000.0,3,3,Yes,3,3,8,3,4,No
E0028,20,Female,Operations,Supply Chain Analyst,Masters,22500.0,0,0,Yes,2,4,5,3,2,No
E0029,33,Male,Finance,Accountant,Diploma,58500.0,0,0,No,3,2,20,3,4,Yes
E0030,35,Male,Technology,Data Analyst,Bachelors,74500.0,2,1,No,1,2,5,4,4,No
E0031,28,Female,Technology,DevOps Engineer,Bachelors,62500.0,4,4,No,3,3,8,3,4,No
E0032,28,Male,Sales,Sales Manager,Diploma,78500.0,3,0,No,2,3,29,3,2,No
E0033,49,Male,Sales,Business Development,Bachelors,42000.0,10,4,Yes,3,3,4,3,2,Yes
E0034,24,Male,Sales,Sales Manager,Masters,43500.0,0,0,No,2,3,12,3,2,No
E0035,26,Female,Finance,Accountant,Bachelors,59000.0,2,2,No,2,3,7,3,5,No
E0036,28,Male,Sales,Business Development,Bachelors,25000.0,2,2,No,2,2,12,3,4,No
E0037,44,Female,Technology,Data Analyst,Diploma,51500.0,4,4,Yes,4,3,8,3,2,No
E0038,51,Female,Sales,Sales Manager,Bachelors,48000.0,2,1,No,1,3,11,4,2,Yes
E0039,37,Female,Operations,Supply Chain Analyst,Bachelors,62500.0,9,8,Yes,2,4,10,3,2,No
E0040,28,Male,Sales,Sales Executive,Bachelors,60500.0,2,2,Yes,4,4,4,3,3,Yes
E0041,31,Male,Sales,Business Development,Diploma,53000.0,1,1,No,3,2,18,3,4,No
E0042,43,Female,Operations,Operations Associate,Bachelors,44000.0,3,3,No,4,2,13,4,0,No
E0043,27,Male,Technology,Software Engineer,Bachelors,40000.0,3,3,No,1,4,33,3,2,No
E0044,46,Male,Operations,Operations Associate,Diploma,42500.0,2,2,Yes,1,4,23,3,3,Yes
E0045,45,Male,Finance,Financial Analyst,Diploma,48000.0,1,1,No,3,4,7,3,0,No
E0046,35,Female,HR,Recruiter,Bachelors,71500.0,8,6,No,2,3,16,3,1,No
E0047,39,Female,Sales,Business Development,Bachelors,70500.0,3,1,Yes,2,2,7,3,3,No
E0048,40,Female,Technology,QA Engineer,Diploma,140500.0,3,3,No,3,3,33,3,1,No
E0049,46,Female,Technology,QA Engineer,Bachelors,114000.0,10,1,No,3,4,6,3,3,No
E0050,26,Female,Operations,Supply Chain Analyst,Bachelors,48000.0,1,1,No,2,3,4,3,5,No
E0051,43,Male,Technology,DevOps Engineer,Bachelors,65500.0,8,1,No,1,3,4,3,3,No
E0052,31,Male,Technology,Software Engineer,Bachelors,79000.0,4,0,Yes,3,1,6,3,2,Yes
E0053,28,Male,Sales,Sales Manager,Diploma,32500.0,2,2,Yes,3,3,9,3,0,No
E0054,35,Female,Technology,Data Analyst,Diploma,74750.0,6,6,No,4,2,14,3,4,No
E0055,32,Female,Technology,Software Engineer,Bachelors,51000.0,2,2,No,3,2,15,4,3,No
E0056,26,Male,Sales,Business Development,Masters,45500.0,3,2,Yes,2,2,12,3,1,No
E0057,21,Female,Operations,Supply Chain Analyst,Bachelors,29000.0,0,0,No,4,2,4,3,4,No
E0058,26,Male,Technology,QA Engineer,Masters,60500.0,1,1,No,2,3,8,3,4,No
E0059,46,Male,Operations,Supply Chain Analyst,Masters,57000.0,9,3,No,4,3,32,3,4,No
E0060,50,Male,Technology,Software Engineer,Bachelors,99500.0,19,6,Yes,4,3,8,4,1,Yes
E0061,39,Male,Finance,Financial Analyst,Masters,59000.0,1,0,No,3,3,12,3,3,No
E0062,43,Female,Finance,Accountant,Bachelors,51000.0,7,6,No,3,2,8,3,2,No
E0063,30,Male,Finance,Accountant,Bachelors,95000.0,5,5,Yes,2,3,18,3,1,Yes
E0064,33,Male,Sales,Sales Manager,Masters,46000.0,7,7,No,3,4,3,3,1,No
E0065,36,Female,Technology,Data Analyst,Bachelors,95500.0,2,2,No,1,4,8,3,1,No
E0066,25,Male,Sales,Business Development,Bachelors,82000.0,1,1,No,4,4,16,3,0,No
E0067,26,Male,Technology,QA Engineer,Bachelors,34500.0,1,1,No,3,4,20,3,0,No
E0068,35,Male,Sales,Sales Manager,Masters,45500.0,10,1,Yes,3,3,13,4,3,No
E0069,31,Male,Operations,Operations Associate,Bachelors,39000.0,3,3,No,4,3,10,4,5,No
E0070,25,Female,Sales,Sales Executive,Masters,62000.0,1,1,No,4,2,22,3,4,No
E0071,37,Female,Finance,Financial Analyst,Bachelors,57500.0,6,3,Yes,2,3,30,3,4,No
E0072,32,Male,Technology,DevOps Engineer,Masters,94500.0,7,1,Yes,4,3,23,4,1,No
E0073,42,Female,Operations,Supply Chain Analyst,Bachelors,36000.0,5,5,Yes,4,3,8,3,1,No
E0074,34,Male,Finance,Accountant,Bachelors,77500.0,6,4,No,2,1,16,3,1,No
E0075,32,Male,Sales,Sales Executive,Bachelors,33000.0,2,2,No,3,2,3,3,3,No
E0076,35,Male,Operations,Supply Chain Analyst,Masters,41250.0,10,2,Yes,3,3,15,4,4,No
E0077,33,Male,Operations,Supply Chain Analyst,Bachelors,15500.0,0,0,No,3,3,11,3,1,Yes
E0078,29,Male,Operations,Supply Chain Analyst,Bachelors,24000.0,3,3,Yes,3,3,10,3,4,Yes
E0079,31,Male,Technology,Data Analyst,PhD,124500.0,3,0,No,3,2,24,4,4,No
E0080,40,Male,Sales,Sales Executive,Bachelors,65000.0,11,7,Yes,3,3,10,3,1,No
E0081,39,Male,Sales,Business Development,Bachelors,40000.0,5,3,Yes,3,4,16,3,1,No
E0082,44,Male,Operations,Operations Associate,Bachelors,102000.0,12,7,No,3,1,5,3,2,No
E0083,20,Female,Technology,QA Engineer,Masters,89500.0,0,0,No,1,4,33,4,1,No
E0084,31,Male,Sales,Sales Executive,Diploma,64000.0,2,2,No,2,1,13,3,4,No
E0085,31,Female,Operations,Supply Chain Analyst,Bachelors,39000.0,5,5,No,3,3,22,3,2,No
E0086,35,Female,Finance,Accountant,Masters,68500.0,2,2,No,4,3,33,3,2,No
E0087,30,Male,Technology,QA Engineer,Bachelors,83000.0,2,0,No,3,3,10,3,2,Yes
E0088,30,Male,Technology,Software Engineer,PhD,46500.0,3,3,No,2,3,25,3,1,Yes
E0089,40,Female,Technology,Data Analyst,Bachelors,100500.0,7,1,No,1,1,19,3,1,No
E0090,35,Male,Sales,Sales Manager,Masters,52000.0,7,5,No,4,3,13,3,2,No
E0091,25,Female,Sales,Sales Manager,Bachelors,64500.0,1,1,Yes,3,1,31,3,0,Yes
E0092,45,Male,Operations,Operations Associate,Bachelors,41000.0,8,0,No,3,4,7,3,2,No
E0093,42,Male,Technology,Data Analyst,Diploma,64000.0,4,4,No,4,4,42,3,2,No
E0094,29,Male,Technology,Data Analyst,Bachelors,58000.0,1,1,No,3,4,16,4,5,No
E0095,41,Female,Technology,QA Engineer,Bachelors,101000.0,11,6,Yes,2,2,22,3,0,No
E0096,28,Female,HR,Recruiter,Bachelors,52500.0,3,3,No,2,3,12,4,1,No
E0097,43,Female,Sales,Sales Manager,Diploma,56500.0,12,8,No,3,4,19,3,1,Yes
E0098,32,Male,Technology,Software Engineer,Diploma,66500.0,1,1,No,4,3,20,3,5,No
E0099,28,Male,Sales,Sales Executive,Masters,61000.0,5,2,No,2,3,32,3,2,No
E0100,31,Male,Sales,Sales Executive,Bachelors,50500.0,1,1,No,3,3,13,3,5,Yes
E0101,28,Male,Operations,Supply Chain Analyst,Bachelors,55500.0,2,2,No,2,1,4,3,2,Yes
E0102,36,Male,Finance,Financial Analyst,Masters,59000.0,5,4,No,1,3,17,3,1,No
E0103,35,Male,Technology,Software Engineer,Bachelors,81500.0,1,0,No,3,4,9,4,0,No
E0104,34,Male,Technology,QA Engineer,Bachelors,54500.0,9,4,No,3,4,3,3,2,No
E0105,30,Male,Operations,Operations Associate,PhD,50000.0,2,2,No,3,4,35,3,5,No
E0106,20,Male,Technology,Data Analyst,Bachelors,60500.0,0,0,No,4,4,16,3,1,Yes
E0107,35,Female,Technology,DevOps Engineer,Masters,74500.0,6,3,Yes,1,2,21,3,5,No
E0108,20,Male,Finance,Accountant,Bachelors,49000.0,0,0,No,2,4,16,4,1,No
E0109,36,Male,Technology,QA Engineer,Diploma,47500.0,3,3,No,1,2,15,4,0,No
E0110,43,Female,Technology,QA Engineer,Bachelors,90000.0,13,3,No,1,3,7,3,4,No
E0111,36,Male,HR,Recruiter,Diploma,23000.0,6,2,Yes,3,3,24,3,1,No
E0112,31,Male,Operations,Operations Associate,Masters,39000.0,5,1,Yes,2,3,2,3,1,No
E0113,33,Male,Sales,Business Development,Diploma,33000.0,0,0,No,3,3,42,3,5,Yes
E0114,33,Male,Operations,Supply Chain Analyst,Masters,87000.0,10,1,No,2,2,27,3,1,No
E0115,30,Male,Sales,Sales Manager,Bachelors,52500.0,2,2,Yes,1,4,3,4,1,Yes
E0116,29,Female,HR,Recruiter,Bachelors,43500.0,5,1,No,4,2,3,3,1,No
E0117,27,Female,Operations,Supply Chain Analyst,PhD,44500.0,4,4,No,1,3,4,3,2,No
E0118,44,Male,Sales,Sales Executive,Bachelors,69500.0,8,6,No,3,1,10,3,5,No
E0119,34,Female,Technology,DevOps Engineer,Masters,64000.0,5,5,Yes,1,4,19,3,4,No
E0120,42,Female,Operations,Operations Associate,Masters,49500.0,11,3,Yes,4,4,13,3,1,No
E0121,32,Male,Sales,Sales Executive,Bachelors,43500.0,3,3,No,4,2,11,3,4,No
E0122,35,Male,Finance,Financial Analyst,Bachelors,142500.0,8,5,No,1,3,13,3,2,No
E0123,33,Male,HR,Recruiter,Bachelors,42500.0,2,1,No,4,3,16,3,1,No
E0124,38,Female,Technology,Data Analyst,Bachelors,40500.0,2,2,No,3,4,8,3,1,No
E0125,41,Male,HR,Recruiter,Bachelors,64000.0,8,4,Yes,4,2,11,3,0,No
E0126,36,Male,Sales,Sales Manager,Bachelors,100500.0,3,3,Yes,4,1,11,3,1,No
E0127,29,Male,Sales,Sales Executive,Masters,32500.0,0,0,No,3,3,24,3,1,Yes
E0128,28,Female,Technology,DevOps Engineer,Diploma,180000.0,0,0,No,3,3,4,3,1,No
E0129,47,Female,Sales,Business Development,Bachelors,62000.0,12,1,No,2,2,5,3,1,Yes
E0130,32,Female,Technology,DevOps Engineer,Bachelors,102500.0,4,4,No,3,3,13,3,1,No
E0131,32,Female,Operations,Supply Chain Analyst,Bachelors,38500.0,6,1,Yes,1,3,11,4,0,Yes
E0132,46,Male,Technology,DevOps Engineer,Bachelors,73500.0,5,5,Yes,3,2,10,4,1,No
E0133,43,Male,Technology,DevOps Engineer,Bachelors,65000.0,10,1,No,4,2,15,4,2,No
E0134,38,Male,Sales,Sales Manager,Bachelors,38000.0,5,5,No,3,4,21,3,2,No
E0135,31,Male,Operations,Supply Chain Analyst,Masters,22000.0,3,3,No,3,3,33,3,2,No
E0136,53,Female,Technology,DevOps Engineer,Masters,95500.0,1,1,No,2,2,8,3,2,Yes
E0137,37,Male,Operations,Operations Associate,Diploma,27500.0,1,1,No,3,3,13,3,3,No
E0138,38,Male,Technology,Data Analyst,Masters,106000.0,11,6,No,3,2,35,3,1,No
E0139,33,Male,Technology,DevOps Engineer,Diploma,81500.0,3,3,No,3,3,16,3,3,No
E0140,23,Male,Operations,Operations Associate,PhD,30500.0,0,0,No,2,2,13,4,3,Yes
E0141,23,Male,HR,Recruiter,Bachelors,39000.0,0,0,No,2,3,17,3,3,No
E0142,37,Female,Technology,Data Analyst,Bachelors,69500.0,2,2,No,3,4,7,3,2,No
E0143,37,Male,Technology,QA Engineer,Bachelors,59500.0,1,1,No,2,3,11,3,0,No
E0144,32,Male,Operations,Operations Associate,Bachelors,41500.0,3,3,Yes,4,3,22,3,1,No
E0145,25,Male,Technology,QA Engineer,Masters,70000.0,1,1,Yes,4,3,14,3,2,No
E0146,22,Male,Operations,Supply Chain Analyst,Diploma,27500.0,0,0,No,3,2,36,3,1,No
E0147,31,Female,Sales,Business Development,Bachelors,33000.0,3,3,No,2,3,6,3,1,No
E0148,22,Female,Technology,DevOps Engineer,Masters,52000.0,0,0,Yes,2,2,38,3,1,Yes
E0149,41,Female,Technology,Data Analyst,Bachelors,79500.0,4,4,No,1,3,7,3,2,No
E0150,43,Male,Operations,Operations Associate,Masters,72000.0,8,1,No,4,3,9,3,3,No
E0151,57,Male,Sales,Sales Manager,Diploma,91500.0,10,4,No,4,2,1,3,0,No
E0152,41,Female,Operations,Operations Associate,Bachelors,61000.0,13,3,No,1,3,7,3,5,No
E0153,29,Female,Finance,Financial Analyst,Masters,75000.0,2,2,No,1,3,8,3,1,No
E0154,27,Female,Finance,Accountant,Masters,57000.0,1,1,No,3,3,29,3,4,No
E0155,20,Male,Finance,Financial Analyst,Masters,72500.0,0,0,Yes,4,3,6,3,1,No
E0156,29,Male,Operations,Operations Associate,Bachelors,44000.0,4,1,Yes,2,4,5,4,1,Yes
E0157,33,Male,Technology,QA Engineer,Masters,86000.0,4,4,No,2,3,12,3,4,No
E0158,42,Male,Technology,DevOps Engineer,Bachelors,73000.0,5,5,No,3,1,23,3,5,No
E0159,39,Female,Sales,Sales Manager,Bachelors,58000.0,9,6,No,2,3,4,3,2,No
E0160,39,Male,Sales,Business Development,Bachelors,80000.0,2,1,No,2,3,14,3,3,No
E0161,36,Male,Sales,Sales Executive,Diploma,40000.0,8,5,Yes,3,4,43,3,1,Yes
E0162,39,Male,Operations,Supply Chain Analyst,Bachelors,42500.0,4,4,No,1,4,9,3,0,Yes
E0163,46,Female,Operations,Operations Associate,Bachelors,47000.0,13,0,No,1,2,7,3,1,Yes
E0164,25,Female,Sales,Business Development,Diploma,58500.0,1,1,No,3,4,4,4,1,No
E0165,30,Female,Finance,Accountant,Bachelors,103500.0,4,1,Yes,4,3,13,4,1,No
E0166,23,Male,Technology,QA Engineer,Masters,63000.0,1,1,No,2,3,12,3,2,No
E0167,47,Male,Technology,DevOps Engineer,Diploma,35500.0,5,0,No,2,3,10,3,1,No
E0168,44,Female,Finance,Accountant,Masters,88500.0,10,3,Yes,2,3,15,3,1,No
E0169,40,Male,Technology,Software Engineer,Bachelors,85500.0,2,2,Yes,1,3,13,3,2,No
E0170,24,Female,Operations,Operations Associate,Masters,41000.0,1,1,Yes,1,3,13,3,5,Yes
E0171,35,Female,Technology,Software Engineer,Bachelors,81500.0,8,4,No,2,3,13,3,2,No
E0172,32,Male,Finance,Accountant,Bachelors,60000.0,4,4,No,2,4,19,3,3,No
E0173,35,Female,Finance,Accountant,Masters,29000.0,2,2,No,3,3,4,3,2,No
E0174,32,Female,Sales,Business Development,Bachelors,54000.0,1,1,No,2,4,7,3,3,No
E0175,38,Male,Sales,Sales Manager,PhD,56000.0,4,1,No,4,3,16,3,0,Yes
E0176,31,Female,Technology,Data Analyst,Masters,82000.0,4,4,No,3,1,4,3,1,No
E0177,41,Female,HR,HR Executive,Diploma,41000.0,11,0,No,4,3,13,3,1,No
E0178,36,Male,Operations,Operations Associate,Bachelors,32000.0,2,0,No,1,3,12,3,1,No
E0179,32,Female,HR,HR Executive,Bachelors,36000.0,3,1,Yes,4,3,10,3,1,Yes
E0180,33,Male,Sales,Sales Executive,Bachelors,64500.0,8,6,No,3,2,4,4,3,No
E0181,30,Male,Operations,Operations Associate,Diploma,29500.0,2,2,Yes,2,3,6,3,2,No
E0182,41,Female,Operations,Operations Associate,Bachelors,41000.0,6,6,No,4,2,16,4,2,No
E0183,32,Female,Operations,Supply Chain Analyst,Masters,52000.0,7,0,Yes,3,3,22,3,1,No
E0184,36,Male,Technology,QA Engineer,Bachelors,49000.0,10,6,No,2,3,6,3,1,No
E0185,31,Male,Operations,Operations Associate,Bachelors,64500.0,2,0,No,3,3,8,3,1,No
E0186,22,Female,Sales,Sales Executive,Bachelors,44500.0,0,0,No,3,1,9,3,2,Yes
E0187,41,Male,Sales,Sales Executive,Bachelors,45000.0,6,6,No,2,3,3,3,1,No
E0188,26,Male,Sales,Sales Executive,Bachelors,47500.0,2,2,No,3,3,4,3,1,No
E0189,39,Male,Sales,Sales Executive,Masters,31000.0,6,3,Yes,2,3,15,3,5,No
E0190,37,Female,Sales,Business Development,Bachelors,57500.0,7,7,No,1,2,9,3,1,No
E0191,21,Male,Sales,Sales Executive,Diploma,21000.0,0,0,No,1,3,4,3,0,No
E0192,26,Female,Technology,DevOps Engineer,Masters,51000.0,1,1,No,4,3,11,3,5,No
E0193,30,Female,Sales,Sales Executive,Bachelors,65500.0,1,1,No,4,3,4,3,3,No
E0194,27,Male,Technology,QA Engineer,Bachelors,106500.0,3,3,No,2,4,11,3,0,No
E0195,25,Male,Sales,Sales Manager,Bachelors,41500.0,2,2,Yes,4,3,22,3,4,Yes
E0196,40,Female,Finance,Financial Analyst,Masters,41500.0,1,1,Yes,3,4,29,3,2,No
E0197,32,Male,Sales,Sales Manager,Bachelors,67000.0,5,2,No,3,3,30,3,1,No
E0198,37,Male,Technology,Software Engineer,Masters,83000.0,7,7,Yes,2,4,18,3,3,Yes
E0199,31,Male,Operations,Operations Associate,Bachelors,39000.0,0,0,No,2,3,2,3,1,No
E0200,36,Male,Technology,DevOps Engineer,Bachelors,104500.0,8,3,No,3,3,16,3,5,Yes
E0201,28,Female,Operations,Supply Chain Analyst,Diploma,31000.0,4,1,No,1,1,13,3,5,Yes
E0202,34,Male,Finance,Financial Analyst,Masters,74500.0,3,1,No,4,3,8,4,0,No
E0203,39,Female,Finance,Financial Analyst,Bachelors,42000.0,12,4,Yes,3,3,19,4,4,Yes
E0204,34,Male,Sales,Sales Manager,Bachelors,86000.0,8,6,Yes,2,4,3,3,0,No
E0205,30,Male,Technology,DevOps Engineer,Bachelors,48500.0,4,3,No,3,4,25,3,4,No
E0206,25,Male,Sales,Sales Executive,Bachelors,37000.0,1,1,No,3,4,6,3,2,No
E0207,35,Female,Operations,Supply Chain Analyst,Masters,41000.0,9,5,No,4,3,17,3,0,No
E0208,37,Male,Operations,Operations Associate,Masters,63000.0,10,3,Yes,2,3,11,3,1,No
E0209,32,Female,Operations,Supply Chain Analyst,Masters,45500.0,0,0,Yes,3,3,7,3,1,Yes
E0210,28,Male,Sales,Sales Manager,Masters,47000.0,0,0,No,4,3,21,3,3,No
E0211,38,Male,Technology,Data Analyst,Masters,117000.0,13,5,Yes,4,3,7,3,3,No
E0212,54,Male,Technology,Data Analyst,Masters,111500.0,12,6,Yes,2,4,10,4,1,No
E0213,32,Male,Sales,Sales Manager,Bachelors,50000.0,5,5,Yes,3,1,7,3,3,Yes
E0214,37,Female,Finance,Accountant,Masters,38500.0,7,0,No,4,4,32,3,0,No
E0215,37,Female,HR,Recruiter,Bachelors,27500.0,10,2,No,2,2,5,4,1,No
E0216,20,Male,Technology,Data Analyst,Bachelors,33500.0,0,0,No,3,2,8,3,0,No
E0217,35,Female,Operations,Supply Chain Analyst,Bachelors,40000.0,3,3,No,2,3,6,3,1,No
E0218,28,Female,HR,HR Executive,Masters,39000.0,2,2,Yes,2,1,3,3,1,No
E0219,45,Female,Sales,Sales Executive,Masters,49000.0,5,0,No,1,3,26,3,1,No
E0220,32,Female,HR,HR Executive,Bachelors,44500.0,2,2,Yes,3,2,11,3,2,No
E0221,28,Male,Operations,Operations Associate,Masters,38000.0,3,3,Yes,2,4,16,4,5,No
E0222,32,Male,Sales,Sales Manager,Masters,35500.0,3,3,No,1,3,8,4,5,Yes
E0223,35,Male,Technology,Data Analyst,Masters,54500.0,7,2,No,2,2,14,4,3,No
E0224,30,Male,Finance,Accountant,Bachelors,32500.0,2,2,No,2,3,12,3,3,Yes
E0225,34,Male,Finance,Financial Analyst,Bachelors,81000.0,2,2,Yes,3,3,23,3,1,Yes
E0226,23,Female,Sales,Sales Manager,Diploma,55500.0,0,0,Yes,4,4,7,4,0,Yes
E0227,32,Male,Finance,Accountant,Bachelors,44000.0,6,3,No,4,1,24,4,2,No
E0228,40,Female,Finance,Financial Analyst,Bachelors,79500.0,16,8,No,4,4,23,3,1,No
E0229,50,Male,Operations,Supply Chain Analyst,Masters,54500.0,8,6,Yes,4,4,42,3,1,No
E0230,40,Male,Operations,Operations Associate,Bachelors,60500.0,1,1,No,4,2,8,3,0,No
E0231,36,Male,Technology,QA Engineer,Bachelors,61500.0,3,3,Yes,2,3,1,4,1,No
E0232,43,Female,HR,HR Executive,Bachelors,42750.0,14,3,No,3,3,25,3,1,No
E0233,42,Female,Operations,Operations Associate,Bachelors,57000.0,3,3,No,4,3,10,3,0,Yes
E0234,47,Male,Operations,Supply Chain Analyst,Bachelors,29000.0,8,3,No,4,2,17,3,1,No
E0235,43,Male,Sales,Business Development,Masters,48000.0,10,2,No,3,4,9,3,1,No
E0236,33,Male,Sales,Sales Manager,Bachelors,43500.0,1,1,No,1,3,53,3,4,No
E0237,36,Female,Finance,Accountant,Diploma,46000.0,2,2,No,2,3,2,4,3,No
E0238,35,Female,Sales,Sales Manager,Bachelors,91000.0,4,4,No,2,4,38,3,1,No
E0239,36,Male,Technology,Software Engineer,Bachelors,94500.0,3,3,Yes,4,3,8,3,1,No
E0240,36,Female,Operations,Supply Chain Analyst,Masters,46000.0,5,2,No,4,3,3,3,3,Yes
E0241,28,Male,Technology,Data Analyst,Bachelors,53500.0,2,2,No,3,3,6,3,3,Yes
E0242,20,Male,Sales,Business Development,Bachelors,54500.0,0,0,No,1,3,7,3,5,No
E0243,29,Male,Technology,Data Analyst,Bachelors,94500.0,5,2,No,4,3,34,4,1,No
E0244,20,Male,Finance,Financial Analyst,Masters,45000.0,0,0,Yes,4,3,9,3,2,Yes
E0245,35,Male,Sales,Business Development,Diploma,46500.0,6,6,No,4,3,33,3,4,No
E0246,34,Female,Technology,DevOps Engineer,Bachelors,46000.0,2,2,No,4,3,8,3,1,No
E0247,21,Male,Sales,Sales Executive,Diploma,41500.0,0,0,Yes,4,3,31,3,1,No
E0248,40,Female,Finance,Financial Analyst,Bachelors,89000.0,8,0,No,2,3,12,3,1,No
E0249,41,Male,Operations,Supply Chain Analyst,Masters,52500.0,2,0,No,1,3,5,4,1,Yes
E0250,35,Female,Technology,QA Engineer,Bachelors,105500.0,9,0,Yes,4,2,6,3,1,No
E0251,47,Male,Technology,DevOps Engineer,Masters,83500.0,0,0,No,4,3,2,3,2,No
E0252,49,Male,Technology,Software Engineer,Masters,97000.0,19,1,No,2,4,8,3,0,No
E0253,24,Female,Sales,Sales Manager,Diploma,38500.0,1,1,No,3,3,3,3,3,No
E0254,42,Female,Sales,Business Development,Bachelors,62500.0,1,1,Yes,1,3,10,3,1,Yes
E0255,38,Female,Technology,Data Analyst,Bachelors,78000.0,1,1,No,1,2,17,3,1,No
E0256,37,Female,Technology,Data Analyst,Masters,66500.0,7,3,No,4,3,3,3,1,No
E0257,41,Male,Sales,Sales Manager,Masters,70500.0,11,7,No,4,3,16,3,0,Yes
E0258,28,Female,HR,HR Executive,Bachelors,51000.0,1,1,Yes,2,3,12,3,1,No
E0259,29,Male,Technology,QA Engineer,Diploma,96500.0,5,5,No,3,3,8,4,5,Yes
E0260,27,Female,Technology,Software Engineer,Bachelors,73000.0,2,2,No,4,4,18,3,5,Yes
E0261,28,Female,Sales,Sales Manager,Diploma,39500.0,2,2,No,3,3,7,3,3,No
E0262,33,Female,HR,HR Executive,Diploma,53500.0,6,6,No,3,2,12,4,1,No
E0263,22,Female,Sales,Business Development,Bachelors,72000.0,1,1,Yes,3,3,9,3,2,No
E0264,26,Female,Sales,Sales Executive,Masters,46000.0,1,1,No,1,3,12,3,3,Yes
E0265,39,Male,Sales,Sales Manager,Diploma,35000.0,0,0,Yes,4,4,2,3,0,No
E0266,33,Male,Sales,Sales Manager,Bachelors,52500.0,3,3,Yes,3,3,10,3,1,No
E0267,37,Male,Operations,Operations Associate,Masters,26500.0,1,0,No,3,3,22,3,2,No
E0268,20,Female,Sales,Business Development,Masters,45500.0,0,0,No,2,4,12,3,2,Yes
E0269,28,Female,Technology,DevOps Engineer,Masters,62500.0,1,1,Yes,2,3,15,4,1,Yes
E0270,30,Male,Operations,Supply Chain Analyst,Bachelors,59500.0,6,4,Yes,3,3,24,4,1,No
E0271,34,Female,Finance,Accountant,Masters,54000.0,0,0,No,2,1,1,3,5,No
E0272,29,Female,Sales,Sales Executive,Bachelors,57500.0,0,0,No,4,2,28,4,0,No
E0273,41,Male,Technology,Software Engineer,Bachelors,179500.0,10,2,No,1,4,13,3,4,No
E0274,34,Male,Operations,Supply Chain Analyst,Bachelors,38000.0,3,2,Yes,3,1,10,3,2,Yes
E0275,34,Female,Technology,Software Engineer,PhD,59500.0,4,4,No,2,3,6,3,5,Yes
E0276,34,Female,Finance,Financial Analyst,Bachelors,74500.0,6,4,No,1,4,5,3,2,Yes
E0277,40,Male,Sales,Sales Manager,Bachelors,49500.0,5,3,Yes,3,4,9,3,1,No
E0278,30,Female,HR,HR Executive,Bachelors,43000.0,2,2,No,4,2,9,3,5,Yes
E0279,43,Male,HR,Recruiter,Masters,33500.0,1,1,No,3,2,10,3,2,Yes
E0280,38,Male,Operations,Operations Associate,Masters,47500.0,3,0,No,2,3,8,3,2,No
E0281,35,Male,Finance,Financial Analyst,Masters,62000.0,4,2,No,3,1,15,3,4,No
E0282,34,Female,Technology,Data Analyst,Diploma,36000.0,1,1,No,1,3,25,4,1,Yes
E0283,38,Female,Sales,Sales Manager,Bachelors,49000.0,6,2,No,4,3,10,3,2,Yes
E0284,42,Male,Technology,Data Analyst,Bachelors,104000.0,11,0,No,3,3,11,3,3,No
E0285,42,Female,HR,HR Executive,Diploma,75500.0,10,5,Yes,3,4,28,3,1,No
E0286,37,Male,Sales,Sales Executive,Bachelors,41500.0,4,1,No,2,3,5,4,1,No
E0287,41,Female,Sales,Sales Executive,Masters,36000.0,2,2,No,3,1,12,3,3,No
E0288,35,Male,Technology,QA Engineer,Diploma,95000.0,1,1,No,3,2,21,3,4,Yes
E0289,44,Female,HR,Recruiter,Masters,37000.0,4,1,Yes,3,4,15,3,3,No
E0290,34,Male,Operations,Operations Associate,Diploma,49500.0,8,3,Yes,4,2,21,3,2,Yes
E0291,20,Male,Sales,Sales Executive,Bachelors,48500.0,0,0,Yes,3,2,8,3,1,No
E0292,45,Male,Sales,Sales Manager,Masters,58500.0,3,3,No,3,3,35,3,4,No
E0293,35,Female,HR,Recruiter,Masters,40000.0,2,2,No,3,3,11,4,5,No
E0294,25,Male,Finance,Financial Analyst,Bachelors,39500.0,1,1,No,1,4,3,3,4,Yes
E0295,32,Male,HR,Recruiter,Bachelors,53500.0,1,1,No,3,4,6,3,2,No
E0296,27,Male,Operations,Supply Chain Analyst,Bachelors,36000.0,3,3,No,4,4,21,4,1,No
E0297,51,Male,Operations,Supply Chain Analyst,Diploma,52500.0,17,7,No,3,4,26,3,1,No
E0298,38,Female,Operations,Operations Associate,Bachelors,78000.0,5,1,No,3,1,10,3,4,No
E0299,21,Male,HR,Recruiter,Bachelors,49500.0,0,0,No,4,4,5,3,3,No
E0300,38,Female,Technology,QA Engineer,Masters,61500.0,7,2,No,2,2,15,3,1,Yes
E0301,31,Male,Finance,Accountant,Diploma,52500.0,4,2,No,3,2,12,4,5,No
E0302,49,Male,Sales,Business Development,Bachelors,41000.0,1,1,No,2,4,11,3,2,No
E0303,26,Female,HR,HR Executive,Bachelors,32000.0,1,1,No,3,2,19,3,3,Yes
E0304,20,Male,HR,Recruiter,Masters,22000.0,0,0,No,1,2,8,4,0,No
E0305,35,Female,HR,HR Executive,Masters,65500.0,9,3,Yes,3,3,7,3,2,No
E0306,31,Female,Technology,Software Engineer,Masters,88500.0,2,1,No,1,4,25,3,3,No
E0307,31,Female,Technology,Software Engineer,Bachelors,78500.0,3,3,Yes,3,3,4,3,1,No
E0308,20,Male,Technology,DevOps Engineer,Bachelors,58000.0,0,0,No,4,4,15,4,1,No
E0309,37,Female,Sales,Sales Manager,Diploma,50500.0,3,3,No,4,4,3,3,4,No
E0310,47,Female,Operations,Supply Chain Analyst,Masters,47000.0,2,2,Yes,3,3,11,3,2,No
E0311,20,Male,Technology,DevOps Engineer,Bachelors,48500.0,0,0,Yes,3,2,7,3,3,Yes
E0312,43,Female,Technology,Data Analyst,Bachelors,64000.0,2,0,No,2,2,13,4,3,Yes
E0313,29,Male,Technology,Data Analyst,Bachelors,66500.0,5,5,No,2,2,15,3,2,No
E0314,53,Male,HR,HR Executive,Bachelors,52500.0,3,3,No,2,3,9,3,1,No
E0315,37,Male,Technology,QA Engineer,Bachelors,87500.0,6,3,No,3,3,27,3,3,No
E0316,32,Male,Operations,Supply Chain Analyst,Masters,28000.0,3,3,No,4,2,9,3,1,No
E0317,43,Male,Operations,Operations Associate,Bachelors,32500.0,2,0,No,1,3,12,3,3,Yes
E0318,38,Male,Technology,QA Engineer,Diploma,131000.0,5,5,No,3,2,28,3,0,No
E0319,29,Male,Sales,Sales Manager,Bachelors,33000.0,1,1,No,4,4,3,3,3,No
E0320,40,Female,HR,HR Executive,Diploma,40000.0,0,0,No,3,4,8,3,3,No
E0321,30,Male,Operations,Operations Associate,Bachelors,35000.0,4,3,No,1,3,5,4,4,No
E0322,20,Male,Sales,Sales Executive,Bachelors,60500.0,0,0,Yes,3,2,25,3,2,Yes
E0323,50,Male,Finance,Financial Analyst,Masters,72000.0,10,3,No,4,2,2,3,3,No
E0324,31,Female,Operations,Operations Associate,Masters,33000.0,1,1,No,4,3,13,3,1,No
E0325,29,Male,Operations,Operations Associate,Bachelors,29000.0,3,3,No,2,4,17,3,0,Yes
E0326,37,Female,Sales,Business Development,Diploma,47000.0,5,1,Yes,4,3,50,4,4,No
E0327,22,Female,Sales,Business Development,Masters,56000.0,1,1,No,4,1,6,3,1,No
E0328,23,Male,Operations,Operations Associate,Masters,44000.0,0,0,Yes,4,3,19,3,1,Yes
E0329,30,Male,Sales,Sales Manager,Bachelors,34500.0,5,5,No,4,1,18,3,1,Yes
E0330,30,Female,Sales,Sales Executive,Diploma,79500.0,5,3,No,1,3,14,4,0,No
E0331,35,Female,Technology,Data Analyst,Masters,74750.0,2,2,No,3,3,12,3,1,No
E0332,43,Male,Technology,Data Analyst,Bachelors,54000.0,3,3,No,3,3,19,3,1,No
E0333,30,Male,HR,HR Executive,Diploma,43000.0,2,2,No,4,2,13,3,1,No
E0334,38,Male,Sales,Sales Executive,Masters,39500.0,3,3,No,4,2,9,4,5,No
E0335,39,Male,Operations,Supply Chain Analyst,Bachelors,40500.0,8,5,No,3,3,14,3,0,No
E0336,25,Female,Sales,Sales Executive,Bachelors,49000.0,1,1,No,3,3,15,3,1,No
E0337,36,Female,HR,Recruiter,Bachelors,44500.0,5,5,Yes,3,1,27,3,1,Yes
E0338,26,Male,Sales,Business Development,Bachelors,38000.0,1,1,No,2,2,9,3,2,No
E0339,43,Female,Technology,QA Engineer,Bachelors,46000.0,4,2,Yes,3,1,26,4,0,Yes
E0340,38,Male,Sales,Sales Executive,Masters,55000.0,3,2,No,4,4,28,3,2,No
E0341,34,Female,Technology,Data Analyst,Bachelors,74000.0,8,2,No,2,2,23,3,1,No
E0342,23,Male,Technology,QA Engineer,Masters,92500.0,0,0,No,4,4,10,3,3,No
E0343,35,Male,Finance,Financial Analyst,Masters,68500.0,3,3,No,1,4,12,3,1,No
E0344,28,Female,Technology,Data Analyst,Bachelors,93500.0,5,2,Yes,1,2,19,4,1,Yes
E0345,40,Female,Sales,Sales Manager,Bachelors,46000.0,1,0,No,3,3,21,4,4,Yes
E0346,33,Female,Operations,Operations Associate,Bachelors,59000.0,3,3,No,3,2,2,4,1,Yes
E0347,28,Female,Operations,Supply Chain Analyst,Masters,35500.0,2,2,Yes,2,3,18,3,2,No
E0348,41,Male,Operations,Supply Chain Analyst,Bachelors,34500.0,7,6,No,4,4,18,3,3,No
E0349,40,Female,Sales,Sales Executive,Bachelors,48500.0,1,1,No,3,3,27,3,2,Yes
E0350,29,Male,Technology,DevOps Engineer,Masters,31000.0,1,1,Yes,1,2,6,3,5,Yes
E0351,43,Female,Sales,Business Development,Masters,44000.0,4,2,No,2,3,14,3,5,No
E0352,32,Male,Sales,Sales Executive,Bachelors,48500.0,2,2,No,4,3,45,3,0,No
E0353,32,Female,Sales,Sales Executive,Masters,39000.0,1,1,No,1,2,35,3,5,Yes
E0354,35,Female,Technology,Data Analyst,Bachelors,101500.0,2,1,No,1,3,9,4,4,No
E0355,28,Female,Sales,Business Development,Diploma,60000.0,4,0,No,2,3,6,3,0,No
E0356,30,Male,Sales,Sales Manager,Bachelors,45500.0,1,0,No,1,3,26,3,3,No
E0357,33,Male,Operations,Supply Chain Analyst,Masters,40000.0,6,6,Yes,2,3,5,3,1,Yes
E0358,46,Male,Technology,Software Engineer,Bachelors,121500.0,9,5,Yes,3,4,6,3,1,No
E0359,46,Male,Sales,Business Development,Bachelors,51000.0,12,6,No,4,3,13,3,2,No
E0360,32,Male,Finance,Financial Analyst,Bachelors,59000.0,7,2,Yes,3,3,7,3,0,No
E0361,47,Male,Sales,Sales Executive,Bachelors,58500.0,3,3,No,3,3,8,4,3,No
E0362,34,Male,Technology,DevOps Engineer,Bachelors,90000.0,4,2,Yes,1,3,31,3,5,No
E0363,37,Male,Technology,Data Analyst,Masters,155000.0,8,6,No,2,4,31,3,1,No
E0364,41,Female,Technology,DevOps Engineer,Masters,78500.0,7,4,No,3,3,14,3,5,No
E0365,36,Male,Finance,Financial Analyst,Masters,32500.0,2,2,Yes,3,4,7,3,5,Yes
E0366,53,Female,Technology,QA Engineer,Diploma,82000.0,1,1,No,4,2,13,3,1,No
E0367,36,Male,Technology,Software Engineer,Bachelors,131000.0,10,1,No,3,3,18,4,1,No
E0368,24,Male,HR,HR Executive,Masters,38000.0,1,1,No,4,3,20,3,2,No
E0369,44,Male,Operations,Supply Chain Analyst,Diploma,72500.0,7,7,No,2,1,17,3,0,No
E0370,31,Male,Sales,Sales Executive,Bachelors,79000.0,3,3,No,3,3,24,3,1,Yes
E0371,32,Female,Sales,Sales Executive,Masters,40500.0,4,4,Yes,4,1,10,3,2,No
E0372,20,Male,Sales,Sales Manager,Masters,36500.0,0,0,No,4,4,11,3,1,No
E0373,42,Female,Operations,Supply Chain Analyst,Bachelors,26000.0,1,1,Yes,2,3,3,3,2,No
E0374,41,Female,Operations,Supply Chain Analyst,Diploma,47500.0,3,3,No,3,2,22,3,1,Yes
E0375,40,Female,Sales,Sales Executive,Bachelors,56000.0,2,2,No,4,3,4,3,5,No
E0376,42,Male,Operations,Operations Associate,Masters,63500.0,12,8,Yes,3,2,8,4,1,Yes
E0377,48,Male,Sales,Business Development,Bachelors,37500.0,7,2,No,4,1,13,3,1,No
E0378,34,Male,Technology,Data Analyst,Bachelors,60500.0,4,2,Yes,4,3,36,3,0,No
E0379,42,Male,Technology,QA Engineer,Masters,53500.0,6,5,No,2,3,18,3,2,No
E0380,28,Female,Operations,Supply Chain Analyst,Masters,26000.0,4,4,Yes,3,3,5,4,1,No
E0381,31,Female,Sales,Sales Executive,Masters,31000.0,2,2,No,2,4,6,3,3,No
E0382,42,Female,Technology,Software Engineer,Masters,43000.0,1,1,Yes,4,3,11,3,3,Yes
E0383,37,Female,Technology,DevOps Engineer,Diploma,69000.0,3,3,Yes,1,3,46,3,0,Yes
E0384,23,Male,Sales,Sales Executive,Bachelors,49500.0,1,1,Yes,3,2,8,3,0,No
E0385,37,Male,Sales,Business Development,Bachelors,54500.0,2,2,No,1,3,6,3,1,No
E0386,33,Female,Technology,Data Analyst,Diploma,67500.0,1,1,No,1,4,25,3,1,No
E0387,27,Male,Operations,Supply Chain Analyst,Bachelors,33000.0,3,3,No,4,1,8,3,1,Yes
E0388,37,Female,HR,Recruiter,Masters,44000.0,4,3,No,2,1,8,3,2,Yes
E0389,31,Male,Operations,Supply Chain Analyst,Masters,51000.0,5,0,No,3,4,14,3,1,No
E0390,21,Male,HR,HR Executive,PhD,35000.0,0,0,No,4,1,13,3,4,No
E0391,25,Male,Finance,Financial Analyst,Masters,55000.0,1,0,Yes,2,3,5,3,2,No
E0392,48,Male,Operations,Operations Associate,Masters,41000.0,6,5,No,3,4,15,3,1,No
E0393,22,Female,Finance,Accountant,Bachelors,44500.0,0,0,No,4,3,10,3,1,No
E0394,36,Male,HR,HR Executive,Bachelors,41500.0,2,2,No,3,3,9,3,1,Yes
E0395,39,Male,Technology,Software Engineer,Masters,64000.0,9,2,No,3,1,14,3,2,No
E0396,39,Male,Sales,Sales Manager,Bachelors,64000.0,3,3,No,2,3,2,3,4,No
E0397,24,Female,HR,HR Executive,Masters,26000.0,2,2,No,3,3,15,4,2,Yes
E0398,31,Female,Sales,Sales Executive,Diploma,55500.0,4,4,No,4,3,8,3,5,No
E0399,35,Male,Operations,Supply Chain Analyst,Masters,28000.0,4,4,Yes,3,2,16,3,3,No
E0400,40,Female,Technology,DevOps Engineer,Masters,104500.0,1,1,Yes,3,3,7,4,2,No
E0401,29,Male,Technology,DevOps Engineer,Bachelors,83500.0,0,0,No,3,3,26,3,4,No
E0402,25,Male,Operations,Operations Associate,Bachelors,29500.0,1,1,Yes,3,4,11,3,2,Yes
E0403,42,Male,Sales,Business Development,Diploma,60500.0,16,0,No,3,1,24,3,0,No
E0404,43,Male,Technology,QA Engineer,Bachelors,65500.0,10,0,No,3,4,36,3,2,No
E0405,37,Female,Sales,Business Development,Diploma,53000.0,7,4,No,2,3,11,3,3,Yes
E0406,29,Female,Operations,Operations Associate,Masters,42000.0,1,1,No,1,3,29,3,3,Yes
E0407,37,Male,Technology,Data Analyst,Diploma,152000.0,3,3,No,4,3,8,3,1,No
E0408,35,Male,Operations,Supply Chain Analyst,Bachelors,25500.0,1,0,No,2,3,21,3,1,Yes
E0409,41,Male,Technology,QA Engineer,Masters,100500.0,2,1,No,4,3,14,4,0,No
E0410,24,Female,Operations,Operations Associate,Masters,30500.0,0,0,Yes,2,4,37,3,1,No
E0411,35,Female,Finance,Accountant,Masters,58500.0,1,1,No,3,4,4,3,1,No
E0412,33,Male,Finance,Financial Analyst,Bachelors,72500.0,2,2,Yes,4,4,11,4,1,No
E0413,25,Female,Operations,Operations Associate,Bachelors,44000.0,1,1,Yes,3,2,18,3,0,Yes
E0414,36,Female,Technology,DevOps Engineer,Diploma,82000.0,3,0,No,3,3,21,3,1,No
E0415,34,Male,Technology,QA Engineer,Bachelors,70000.0,6,5,No,4,4,14,4,1,No
E0416,31,Male,Finance,Accountant,Masters,52000.0,0,0,Yes,2,3,9,3,1,No
E0417,37,Female,Operations,Operations Associate,PhD,48000.0,7,1,No,4,2,14,4,1,No
E0418,23,Male,Technology,Software Engineer,Bachelors,95500.0,1,1,No,1,4,11,3,3,Yes
E0419,34,Male,Finance,Accountant,Bachelors,34000.0,0,0,No,3,2,9,3,4,No
E0420,37,Male,Sales,Sales Manager,Bachelors,38000.0,1,1,No,1,4,23,3,2,No
E0421,36,Male,Technology,Data Analyst,Bachelors,47000.0,1,1,No,1,3,26,3,2,No
E0422,43,Female,HR,HR Executive,Diploma,30000.0,1,1,No,4,4,6,4,2,No
E0423,24,Female,Sales,Sales Manager,Masters,34500.0,1,1,No,4,3,4,4,5,No
E0424,22,Male,HR,HR Executive,Masters,52000.0,0,0,No,1,4,25,3,4,No
E0425,36,Male,Sales,Sales Executive,Bachelors,109000.0,10,6,No,1,3,15,3,2,No
E0426,38,Female,Operations,Supply Chain Analyst,Bachelors,64000.0,5,5,No,1,1,18,3,1,No
E0427,51,Male,Technology,QA Engineer,Bachelors,59000.0,7,7,Yes,4,3,15,3,4,Yes
E0428,39,Male,Technology,Data Analyst,Bachelors,66500.0,0,0,No,3,4,21,3,5,No
E0429,27,Female,HR,HR Executive,Bachelors,28500.0,1,1,No,4,4,19,3,2,Yes
E0430,40,Male,Technology,Data Analyst,Bachelors,80000.0,2,0,No,3,2,9,3,1,No
E0431,27,Female,HR,HR Executive,Masters,63500.0,4,4,No,4,3,17,3,2,Yes
E0432,22,Female,Sales,Sales Manager,Bachelors,49500.0,0,0,Yes,1,3,2,3,1,Yes
E0433,55,Male,Technology,Software Engineer,Bachelors,133500.0,15,7,No,4,3,2,3,0,No
E0434,37,Male,Technology,Data Analyst,Bachelors,70000.0,3,3,No,2,3,7,3,2,No
E0435,40,Male,Operations,Operations Associate,Masters,24500.0,5,5,No,3,3,9,3,2,No
E0436,39,Female,Sales,Sales Manager,Bachelors,27500.0,4,0,Yes,2,4,7,3,2,Yes
E0437,48,Male,Technology,QA Engineer,Bachelors,71000.0,3,1,No,2,3,6,4,0,No
E0438,36,Male,Finance,Accountant,Bachelors,73500.0,5,5,No,4,3,13,4,2,No
E0439,44,Male,Technology,Software Engineer,Bachelors,108500.0,4,3,No,1,3,5,4,1,No
E0440,26,Male,Sales,Sales Executive,Bachelors,38000.0,0,0,No,2,3,13,3,1,No
E0441,23,Female,Technology,DevOps Engineer,Bachelors,69000.0,1,0,No,2,3,5,4,1,No
E0442,45,Male,Sales,Sales Executive,Bachelors,45000.0,0,0,No,2,3,14,3,1,No
E0443,46,Male,Sales,Business Development,Masters,89000.0,14,5,No,4,3,31,3,2,No
E0444,38,Male,Operations,Operations Associate,Bachelors,35500.0,0,0,No,4,1,8,3,3,Yes
E0445,36,Male,Sales,Sales Executive,Diploma,38000.0,6,6,No,4,3,2,3,2,No
E0446,35,Female,Technology,DevOps Engineer,Diploma,92500.0,1,1,Yes,3,3,21,3,0,No
E0447,28,Female,HR,HR Executive,Bachelors,44500.0,1,1,Yes,3,4,3,3,1,Yes
E0448,46,Female,Finance,Accountant,Masters,72000.0,6,3,No,3,1,8,4,3,No
E0449,39,Male,Technology,QA Engineer,Bachelors,54000.0,5,3,No,3,3,29,3,1,No
E0450,38,Male,Operations,Operations Associate,Bachelors,44500.0,6,2,Yes,3,3,8,3,0,Yes
E0451,37,Male,Technology,QA Engineer,Diploma,50500.0,7,4,No,4,4,16,3,5,No
E0452,42,Female,Finance,Financial Analyst,Bachelors,30500.0,1,1,Yes,3,3,13,3,2,No
E0453,38,Male,Operations,Supply Chain Analyst,Masters,41500.0,6,6,Yes,1,2,7,3,1,No
E0454,40,Female,Finance,Accountant,Diploma,57000.0,6,6,No,4,3,19,3,5,No
E0455,25,Male,Finance,Accountant,Masters,61000.0,0,0,No,3,2,22,3,0,Yes
E0456,38,Male,Technology,Software Engineer,Bachelors,114000.0,4,4,Yes,4,3,2,3,0,No
E0457,51,Male,Technology,QA Engineer,Bachelors,67000.0,1,1,No,2,3,25,3,1,No
E0458,30,Male,Technology,Data Analyst,Bachelors,117500.0,2,2,Yes,2,4,8,3,1,No
E0459,33,Female,HR,Recruiter,Diploma,34500.0,2,2,No,3,3,21,3,2,No
E0460,41,Female,Technology,QA Engineer,Masters,97000.0,5,5,Yes,2,3,4,4,5,Yes
E0461,42,Male,Technology,DevOps Engineer,Bachelors,59500.0,8,0,Yes,3,3,3,3,1,No
E0462,39,Female,HR,Recruiter,Diploma,45500.0,4,4,No,3,1,28,3,4,No
E0463,21,Male,Technology,QA Engineer,Bachelors,59500.0,0,0,No,3,2,16,3,1,Yes
E0464,38,Male,Technology,DevOps Engineer,Diploma,63500.0,1,1,Yes,1,2,16,3,1,No
E0465,25,Male,Operations,Operations Associate,Bachelors,46000.0,2,2,No,4,3,28,3,2,No
E0466,27,Male,Technology,DevOps Engineer,Bachelors,39500.0,1,1,No,1,4,13,3,4,No
E0467,38,Male,Operations,Supply Chain Analyst,Diploma,37000.0,0,0,No,3,1,14,3,3,Yes
E0468,32,Male,HR,HR Executive,Diploma,36000.0,5,5,No,3,2,5,3,1,No
E0469,40,Female,Technology,QA Engineer,Bachelors,91500.0,9,4,No,4,2,9,3,1,No
E0470,59,Male,Finance,Accountant,Diploma,91000.0,14,7,Yes,4,4,16,3,1,Yes
E0471,40,Female,Sales,Sales Manager,Bachelors,50000.0,8,1,No,4,4,11,3,4,No
E0472,40,Male,Technology,Data Analyst,Bachelors,70000.0,5,5,No,2,3,1,3,1,No
E0473,27,Female,Operations,Operations Associate,PhD,30000.0,4,4,No,3,2,22,3,1,No
E0474,29,Female,Technology,Software Engineer,Diploma,82000.0,2,1,No,4,4,36,3,1,No
E0475,25,Female,Technology,QA Engineer,Masters,55500.0,1,1,No,4,3,18,3,1,No
E0476,30,Female,Finance,Financial Analyst,Bachelors,64000.0,2,2,Yes,3,3,20,3,5,Yes
E0477,25,Female,Finance,Accountant,Masters,34500.0,0,0,Yes,3,3,13,3,2,Yes
E0478,29,Male,Technology,Software Engineer,Bachelors,104000.0,2,2,No,2,3,10,3,4,No
E0479,32,Female,Technology,QA Engineer,Bachelors,50500.0,1,0,No,3,2,16,3,4,No
E0480,26,Female,Sales,Sales Executive,Diploma,61000.0,1,1,Yes,4,1,10,3,2,Yes
E0481,23,Male,Technology,QA Engineer,Bachelors,59500.0,1,1,No,4,4,10,3,3,No
E0482,23,Male,Technology,QA Engineer,Bachelors,79000.0,1,1,No,4,1,13,3,1,No
E0483,38,Male,Technology,DevOps Engineer,Bachelors,77500.0,6,6,No,3,4,17,4,1,No
E0484,34,Female,Operations,Supply Chain Analyst,Masters,47500.0,2,2,No,1,4,19,3,0,No
E0485,42,Male,Technology,Software Engineer,Bachelors,91000.0,10,4,No,2,3,12,3,0,No
E0486,42,Male,Technology,Data Analyst,Diploma,105000.0,3,3,Yes,3,2,17,3,2,No
E0487,31,Female,Technology,Data Analyst,Diploma,91500.0,4,4,No,4,3,7,4,4,No
E0488,39,Female,Technology,DevOps Engineer,Bachelors,91500.0,4,4,Yes,3,2,16,3,0,Yes
E0489,22,Male,Operations,Supply Chain Analyst,Bachelors,60500.0,1,1,No,4,3,5,3,0,No
E0490,52,Male,Operations,Operations Associate,Diploma,33000.0,3,2,No,3,3,8,3,4,No
E0491,44,Male,Technology,DevOps Engineer,Masters,136000.0,11,3,Yes,4,3,8,3,1,Yes
E0492,32,Male,Sales,Sales Manager,Masters,48000.0,3,3,No,3,3,36,3,1,Yes
E0493,25,Male,Operations,Operations Associate,Bachelors,26500.0,3,3,No,1,3,5,3,4,No
E0494,37,Female,Technology,Software Engineer,Diploma,86500.0,4,4,Yes,3,3,9,3,2,No
E0495,20,Male,Finance,Financial Analyst,Diploma,49000.0,0,0,Yes,3,3,18,3,3,Yes
E0496,28,Male,Sales,Business Development,Masters,76500.0,3,0,Yes,4,2,11,3,4,No
E0497,40,Female,Operations,Supply Chain Analyst,Diploma,35000.0,3,0,No,4,2,19,3,1,Yes
E0498,35,Male,Technology,Software Engineer,Bachelors,66000.0,0,0,No,2,2,8,4,1,No
E0499,30,Male,Technology,QA Engineer,Masters,80500.0,4,4,Yes,2,2,25,3,5,No
E0500,42,Female,Sales,Sales Manager,Diploma,26000.0,2,0,No,3,3,20,3,1,Yes
E0501,26,Female,Technology,QA Engineer,Masters,84000.0,3,3,No,3,2,28,3,2,No
E0502,36,Female,Operations,Supply Chain Analyst,Masters,28000.0,1,1,Yes,3,4,25,4,2,Yes
E0503,30,Male,Operations,Supply Chain Analyst,Bachelors,58000.0,2,0,No,3,1,14,4,1,No
E0504,27,Male,Technology,DevOps Engineer,Bachelors,117500.0,3,2,No,1,4,1,3,1,No
E0505,38,Female,HR,HR Executive,Bachelors,42500.0,3,3,Yes,3,3,15,4,0,No
E0506,26,Male,Technology,DevOps Engineer,Masters,44500.0,2,1,No,1,3,7,3,2,No
E0507,49,Male,Technology,DevOps Engineer,Diploma,101500.0,12,8,No,1,3,19,3,2,No
E0508,29,Female,Technology,DevOps Engineer,PhD,74000.0,2,0,No,4,3,23,3,0,No
E0509,50,Female,Sales,Business Development,Bachelors,56000.0,2,0,No,1,3,10,3,4,No
E0510,25,Female,Technology,Software Engineer,Diploma,64500.0,2,2,Yes,3,4,7,3,1,Yes
E0511,39,Female,Finance,Accountant,Bachelors,40000.0,2,2,No,4,3,12,3,2,No
E0512,24,Male,HR,HR Executive,Bachelors,36500.0,0,0,No,1,4,23,3,0,No
E0513,23,Male,Sales,Business Development,Diploma,33500.0,1,1,Yes,1,3,36,3,1,Yes
E0514,35,Female,HR,HR Executive,Bachelors,76000.0,5,5,No,1,4,12,3,0,No
E0515,39,Female,Operations,Operations Associate,Bachelors,29500.0,0,0,No,4,3,8,3,2,No
E0516,24,Male,Technology,Software Engineer,Masters,56000.0,1,1,Yes,3,3,7,3,1,Yes
E0517,43,Female,Sales,Sales Executive,Masters,56500.0,9,3,No,1,2,14,3,4,Yes
E0518,28,Female,Finance,Financial Analyst,Diploma,38000.0,1,1,No,4,4,5,3,1,Yes
E0519,35,Male,Sales,Sales Executive,Masters,49000.0,8,4,No,3,1,6,3,2,No
E0520,37,Female,Finance,Accountant,Bachelors,64000.0,7,0,No,4,1,12,3,5,No
E0521,39,Male,Technology,Data Analyst,Bachelors,58500.0,1,1,No,1,3,5,3,1,No
E0522,20,Female,Finance,Accountant,Masters,48500.0,0,0,Yes,3,4,7,3,4,Yes
E0523,47,Male,Sales,Sales Executive,Masters,72000.0,5,2,No,4,2,8,3,5,No
E0524,38,Female,Technology,Software Engineer,Masters,91500.0,6,0,Yes,3,1,18,3,0,No
E0525,31,Male,Technology,QA Engineer,Masters,53000.0,5,5,No,3,3,33,3,2,No
E0526,26,Female,Finance,Accountant,Masters,49500.0,2,2,Yes,1,3,8,3,1,No
E0527,20,Male,Sales,Business Development,Masters,52000.0,0,0,No,2,3,13,4,2,Yes
E0528,23,Male,Operations,Operations Associate,Bachelors,30000.0,0,0,No,2,1,46,3,3,Yes
E0529,38,Female,Technology,Data Analyst,Masters,80000.0,5,1,No,3,3,10,3,3,No
E0530,31,Male,Technology,Software Engineer,Bachelors,64500.0,0,0,No,1,3,11,3,1,Yes
E0531,25,Female,Sales,Sales Executive,Bachelors,51000.0,1,0,No,1,2,5,3,2,No
E0532,30,Female,Sales,Business Development,Bachelors,48000.0,5,5,Yes,3,2,1,3,5,No
E0533,47,Male,Technology,Data Analyst,Diploma,75000.0,5,5,No,4,3,19,3,1,No
E0534,31,Male,HR,Recruiter,Masters,39000.0,8,7,No,2,3,6,4,1,No
E0535,29,Male,Finance,Accountant,Diploma,62500.0,2,2,No,3,3,18,4,2,No
E0536,45,Female,Sales,Sales Manager,Masters,51500.0,15,2,No,3,3,14,3,1,No
E0537,38,Female,Sales,Sales Executive,Diploma,77500.0,3,2,No,4,3,4,3,1,No
E0538,34,Female,Technology,DevOps Engineer,Masters,70000.0,2,1,Yes,3,3,10,3,3,Yes
E0539,29,Female,HR,HR Executive,Diploma,37000.0,1,1,Yes,3,2,1,3,5,No
E0540,22,Male,Technology,DevOps Engineer,Bachelors,81500.0,0,0,No,1,2,2,3,1,Yes
E0541,25,Male,Operations,Supply Chain Analyst,PhD,36500.0,1,1,No,1,2,14,3,1,No
E0542,30,Female,Finance,Accountant,Bachelors,55500.0,1,1,No,3,3,3,3,1,No
E0543,32,Male,Finance,Accountant,Masters,61500.0,5,0,Yes,1,2,3,3,2,Yes
E0544,37,Female,HR,Recruiter,Masters,31000.0,0,0,No,2,3,9,3,4,No
E0545,38,Male,HR,Recruiter,Bachelors,31500.0,2,2,Yes,1,2,1,3,5,Yes
E0546,36,Male,Technology,DevOps Engineer,Bachelors,70000.0,8,3,No,4,2,17,3,2,No
E0547,36,Male,Sales,Sales Executive,Bachelors,67500.0,4,3,Yes,2,3,28,3,2,Yes
E0548,26,Female,Technology,QA Engineer,Bachelors,56500.0,1,1,No,3,3,20,3,2,No
E0549,20,Female,Technology,Software Engineer,Masters,58000.0,0,0,No,3,3,10,4,0,Yes
E0550,30,Female,Sales,Sales Manager,Masters,38500.0,1,1,No,3,3,19,3,2,No
E0551,26,Male,Technology,Data Analyst,Bachelors,82500.0,1,1,No,2,3,6,3,3,No
E0552,29,Female,Finance,Financial Analyst,Bachelors,99000.0,2,1,No,2,3,6,3,1,No
E0553,32,Male,Sales,Business Development,Bachelors,37500.0,4,4,No,4,1,14,3,2,No
E0554,24,Male,Sales,Business Development,Masters,53000.0,2,2,No,3,2,18,4,1,Yes
E0555,25,Female,Sales,Business Development,Masters,45000.0,1,1,No,4,3,9,4,4,No
E0556,33,Male,Technology,Data Analyst,Diploma,74000.0,6,6,Yes,3,4,25,3,2,Yes
E0557,35,Male,Operations,Supply Chain Analyst,Bachelors,51500.0,6,3,No,1,3,28,3,2,No
E0558,29,Male,Sales,Sales Executive,Masters,36000.0,6,0,No,1,4,28,3,1,No
E0559,38,Female,Sales,Sales Executive,Bachelors,59500.0,3,3,No,1,2,1,3,3,Yes
E0560,32,Female,Sales,Business Development,Bachelors,50000.0,3,3,Yes,1,1,7,3,1,Yes
E0561,26,Male,Technology,Software Engineer,Masters,52500.0,2,0,Yes,4,4,12,3,1,No
E0562,34,Female,Sales,Sales Manager,Bachelors,48000.0,1,1,Yes,4,2,19,3,2,Yes
E0563,49,Female,Technology,DevOps Engineer,Bachelors,142500.0,18,8,No,3,2,24,3,1,No
E0564,29,Female,Sales,Sales Executive,Bachelors,61000.0,1,1,No,4,3,5,3,1,No
E0565,43,Female,Sales,Business Development,Masters,29000.0,1,1,Yes,1,3,10,4,1,Yes
E0566,45,Female,HR,Recruiter,Diploma,45000.0,7,3,No,2,4,29,3,2,Yes
E0567,46,Female,Sales,Business Development,Masters,37500.0,1,1,Yes,3,2,10,3,2,No
E0568,27,Male,Finance,Accountant,Bachelors,62000.0,0,0,No,3,2,13,4,3,Yes
E0569,50,Female,Technology,Software Engineer,Bachelors,142000.0,12,2,No,1,1,19,3,2,No
E0570,35,Male,Technology,DevOps Engineer,Bachelors,40500.0,2,2,No,4,3,6,3,4,No
E0571,32,Male,Operations,Operations Associate,PhD,43500.0,5,5,Yes,4,3,51,3,4,Yes
E0572,32,Male,Sales,Sales Manager,Bachelors,47000.0,4,4,No,2,3,6,3,0,No
E0573,39,Female,Operations,Operations Associate,Bachelors,55500.0,4,2,Yes,2,2,4,3,1,No
E0574,34,Male,Operations,Operations Associate,Diploma,44000.0,6,6,Yes,3,2,3,3,0,No
E0575,33,Female,Finance,Financial Analyst,Bachelors,46000.0,7,7,No,3,3,15,3,4,No
E0576,44,Female,Sales,Sales Executive,Bachelors,41500.0,1,1,No,3,4,3,3,0,No
E0577,28,Male,Finance,Accountant,Bachelors,41500.0,2,2,Yes,4,2,14,4,1,Yes
E0578,26,Male,Finance,Accountant,Bachelors,43500.0,1,1,No,3,3,15,3,2,Yes
E0579,40,Female,HR,HR Executive,Bachelors,57000.0,12,3,No,1,3,25,3,1,No
E0580,40,Male,Sales,Business Development,Bachelors,45500.0,6,4,No,2,4,28,4,5,No
E0581,43,Female,Operations,Operations Associate,Bachelors,48500.0,6,4,Yes,4,2,17,3,1,No
E0582,25,Male,Operations,Operations Associate,Masters,24000.0,1,1,No,4,2,10,3,0,No
E0583,43,Female,Sales,Business Development,Masters,94500.0,4,4,No,2,3,3,3,1,No
E0584,38,Male,Technology,Data Analyst,Bachelors,119500.0,7,5,No,1,3,26,3,1,No
E0585,48,Female,Sales,Sales Manager,Bachelors,60000.0,4,2,No,4,3,7,3,2,No
E0586,24,Male,Operations,Supply Chain Analyst,Masters,25000.0,0,0,No,2,3,10,3,2,No
E0587,36,Male,Operations,Operations Associate,Bachelors,24000.0,6,1,Yes,2,3,10,3,0,No
E0588,32,Male,Operations,Operations Associate,Bachelors,30500.0,2,2,Yes,3,3,7,3,1,No
E0589,21,Female,Finance,Financial Analyst,Diploma,48500.0,0,0,Yes,1,3,11,3,1,No
E0590,28,Male,Finance,Accountant,Bachelors,59000.0,0,0,No,3,2,32,3,0,No
E0591,43,Female,Finance,Accountant,Bachelors,103000.0,9,5,No,4,3,18,3,0,No
E0592,30,Male,Technology,DevOps Engineer,Bachelors,56000.0,0,0,No,2,2,24,3,1,Yes
E0593,28,Female,Operations,Supply Chain Analyst,Diploma,51000.0,0,0,No,3,3,21,3,1,Yes
E0594,41,Female,Finance,Accountant,Masters,88500.0,5,5,Yes,1,1,35,3,3,No
E0595,42,Female,Technology,DevOps Engineer,Diploma,81000.0,6,4,No,3,1,11,3,5,Yes
E0596,42,Male,Technology,DevOps Engineer,Bachelors,103000.0,3,3,Yes,2,4,9,3,1,No
E0597,28,Male,Sales,Sales Executive,Diploma,46000.0,0,0,No,1,2,31,3,3,Yes
E0598,34,Female,HR,Recruiter,Masters,38000.0,5,5,Yes,2,3,1,3,0,Yes
E0599,42,Female,Finance,Accountant,Bachelors,62500.0,17,3,Yes,3,4,20,3,1,No
E0600,29,Female,Technology,Software Engineer,Bachelors,65500.0,1,1,Yes,1,2,19,3,0,Yes
E0601,28,Female,Operations,Supply Chain Analyst,Diploma,51500.0,2,2,No,3,3,14,3,0,No
E0602,41,Male,HR,Recruiter,Bachelors,31000.0,5,5,Yes,3,3,15,3,1,No
E0603,46,Male,Technology,Data Analyst,Bachelors,42500.0,1,1,Yes,2,3,7,3,2,Yes
E0604,25,Female,Sales,Sales Manager,Bachelors,51000.0,1,1,No,3,3,8,3,3,No
E0605,20,Female,Sales,Sales Executive,Bachelors,19500.0,0,0,No,2,3,29,3,4,Yes
E0606,22,Male,Sales,Business Development,Masters,71000.0,0,0,No,1,4,12,3,4,No
E0607,26,Male,Technology,Data Analyst,Bachelors,59500.0,1,1,No,4,3,27,3,1,No
E0608,33,Female,Technology,Data Analyst,Bachelors,90000.0,3,3,No,4,2,7,3,4,No
E0609,39,Male,Operations,Supply Chain Analyst,Diploma,81000.0,8,3,No,3,3,7,3,2,No
E0610,33,Male,Sales,Sales Manager,Bachelors,33500.0,5,5,No,4,1,3,3,3,No
E0611,28,Male,Operations,Operations Associate,Masters,31000.0,4,3,No,3,2,2,3,3,Yes
E0612,35,Female,Finance,Accountant,Diploma,106500.0,2,2,No,4,4,19,4,1,No
E0613,26,Male,Operations,Supply Chain Analyst,Masters,36000.0,2,2,Yes,3,1,2,4,5,No
E0614,34,Female,Technology,Data Analyst,Masters,75000.0,5,1,No,4,3,15,3,1,No
E0615,29,Male,Sales,Sales Manager,Bachelors,50000.0,3,2,No,3,1,23,3,0,Yes
E0616,55,Female,HR,HR Executive,Masters,55500.0,2,2,No,3,4,16,3,2,No
E0617,41,Male,Sales,Sales Executive,Bachelors,81000.0,8,4,No,3,1,7,3,2,No
E0618,27,Male,Sales,Business Development,Masters,47000.0,2,2,No,4,3,22,3,2,No
E0619,26,Male,HR,Recruiter,Masters,38500.0,3,2,No,1,3,18,3,2,Yes
E0620,30,Male,Finance,Financial Analyst,Bachelors,57500.0,3,2,No,4,4,6,3,5,No
E0621,21,Female,Sales,Business Development,Bachelors,46000.0,0,0,No,4,1,7,4,2,No
E0622,28,Female,Sales,Sales Manager,Masters,66000.0,2,1,Yes,4,1,19,3,3,Yes
E0623,28,Female,Operations,Operations Associate,Bachelors,40500.0,2,2,No,3,4,37,3,3,No
E0624,41,Female,Sales,Business Development,Masters,76500.0,2,2,No,3,2,11,3,2,No
E0625,31,Male,Finance,Financial Analyst,Masters,49000.0,5,0,No,3,3,12,4,2,No
E0626,28,Female,Sales,Sales Manager,Bachelors,49000.0,0,0,Yes,3,4,20,3,4,Yes
E0627,23,Male,Operations,Operations Associate,Bachelors,59500.0,0,0,No,1,3,8,3,1,No
E0628,25,Female,Sales,Sales Executive,Masters,63000.0,1,1,No,4,2,18,3,3,No
E0629,33,Female,Technology,Data Analyst,Bachelors,71500.0,0,0,No,2,4,4,3,1,No
E0630,32,Male,Sales,Sales Manager,Masters,42000.0,7,7,No,3,4,5,4,2,No
E0631,43,Male,Technology,QA Engineer,Bachelors,68000.0,7,2,Yes,2,4,8,3,5,Yes
E0632,29,Male,Operations,Supply Chain Analyst,Diploma,36000.0,1,1,No,4,3,4,3,1,No
E0633,42,Female,Sales,Sales Executive,Bachelors,57000.0,6,3,No,4,3,18,4,3,No
E0634,36,Female,Sales,Sales Manager,PhD,42000.0,2,2,No,4,2,16,3,1,Yes
E0635,34,Male,HR,HR Executive,Masters,31000.0,6,6,No,4,3,22,3,1,No
E0636,20,Female,Finance,Financial Analyst,Bachelors,42000.0,0,0,No,4,3,28,3,1,Yes
E0637,24,Male,Technology,DevOps Engineer,Masters,78500.0,1,1,No,3,3,14,3,4,No
E0638,40,Male,Finance,Financial Analyst,Bachelors,66000.0,0,0,No,1,3,16,3,5,No
E0639,45,Female,Technology,QA Engineer,Bachelors,50500.0,4,4,No,1,2,21,3,3,Yes
E0640,36,Female,Operations,Operations Associate,Bachelors,44000.0,9,2,No,4,4,22,3,1,No
E0641,40,Male,Technology,Software Engineer,Bachelors,42000.0,1,1,No,2,3,7,3,5,Yes
E0642,31,Male,HR,Recruiter,Bachelors,35000.0,2,2,No,4,4,2,3,2,Yes
E0643,31,Male,Finance,Accountant,Bachelors,172000.0,5,5,No,3,3,1,4,2,No
E0644,29,Female,HR,HR Executive,Masters,48000.0,6,4,No,4,3,2,4,4,No
E0645,42,Female,Technology,Software Engineer,Masters,68500.0,4,1,Yes,2,2,9,3,0,No
E0646,37,Female,HR,Recruiter,Diploma,40000.0,6,1,No,1,3,2,3,3,No
E0647,32,Male,Finance,Financial Analyst,Bachelors,38000.0,1,1,No,4,3,8,3,1,Yes
E0648,31,Female,Technology,DevOps Engineer,Diploma,41000.0,2,1,No,2,4,11,4,3,No
E0649,38,Male,Sales,Sales Executive,Masters,45000.0,2,2,No,3,3,13,3,1,Yes
E0650,37,Male,Operations,Supply Chain Analyst,Bachelors,45000.0,9,2,No,4,4,15,3,1,No
E0651,27,Female,Finance,Accountant,Bachelors,92000.0,4,3,Yes,2,1,17,3,2,Yes
E0652,48,Male,Sales,Business Development,PhD,32500.0,6,6,No,4,4,7,3,2,No
E0653,36,Female,HR,Recruiter,Masters,45000.0,1,1,Yes,1,3,10,3,1,No
E0654,34,Male,Sales,Business Development,Masters,61500.0,0,0,Yes,4,3,17,3,1,Yes
E0655,46,Female,Technology,Software Engineer,Masters,46000.0,6,5,No,4,3,12,4,5,Yes
E0656,42,Female,Operations,Supply Chain Analyst,Diploma,47000.0,2,2,Yes,3,4,28,4,1,Yes
E0657,33,Female,Technology,Data Analyst,Masters,41000.0,0,0,No,2,3,26,4,3,No
E0658,38,Female,Technology,Data Analyst,Bachelors,111500.0,12,3,Yes,1,4,18,3,1,Yes
E0659,25,Female,Technology,DevOps Engineer,Bachelors,103000.0,1,1,Yes,4,3,12,3,5,No
E0660,29,Male,Sales,Sales Manager,Masters,43500.0,1,1,No,4,3,11,3,5,No
E0661,20,Male,Sales,Sales Executive,Bachelors,45500.0,0,0,No,4,4,11,3,3,Yes
E0662,44,Male,Sales,Sales Executive,Diploma,53500.0,14,4,No,4,3,1,3,2,No
E0663,20,Female,Sales,Sales Manager,PhD,45500.0,0,0,No,3,3,7,3,2,No
E0664,39,Male,Sales,Sales Executive,Masters,58000.0,0,0,Yes,4,4,32,3,1,Yes
E0665,27,Female,Technology,QA Engineer,Masters,64000.0,1,1,No,4,2,11,4,2,No
E0666,26,Male,Sales,Sales Manager,Bachelors,43500.0,2,2,Yes,3,2,15,4,4,No
E0667,32,Female,HR,Recruiter,Diploma,44000.0,1,1,Yes,4,3,24,3,3,Yes
E0668,36,Male,Operations,Supply Chain Analyst,Bachelors,60000.0,8,8,Yes,2,3,34,3,1,Yes
E0669,39,Male,Sales,Sales Executive,Masters,28500.0,2,2,No,4,2,15,3,1,No
E0670,48,Female,Technology,DevOps Engineer,Bachelors,100500.0,13,4,Yes,3,2,6,3,1,No
E0671,37,Female,Technology,DevOps Engineer,Diploma,75000.0,10,5,Yes,3,1,48,4,0,No
E0672,41,Male,Sales,Sales Executive,Bachelors,54000.0,3,2,No,3,4,3,4,2,No
E0673,29,Female,Sales,Business Development,PhD,65500.0,4,4,No,4,2,17,3,3,No
E0674,40,Female,Operations,Supply Chain Analyst,Masters,41000.0,1,1,Yes,2,1,25,4,0,Yes
E0675,35,Male,Technology,Data Analyst,Bachelors,116500.0,6,6,No,4,3,11,3,3,No
E0676,30,Female,Operations,Operations Associate,Bachelors,31500.0,4,0,No,4,2,17,3,1,No
E0677,33,Male,Sales,Sales Manager,Bachelors,42000.0,3,3,No,3,2,9,3,2,No
E0678,34,Female,Technology,Data Analyst,Masters,64500.0,8,6,No,3,3,18,3,2,No
E0679,36,Female,Operations,Operations Associate,Diploma,48500.0,8,2,No,4,3,15,3,4,No
E0680,37,Male,Operations,Supply Chain Analyst,Bachelors,41250.0,1,1,No,2,3,11,3,5,No
E0681,30,Female,Sales,Sales Manager,Bachelors,41500.0,1,0,Yes,4,3,16,3,2,Yes
E0682,28,Male,Technology,DevOps Engineer,Bachelors,51500.0,3,3,No,4,2,6,3,1,No
E0683,40,Female,Technology,QA Engineer,Bachelors,74000.0,4,3,No,3,3,35,3,3,No
E0684,20,Male,HR,Recruiter,Bachelors,33500.0,0,0,No,2,4,22,4,3,No
E0685,29,Male,Sales,Business Development,Masters,60000.0,5,5,Yes,2,3,12,3,1,No
E0686,46,Female,Sales,Sales Executive,Masters,49000.0,4,2,Yes,2,3,8,3,4,No
E0687,20,Male,Operations,Operations Associate,Masters,50000.0,0,0,Yes,4,3,11,4,1,No
E0688,28,Male,Technology,Data Analyst,Bachelors,78000.0,3,3,No,2,2,6,3,0,No
E0689,40,Male,Technology,DevOps Engineer,Diploma,56500.0,12,1,Yes,2,3,13,3,1,Yes
E0690,21,Male,Operations,Supply Chain Analyst,Bachelors,34500.0,0,0,Yes,3,1,10,3,2,No
E0691,55,Male,Technology,QA Engineer,Bachelors,60500.0,10,2,No,2,2,5,3,5,No
E0692,20,Male,Sales,Sales Manager,Masters,55500.0,0,0,Yes,2,3,6,3,1,No
E0693,45,Female,Technology,Software Engineer,Diploma,81500.0,16,4,No,4,4,6,3,1,No
E0694,46,Female,Sales,Business Development,Bachelors,60000.0,11,1,No,4,4,16,3,3,No
E0695,41,Male,Sales,Sales Manager,Diploma,72500.0,13,0,No,4,3,16,3,5,No
E0696,32,Female,Technology,DevOps Engineer,Masters,50000.0,4,3,Yes,4,3,24,3,0,No
E0697,37,Female,Operations,Operations Associate,Masters,24000.0,7,5,No,3,1,2,3,3,No
E0698,27,Male,Technology,Data Analyst,Bachelors,60000.0,2,2,No,2,3,13,3,2,No
E0699,40,Male,Finance,Financial Analyst,Masters,52000.0,2,0,Yes,4,3,14,3,2,No
E0700,25,Male,Technology,DevOps Engineer,Masters,42000.0,0,0,Yes,3,4,10,3,1,No
E0701,32,Female,Technology,Software Engineer,Bachelors,88000.0,8,5,No,2,3,6,3,1,No
E0702,42,Male,HR,HR Executive,Diploma,55000.0,8,4,Yes,2,1,10,3,4,Yes
E0703,25,Male,Technology,Data Analyst,Masters,81500.0,1,1,No,4,3,20,3,0,No
E0704,31,Male,Operations,Supply Chain Analyst,Bachelors,65000.0,4,1,Yes,3,2,27,3,3,No
E0705,35,Male,Technology,DevOps Engineer,Diploma,85500.0,1,1,Yes,4,4,30,4,1,No
E0706,23,Female,Sales,Sales Manager,Bachelors,38000.0,0,0,No,2,1,11,4,2,No
E0707,43,Male,Technology,QA Engineer,Diploma,72500.0,2,2,No,1,3,29,3,5,Yes
E0708,37,Male,Technology,Data Analyst,Bachelors,80500.0,1,1,Yes,1,2,20,3,3,Yes
E0709,22,Male,Sales,Sales Executive,Bachelors,32500.0,1,1,No,1,3,11,4,3,Yes
E0710,34,Male,Finance,Financial Analyst,Masters,76000.0,0,0,No,2,1,7,3,2,No
E0711,28,Female,Operations,Operations Associate,Bachelors,50500.0,2,2,Yes,4,4,12,3,2,No
E0712,29,Male,Sales,Sales Manager,Bachelors,45500.0,4,4,Yes,3,3,30,3,1,No
E0713,35,Female,Technology,QA Engineer,Masters,65000.0,5,5,No,3,4,4,3,1,No
E0714,28,Female,HR,Recruiter,Diploma,117500.0,1,1,Yes,1,3,21,3,4,No
E0715,42,Male,Technology,DevOps Engineer,Masters,99500.0,5,2,Yes,4,3,29,3,2,No
E0716,28,Male,Sales,Sales Executive,Bachelors,61500.0,3,3,No,3,3,25,3,3,No
E0717,42,Male,Technology,Data Analyst,Masters,135000.0,6,3,No,2,1,8,3,2,No
E0718,34,Male,Technology,DevOps Engineer,Masters,86000.0,0,0,No,3,3,12,3,2,No
E0719,41,Male,Finance,Accountant,Bachelors,57500.0,1,1,No,4,3,15,3,3,Yes
E0720,30,Male,Technology,DevOps Engineer,Bachelors,86000.0,2,2,Yes,4,3,13,3,1,Yes
E0721,30,Female,Sales,Sales Executive,Bachelors,41500.0,7,7,Yes,4,3,14,3,4,No
E0722,25,Male,Operations,Operations Associate,Bachelors,48000.0,2,0,Yes,3,1,7,3,2,Yes
E0723,39,Female,Operations,Operations Associate,Bachelors,35000.0,13,4,No,3,3,19,3,1,No
E0724,42,Female,Sales,Business Development,Bachelors,78000.0,16,6,Yes,3,4,17,3,3,Yes
E0725,51,Female,Sales,Sales Manager,Bachelors,53500.0,2,0,Yes,1,3,34,3,4,No
E0726,44,Female,Sales,Sales Manager,Bachelors,34500.0,7,2,No,2,3,12,3,1,No
E0727,36,Female,Operations,Operations Associate,Masters,80000.0,7,6,Yes,4,2,19,3,1,Yes
E0728,32,Female,Operations,Operations Associate,Bachelors,30000.0,4,1,No,3,2,12,3,2,No
E0729,37,Female,Sales,Business Development,Bachelors,61500.0,2,2,No,3,3,5,3,1,No
E0730,34,Female,Technology,DevOps Engineer,PhD,65000.0,4,0,No,4,3,24,3,3,No
E0731,46,Male,Sales,Sales Executive,Masters,70000.0,13,7,Yes,4,4,12,4,3,No
E0732,42,Male,Technology,Data Analyst,Masters,73500.0,9,2,No,2,3,21,3,2,No
E0733,27,Female,Operations,Supply Chain Analyst,Masters,76500.0,1,1,No,2,2,11,3,0,No
E0734,28,Female,Sales,Business Development,Masters,59000.0,1,1,No,4,2,2,3,1,No
E0735,45,Female,Sales,Sales Executive,Bachelors,82000.0,4,4,No,2,3,7,3,3,No
E0736,36,Male,Technology,DevOps Engineer,Masters,88000.0,2,1,No,4,3,26,4,2,Yes
E0737,32,Female,Technology,QA Engineer,Bachelors,105000.0,8,0,Yes,3,3,13,3,2,No
E0738,43,Male,HR,Recruiter,Bachelors,49500.0,6,3,No,3,3,10,3,3,No
E0739,31,Male,Technology,Data Analyst,Bachelors,73000.0,5,5,No,2,3,7,3,5,No
E0740,32,Female,Sales,Sales Executive,Diploma,50000.0,0,0,No,4,3,9,3,2,No
E0741,30,Female,Technology,DevOps Engineer,Bachelors,71000.0,1,1,No,4,3,2,4,1,No
E0742,20,Male,Operations,Supply Chain Analyst,Diploma,34500.0,0,0,No,3,3,12,3,3,No
E0743,41,Male,HR,Recruiter,PhD,31000.0,5,0,No,2,2,4,3,1,Yes
E0744,24,Male,Sales,Business Development,Diploma,38500.0,0,0,Yes,3,2,21,4,1,No
E0745,29,Female,Operations,Operations Associate,Bachelors,46500.0,2,2,No,1,4,17,3,3,No
E0746,28,Male,Technology,DevOps Engineer,Masters,59500.0,1,1,Yes,2,3,4,3,1,Yes
E0747,40,Female,HR,HR Executive,Masters,42000.0,0,0,No,2,3,7,3,3,No
E0748,33,Male,Sales,Sales Executive,Bachelors,42000.0,1,1,Yes,2,3,12,3,1,Yes
E0749,34,Male,Operations,Operations Associate,Masters,32500.0,5,2,Yes,3,2,32,3,2,Yes
E0750,21,Female,Sales,Business Development,Diploma,32500.0,0,0,No,1,3,6,4,1,No
E0751,33,Female,Technology,Data Analyst,Bachelors,59000.0,3,3,No,1,4,10,4,1,No
E0752,22,Female,Finance,Financial Analyst,Bachelors,48000.0,0,0,No,1,3,3,3,1,No
E0753,36,Female,Technology,Data Analyst,Masters,70500.0,4,4,No,4,4,9,3,2,No
E0754,37,Female,Sales,Sales Manager,Diploma,58500.0,0,0,No,1,2,11,4,1,Yes
E0755,34,Female,Sales,Sales Executive,Bachelors,31000.0,0,0,No,4,4,19,3,3,Yes
E0756,50,Male,Technology,Data Analyst,Diploma,40500.0,3,0,Yes,4,2,7,3,2,Yes
E0757,38,Male,Sales,Business Development,Bachelors,74000.0,11,5,No,3,3,4,4,1,No
E0758,39,Female,Sales,Sales Manager,Masters,46000.0,6,3,No,4,4,20,3,4,No
E0759,35,Male,Sales,Sales Manager,Bachelors,44000.0,2,2,Yes,1,3,22,3,1,No
E0760,32,Male,Technology,Software Engineer,Diploma,147000.0,2,1,No,4,2,12,3,5,No
E0761,42,Male,Technology,QA Engineer,Bachelors,119500.0,5,5,No,3,4,12,3,2,No
E0762,43,Male,Technology,Software Engineer,Bachelors,81500.0,1,1,Yes,3,2,14,3,3,No
E0763,24,Male,Technology,Data Analyst,Bachelors,86000.0,0,0,No,4,3,5,3,5,No
E0764,42,Male,Sales,Sales Executive,Masters,47500.0,2,2,No,2,3,8,3,2,No
E0765,38,Male,Technology,Data Analyst,Masters,100000.0,4,4,No,2,3,13,4,3,No
E0766,42,Male,HR,HR Executive,Bachelors,50000.0,14,8,No,3,3,11,3,0,No
E0767,38,Male,Sales,Sales Manager,Masters,43000.0,6,3,No,2,4,9,3,3,No
E0768,24,Female,Technology,DevOps Engineer,Bachelors,59500.0,1,1,Yes,4,4,15,4,0,Yes
E0769,25,Male,HR,Recruiter,Bachelors,60500.0,0,0,No,2,3,5,3,1,No
E0770,49,Male,Technology,Data Analyst,Diploma,119000.0,4,4,No,3,4,19,3,3,No
E0771,36,Male,Operations,Supply Chain Analyst,Bachelors,31500.0,1,1,No,4,1,15,3,3,No
E0772,23,Female,Operations,Supply Chain Analyst,Bachelors,52500.0,1,0,No,4,3,5,3,1,No
E0773,37,Male,Technology,QA Engineer,Bachelors,70000.0,3,3,Yes,4,3,18,3,0,No
E0774,31,Female,HR,HR Executive,Bachelors,54500.0,1,0,Yes,4,3,14,3,1,No
E0775,20,Male,Sales,Business Development,Masters,52500.0,0,0,Yes,3,4,9,3,3,No
E0776,20,Male,Sales,Sales Manager,Bachelors,55500.0,0,0,Yes,3,4,32,3,1,No
E0777,21,Female,Technology,Software Engineer,Masters,63500.0,0,0,Yes,3,3,11,4,1,No
E0778,36,Female,Finance,Financial Analyst,Bachelors,50000.0,1,1,No,2,4,34,3,0,No
E0779,34,Female,Operations,Supply Chain Analyst,Diploma,37500.0,1,1,No,3,3,6,3,2,No
E0780,32,Male,Sales,Sales Manager,Bachelors,48000.0,2,2,Yes,3,3,3,4,3,No
E0781,36,Female,Finance,Financial Analyst,Bachelors,48000.0,2,2,No,2,2,19,3,5,Yes
E0782,39,Male,Technology,QA Engineer,Masters,60000.0,9,8,Yes,1,4,8,3,5,Yes
E0783,20,Male,Sales,Business Development,Bachelors,69000.0,0,0,Yes,1,3,4,3,1,Yes
E0784,32,Female,Operations,Operations Associate,Bachelors,37500.0,4,4,No,3,4,20,3,0,No
E0785,27,Male,Finance,Financial Analyst,Masters,33500.0,2,2,No,3,2,30,4,1,Yes
E0786,24,Female,Sales,Sales Manager,Bachelors,23000.0,1,1,No,4,2,12,3,1,No
E0787,30,Male,Operations,Operations Associate,Diploma,17000.0,1,1,Yes,2,2,18,3,0,Yes
E0788,33,Female,Sales,Business Development,Bachelors,44000.0,6,6,No,1,2,15,3,3,Yes
E0789,32,Male,Sales,Business Development,Masters,62500.0,0,0,No,2,2,28,4,1,No
E0790,22,Male,Technology,Data Analyst,Bachelors,41000.0,0,0,No,3,3,29,3,3,No
E0791,30,Female,Operations,Operations Associate,PhD,34500.0,1,0,No,3,3,15,3,1,No
E0792,50,Female,Sales,Sales Manager,Diploma,37000.0,12,8,No,2,3,15,4,1,No
E0793,26,Female,Operations,Operations Associate,Masters,56000.0,3,1,Yes,4,2,19,3,1,No
E0794,21,Female,Finance,Financial Analyst,Bachelors,58500.0,0,0,Yes,2,3,8,3,2,Yes
E0795,36,Female,Sales,Business Development,Bachelors,63500.0,9,1,No,2,3,21,3,1,No
E0796,39,Female,Technology,Software Engineer,Masters,139500.0,11,6,Yes,2,1,16,4,3,Yes
E0797,38,Female,Technology,Data Analyst,Bachelors,114000.0,2,2,No,4,2,17,3,1,No
E0798,25,Male,Technology,DevOps Engineer,Masters,88500.0,0,0,No,3,2,16,3,3,No
E0799,42,Female,HR,HR Executive,Diploma,32500.0,0,0,No,3,2,9,3,1,No
E0800,28,Female,Finance,Accountant,Bachelors,39000.0,2,2,Yes,1,3,2,4,3,Yes
E0801,25,Female,Operations,Supply Chain Analyst,Bachelors,27000.0,0,0,No,3,4,20,3,2,No
E0802,29,Male,Sales,Sales Executive,Diploma,25500.0,0,0,No,4,3,13,3,5,No
E0803,33,Male,Operations,Operations Associate,Diploma,63500.0,1,1,No,4,4,18,3,2,No
E0804,40,Male,Technology,DevOps Engineer,Bachelors,89500.0,11,7,Yes,4,3,12,3,1,No
E0805,39,Female,HR,HR Executive,Bachelors,44500.0,3,3,No,2,4,3,3,2,No
E0806,34,Male,Operations,Supply Chain Analyst,Masters,40000.0,1,1,Yes,1,4,10,3,1,No
E0807,41,Male,Operations,Operations Associate,Diploma,86000.0,8,2,No,2,4,4,3,2,No
E0808,35,Male,Sales,Sales Manager,PhD,40500.0,3,3,No,1,2,18,3,1,Yes
E0809,41,Female,Technology,Data Analyst,Bachelors,74750.0,4,2,No,4,3,28,3,5,Yes
E0810,23,Female,Operations,Supply Chain Analyst,Bachelors,39500.0,0,0,Yes,2,3,39,4,4,No
E0811,21,Female,Operations,Operations Associate,Masters,35000.0,0,0,No,4,3,7,3,1,No
E0812,40,Male,Technology,Software Engineer,Diploma,59000.0,14,5,No,2,2,18,3,1,No
E0813,23,Female,Operations,Supply Chain Analyst,Bachelors,49500.0,1,1,No,1,2,11,3,2,No
E0814,32,Male,Technology,QA Engineer,Bachelors,61500.0,4,1,No,2,3,1,3,2,No
E0815,33,Male,Technology,Software Engineer,Bachelors,60000.0,1,1,No,3,2,23,3,1,Yes
E0816,30,Male,HR,Recruiter,Masters,41000.0,0,0,Yes,4,3,13,3,4,No
E0817,30,Female,Technology,QA Engineer,Bachelors,75500.0,3,3,No,3,3,3,3,0,No
E0818,45,Male,Technology,DevOps Engineer,Masters,94500.0,1,1,No,4,3,20,3,2,No
E0819,20,Female,Technology,QA Engineer,Masters,54000.0,0,0,No,3,3,27,3,1,No
E0820,41,Male,Technology,QA Engineer,Masters,71500.0,1,1,Yes,4,2,11,4,5,No
E0821,52,Female,Sales,Sales Executive,Masters,66500.0,11,6,No,4,4,5,3,3,No
E0822,34,Male,Sales,Sales Manager,Bachelors,43000.0,0,0,No,4,3,12,3,4,No
E0823,34,Male,HR,HR Executive,Masters,61500.0,8,7,Yes,4,3,22,3,3,No
E0824,40,Male,Technology,Data Analyst,Bachelors,76000.0,6,4,No,3,3,8,3,1,No
E0825,49,Male,Finance,Accountant,Masters,92500.0,6,0,No,4,3,21,3,1,No
E0826,24,Male,Operations,Supply Chain Analyst,Bachelors,31000.0,1,1,Yes,4,3,17,3,1,No
E0827,35,Female,Sales,Sales Executive,Bachelors,37000.0,8,6,No,3,3,16,3,0,No
E0828,33,Female,Sales,Sales Manager,Diploma,52000.0,6,4,Yes,1,2,8,3,4,No
E0829,38,Male,Sales,Sales Executive,Diploma,69500.0,4,2,No,3,4,5,3,4,No
E0830,35,Male,Technology,DevOps Engineer,Diploma,63500.0,3,3,No,4,3,6,4,3,No
E0831,39,Female,HR,Recruiter,Masters,36000.0,3,0,Yes,3,3,1,3,0,No
E0832,31,Female,Technology,DevOps Engineer,Masters,71500.0,5,5,No,3,3,24,3,5,No
E0833,34,Female,Technology,Software Engineer,Diploma,77500.0,3,3,No,4,4,27,3,4,No
E0834,29,Male,Finance,Financial Analyst,Bachelors,54000.0,2,2,Yes,3,3,7,3,1,No
E0835,29,Female,Sales,Business Development,Bachelors,57500.0,6,1,No,3,2,10,3,1,Yes
E0836,33,Female,Sales,Business Development,Diploma,29000.0,3,3,Yes,3,1,30,3,2,No
E0837,33,Female,Finance,Financial Analyst,Masters,94000.0,4,4,No,3,3,15,3,1,No
E0838,25,Male,HR,HR Executive,Bachelors,45500.0,0,0,No,3,2,10,3,1,No
E0839,47,Male,Technology,Software Engineer,Bachelors,59500.0,4,4,No,2,3,11,4,3,No
E0840,33,Male,Finance,Financial Analyst,PhD,78000.0,0,0,Yes,3,1,25,3,3,No
E0841,23,Male,Sales,Sales Executive,Bachelors,50500.0,1,1,Yes,3,3,20,3,1,Yes
E0842,43,Male,Technology,Data Analyst,Bachelors,120500.0,5,5,Yes,3,3,23,3,1,No
E0843,28,Male,Technology,Data Analyst,Diploma,48500.0,1,1,No,3,3,34,3,4,No
E0844,38,Female,Sales,Business Development,Masters,77000.0,3,3,No,1,4,30,4,1,Yes
E0845,34,Male,Technology,QA Engineer,Diploma,96000.0,11,6,Yes,3,3,5,3,0,No
E0846,36,Male,Finance,Accountant,Diploma,37000.0,7,2,No,4,3,6,4,3,No
E0847,35,Female,Technology,DevOps Engineer,Diploma,101500.0,6,6,No,3,3,10,3,5,No
E0848,29,Male,Sales,Sales Manager,Bachelors,42000.0,2,2,No,1,1,14,3,2,Yes
E0849,34,Male,Finance,Financial Analyst,Bachelors,45500.0,4,1,No,3,3,18,3,0,No
E0850,50,Male,Sales,Business Development,Masters,57500.0,11,5,No,2,4,28,3,0,No
E0851,20,Female,Operations,Operations Associate,Bachelors,21000.0,0,0,No,3,3,11,3,1,No
E0852,35,Female,Sales,Sales Executive,Bachelors,52500.0,1,1,No,2,2,18,3,5,No
E0853,37,Male,Sales,Sales Manager,Masters,43000.0,2,2,No,4,4,24,3,1,No
E0854,26,Male,Sales,Sales Executive,Diploma,45500.0,4,4,No,4,4,21,4,4,No
E0855,23,Male,Operations,Operations Associate,Masters,55000.0,0,0,Yes,3,3,1,3,4,No
E0856,51,Male,Technology,Data Analyst,Bachelors,77000.0,4,3,No,2,1,6,3,1,No
E0857,31,Male,Finance,Financial Analyst,Bachelors,45000.0,1,1,No,1,3,6,3,3,No
E0858,51,Male,Operations,Supply Chain Analyst,Diploma,29000.0,1,0,Yes,4,3,33,3,2,Yes
E0859,38,Male,Operations,Supply Chain Analyst,Masters,40000.0,3,3,No,2,2,16,3,2,Yes
E0860,35,Male,Sales,Sales Executive,Bachelors,71500.0,6,0,No,4,3,22,3,1,No
E0861,38,Male,Technology,DevOps Engineer,Diploma,69000.0,6,2,Yes,4,2,16,3,3,No
E0862,39,Male,Finance,Financial Analyst,Bachelors,42000.0,2,1,No,2,3,15,4,3,No
E0863,43,Male,Finance,Accountant,Bachelors,74000.0,2,0,Yes,4,2,3,3,1,No
E0864,37,Male,Technology,Software Engineer,Bachelors,80500.0,5,4,No,4,4,5,3,1,No
E0865,35,Male,Technology,Software Engineer,Masters,83500.0,7,6,No,1,2,15,3,1,Yes
E0866,35,Female,Sales,Sales Executive,Masters,84000.0,2,2,No,3,1,60,3,0,No
E0867,45,Male,Sales,Business Development,Masters,38500.0,7,6,No,2,4,9,3,1,Yes
E0868,41,Female,Technology,QA Engineer,Diploma,97500.0,10,6,Yes,3,2,14,3,2,No
E0869,26,Male,Sales,Sales Executive,PhD,26500.0,1,1,No,4,1,5,3,2,Yes
E0870,29,Female,Sales,Sales Manager,Diploma,43500.0,3,2,No,2,4,8,3,2,No
E0871,37,Male,Technology,QA Engineer,Bachelors,90500.0,4,0,Yes,1,3,6,3,1,Yes
E0872,29,Male,Sales,Business Development,Masters,66000.0,3,3,No,3,3,39,3,2,Yes
E0873,31,Female,Sales,Sales Executive,Bachelors,36500.0,6,1,Yes,2,2,5,3,0,Yes
E0874,26,Male,Operations,Supply Chain Analyst,Bachelors,52000.0,3,3,Yes,4,4,14,3,1,No
E0875,32,Male,Technology,QA Engineer,Bachelors,82500.0,0,0,No,2,4,9,3,1,No
E0876,37,Male,Sales,Sales Executive,Bachelors,49000.0,5,5,Yes,3,2,60,4,1,Yes
E0877,42,Female,Finance,Accountant,Masters,124000.0,4,4,No,1,2,13,3,3,No
E0878,34,Female,Sales,Business Development,Bachelors,46000.0,2,2,Yes,2,2,23,4,2,Yes
E0879,51,Male,Sales,Business Development,Diploma,43500.0,8,4,Yes,4,3,37,3,3,No
E0880,33,Male,Operations,Supply Chain Analyst,Bachelors,54500.0,8,5,No,4,3,21,3,3,No
E0881,60,Male,Operations,Operations Associate,Bachelors,30500.0,11,4,Yes,3,4,9,4,1,No
E0882,42,Male,Finance,Accountant,Masters,112000.0,9,6,Yes,3,3,13,3,1,No
E0883,38,Male,Sales,Sales Manager,Masters,74500.0,8,6,No,1,3,8,4,0,No
E0884,30,Female,Technology,DevOps Engineer,Masters,68000.0,4,0,No,3,3,12,4,2,No
E0885,20,Female,Sales,Sales Executive,PhD,50500.0,0,0,No,3,2,22,4,4,Yes
E0886,33,Male,Sales,Business Development,Bachelors,63500.0,7,5,Yes,2,1,7,3,4,Yes
E0887,35,Male,Sales,Sales Executive,Bachelors,86000.0,4,4,No,4,3,16,3,3,No
E0888,49,Male,Sales,Sales Manager,Bachelors,41500.0,4,0,No,1,2,38,3,2,No
E0889,23,Female,Finance,Accountant,Bachelors,37500.0,1,1,Yes,3,4,17,3,4,Yes
E0890,49,Male,Sales,Business Development,Bachelors,26500.0,3,3,No,1,3,26,3,1,No
E0891,32,Male,Sales,Sales Executive,Bachelors,48500.0,6,0,No,4,3,23,3,1,No
E0892,40,Female,Operations,Operations Associate,Masters,28500.0,6,5,No,3,4,5,3,5,Yes
E0893,20,Male,Technology,QA Engineer,Masters,62500.0,0,0,No,4,2,1,3,3,No
E0894,35,Female,Technology,Software Engineer,Bachelors,92000.0,6,3,Yes,3,4,10,3,5,No
E0895,31,Male,Sales,Business Development,Bachelors,52500.0,3,3,No,4,4,22,4,3,No
E0896,39,Female,HR,Recruiter,Bachelors,35000.0,5,1,Yes,3,2,6,3,0,No
E0897,35,Male,Finance,Financial Analyst,Masters,83000.0,3,3,Yes,1,2,16,3,2,No
E0898,25,Female,Technology,Data Analyst,Bachelors,62000.0,0,0,No,2,1,16,4,1,No
E0899,42,Male,Finance,Financial Analyst,Masters,63000.0,3,3,No,3,3,13,3,1,No
E0900,40,Female,Sales,Sales Manager,Bachelors,62500.0,3,1,No,4,2,12,3,3,No
E0901,39,Female,Sales,Sales Manager,Masters,31500.0,2,2,Yes,1,4,4,3,4,Yes
E0902,42,Male,Technology,Data Analyst,PhD,50500.0,0,0,No,3,2,19,3,3,No
E0903,43,Male,Operations,Operations Associate,Masters,78000.0,1,1,Yes,4,2,11,3,4,Yes
E0904,34,Male,Operations,Operations Associate,Bachelors,35000.0,0,0,Yes,2,4,4,3,1,No
E0905,23,Male,Finance,Accountant,Masters,39000.0,0,0,No,2,3,2,3,1,No
E0906,23,Male,Technology,DevOps Engineer,Bachelors,63500.0,1,0,No,2,3,19,4,2,No
E0907,45,Female,Sales,Sales Executive,Masters,49000.0,9,7,No,4,3,15,3,0,No
E0908,40,Male,Operations,Supply Chain Analyst,Masters,28500.0,3,3,No,2,3,33,3,2,No
E0909,35,Male,Sales,Business Development,Bachelors,42500.0,3,3,No,4,2,3,3,0,No
E0910,31,Male,Sales,Sales Executive,Bachelors,52500.0,6,6,No,4,3,13,3,1,No
E0911,34,Female,Finance,Accountant,Bachelors,63000.0,5,5,No,3,2,7,3,1,No
E0912,34,Male,Operations,Operations Associate,Bachelors,47500.0,3,3,Yes,4,3,20,3,2,No
E0913,31,Male,HR,HR Executive,Diploma,24500.0,1,1,No,2,3,15,3,1,No
E0914,28,Female,Technology,DevOps Engineer,Masters,42500.0,0,0,Yes,1,2,17,3,1,No
E0915,51,Male,Sales,Sales Manager,Bachelors,64000.0,5,2,No,3,3,35,4,1,Yes
E0916,36,Female,Sales,Business Development,Bachelors,39000.0,1,1,Yes,4,2,18,3,4,Yes
E0917,29,Male,Operations,Supply Chain Analyst,Bachelors,54000.0,1,1,No,4,3,7,3,0,No
E0918,24,Male,Operations,Supply Chain Analyst,Bachelors,41500.0,1,1,No,2,3,9,3,2,No
E0919,28,Female,Sales,Business Development,Diploma,31500.0,3,1,No,1,2,21,3,2,No
E0920,40,Male,Operations,Supply Chain Analyst,Bachelors,59500.0,10,3,Yes,3,4,15,3,0,No
E0921,40,Male,Technology,Data Analyst,Bachelors,57000.0,4,4,No,3,4,18,3,1,No
E0922,32,Male,Technology,Data Analyst,Diploma,93500.0,8,3,No,2,2,6,4,4,No
E0923,34,Female,Technology,QA Engineer,Bachelors,70000.0,2,2,No,3,3,6,3,4,No
E0924,32,Male,Sales,Sales Manager,Diploma,90500.0,4,1,Yes,3,3,13,3,0,No
E0925,25,Female,Technology,DevOps Engineer,Bachelors,67000.0,1,1,Yes,3,3,35,3,4,Yes
E0926,44,Male,Sales,Sales Executive,Bachelors,49000.0,1,1,No,4,1,16,3,1,No
E0927,37,Female,Finance,Accountant,Bachelors,59000.0,3,3,No,4,4,10,3,2,No
E0928,54,Male,Technology,Data Analyst,Bachelors,99000.0,5,5,No,2,3,27,3,1,No
E0929,28,Male,Operations,Operations Associate,Bachelors,18000.0,1,1,No,1,3,7,3,2,No
E0930,33,Male,Operations,Operations Associate,Bachelors,35000.0,2,2,No,3,3,24,3,2,Yes
E0931,41,Male,Technology,QA Engineer,Bachelors,88500.0,6,2,No,1,4,21,4,1,Yes
E0932,32,Female,Technology,Software Engineer,Bachelors,81500.0,2,2,No,2,2,18,3,1,No
E0933,23,Male,Operations,Supply Chain Analyst,Bachelors,29500.0,0,0,Yes,4,3,10,3,3,No
E0934,26,Female,Technology,Data Analyst,Bachelors,90000.0,2,0,Yes,3,3,15,4,1,Yes
E0935,35,Male,Sales,Business Development,Diploma,70000.0,5,3,No,4,4,3,3,1,No
E0936,37,Male,Sales,Sales Executive,Masters,50500.0,4,1,Yes,3,3,15,3,2,Yes
E0937,33,Female,Operations,Supply Chain Analyst,Bachelors,38000.0,3,3,No,1,1,20,3,5,No
E0938,42,Male,Technology,Data Analyst,Bachelors,71000.0,5,0,No,4,3,24,3,3,No
E0939,42,Male,Sales,Business Development,Masters,56500.0,7,7,No,4,3,11,3,1,No
E0940,37,Female,Technology,QA Engineer,Masters,96000.0,1,1,No,1,3,22,3,5,Yes
E0941,34,Male,Technology,DevOps Engineer,Bachelors,113500.0,3,3,Yes,4,3,6,3,1,No
E0942,32,Female,Technology,QA Engineer,Bachelors,62000.0,2,2,No,1,3,8,3,2,No
E0943,38,Male,Operations,Operations Associate,Masters,39000.0,10,7,No,3,2,8,3,1,No
E0944,41,Female,Operations,Supply Chain Analyst,Masters,30000.0,1,1,No,3,3,30,3,1,No
E0945,34,Male,Sales,Sales Manager,Masters,67500.0,5,4,No,3,4,4,4,3,No
E0946,38,Female,Sales,Business Development,Masters,58000.0,7,5,No,4,3,33,3,1,Yes
E0947,31,Male,Technology,QA Engineer,Diploma,74500.0,1,1,No,2,4,10,3,4,No
E0948,23,Female,Operations,Supply Chain Analyst,Diploma,43500.0,1,1,Yes,4,3,6,3,3,No
E0949,26,Male,Finance,Accountant,Bachelors,63500.0,2,2,No,4,2,29,3,5,No
E0950,40,Female,HR,Recruiter,Diploma,40000.0,2,2,No,1,4,20,4,3,No
E0951,38,Female,Technology,DevOps Engineer,Bachelors,50500.0,1,1,Yes,1,3,10,3,1,Yes
E0952,47,Male,Sales,Sales Manager,Bachelors,40000.0,3,3,No,2,1,39,3,2,Yes
E0953,34,Male,Operations,Operations Associate,Masters,48500.0,7,6,No,1,3,12,3,1,No
E0954,41,Male,Sales,Business Development,Diploma,51500.0,2,2,No,1,3,15,3,2,No
E0955,45,Female,Finance,Accountant,Bachelors,57000.0,5,5,Yes,4,4,18,3,2,No
E0956,42,Male,Sales,Sales Executive,Masters,43500.0,4,3,No,1,4,7,3,0,No
E0957,29,Female,Technology,Software Engineer,Bachelors,101500.0,1,1,No,2,3,17,3,2,No
E0958,33,Female,Operations,Supply Chain Analyst,Diploma,37000.0,4,3,No,1,2,1,3,2,Yes
E0959,35,Male,Technology,Data Analyst,Bachelors,75500.0,2,2,No,1,2,3,3,2,No
E0960,26,Male,Sales,Business Development,Bachelors,40500.0,1,1,No,3,4,20,4,2,No
E0961,38,Female,Technology,DevOps Engineer,Diploma,66000.0,7,7,Yes,4,3,11,3,0,No
E0962,42,Female,Finance,Financial Analyst,Bachelors,41000.0,5,5,No,4,4,6,4,3,No
E0963,30,Male,Sales,Business Development,Masters,38000.0,1,1,No,1,3,2,3,4,No
E0964,50,Female,Sales,Sales Manager,Bachelors,45500.0,9,4,Yes,4,3,8,3,2,No
E0965,32,Female,Sales,Sales Manager,Bachelors,71500.0,8,4,No,4,1,22,4,4,No
E0966,32,Female,Technology,DevOps Engineer,Masters,64500.0,9,0,No,2,3,3,3,5,No
E0967,32,Female,Technology,Data Analyst,Diploma,63000.0,2,1,No,2,3,23,3,0,Yes
E0968,28,Female,Technology,Data Analyst,Bachelors,92000.0,4,2,No,3,2,10,3,5,No
E0969,37,Male,Technology,Software Engineer,Bachelors,66000.0,1,1,No,4,1,6,3,1,No
E0970,34,Female,Finance,Financial Analyst,Bachelors,60500.0,0,0,No,4,4,16,4,2,No
E0971,47,Female,Sales,Business Development,Bachelors,86500.0,15,6,No,3,2,5,4,5,No
E0972,39,Female,Operations,Operations Associate,Bachelors,26500.0,4,3,No,3,3,6,3,1,No
E0973,38,Male,Operations,Supply Chain Analyst,Bachelors,49000.0,13,7,No,3,3,24,3,0,No
E0974,32,Female,Technology,Software Engineer,Bachelors,52000.0,1,1,No,3,3,8,3,1,No
E0975,23,Female,Technology,DevOps Engineer,Diploma,97000.0,0,0,Yes,2,4,16,3,2,Yes
E0976,33,Male,Operations,Operations Associate,Bachelors,45000.0,7,0,No,4,2,7,3,5,Yes
E0977,27,Male,Technology,Software Engineer,Bachelors,79000.0,1,1,Yes,3,4,13,3,5,Yes
E0978,42,Female,Operations,Operations Associate,Masters,78000.0,8,3,No,2,4,5,3,2,No
E0979,34,Male,Technology,DevOps Engineer,Masters,66500.0,3,0,No,4,3,10,3,2,No
E0980,47,Female,Finance,Financial Analyst,Masters,64500.0,5,0,Yes,4,3,18,3,3,No
E0981,40,Male,Technology,QA Engineer,Masters,80000.0,2,2,No,2,4,10,3,1,No
E0982,41,Female,Finance,Accountant,Masters,50500.0,1,0,Yes,3,3,7,3,2,No
E0983,36,Female,Operations,Supply Chain Analyst,Bachelors,69000.0,8,2,No,3,4,6,4,2,No
E0984,36,Male,Sales,Sales Executive,Masters,58000.0,2,2,No,4,2,5,3,0,No
E0985,39,Male,Operations,Supply Chain Analyst,Masters,66000.0,9,7,No,1,2,4,4,1,No
E0986,41,Male,Technology,QA Engineer,Masters,74500.0,3,2,No,1,2,15,3,0,Yes
E0987,28,Male,Technology,DevOps Engineer,Bachelors,64500.0,2,1,No,4,4,7,3,1,No
E0988,38,Male,Technology,QA Engineer,Bachelors,66500.0,3,3,No,4,3,41,3,2,No
E0989,55,Female,Sales,Sales Executive,Masters,56500.0,12,2,No,2,3,6,3,0,No
E0990,33,Female,Sales,Business Development,Masters,27500.0,1,1,Yes,3,3,10,4,1,Yes
E0991,32,Female,Finance,Accountant,Bachelors,70000.0,5,2,No,3,2,19,3,1,No
E0992,28,Male,Sales,Sales Manager,Masters,55500.0,1,1,No,3,3,20,3,5,No
E0993,22,Male,Finance,Accountant,Bachelors,52500.0,0,0,Yes,4,3,4,3,0,No
E0994,44,Female,Operations,Operations Associate,Masters,38000.0,5,5,No,2,1,31,4,0,No
E0995,34,Female,Operations,Operations Associate,Masters,42500.0,4,1,No,3,3,17,4,1,No
E0996,36,Female,Operations,Supply Chain Analyst,Bachelors,46500.0,5,0,Yes,2,3,18,3,1,No
E0997,49,Female,Operations,Operations Associate,Masters,61000.0,13,2,No,4,3,26,3,3,Yes
E0998,54,Male,Sales,Sales Executive,Masters,119000.0,17,0,No,2,2,12,3,1,No
E0999,27,Female,Operations,Supply Chain Analyst,Bachelors,31000.0,2,2,Yes,4,1,15,3,0,No
E1000,42,Male,Sales,Sales Executive,Bachelors,60500.0,7,3,Yes,3,4,14,3,1,No
E1001,39,Male,Operations,Supply Chain Analyst,Masters,46000.0,1,1,Yes,2,3,18,3,4,No
E1002,37,Female,Operations,Operations Associate,Masters,38500.0,1,1,Yes,3,3,6,3,1,No
E1003,38,Male,Finance,Financial Analyst,Bachelors,53000.0,2,1,No,2,3,16,4,2,Yes
E1004,34,Male,Technology,Data Analyst,Masters,55000.0,3,3,No,1,1,5,3,2,No
E1005,47,Male,Sales,Sales Manager,Masters,59000.0,16,3,No,4,4,15,4,4,No
E1006,39,Male,Technology,DevOps Engineer,Masters,93000.0,4,3,Yes,4,3,34,4,0,No
E1007,37,Female,Technology,Data Analyst,Diploma,103500.0,1,1,No,2,3,6,4,2,No
E1008,44,Male,Sales,Business Development,PhD,42500.0,5,5,Yes,3,1,11,4,3,Yes
E1009,41,Male,Sales,Sales Manager,Bachelors,85500.0,19,0,Yes,3,3,3,4,3,No
E1010,38,Female,Operations,Supply Chain Analyst,Diploma,41250.0,1,0,Yes,3,2,7,3,3,No
E1011,37,Female,Operations,Operations Associate,Diploma,50500.0,1,1,No,3,3,12,3,1,Yes
E1012,48,Male,Sales,Sales Manager,PhD,67500.0,12,5,No,2,3,14,3,3,No
E1013,38,Male,Sales,Sales Manager,Masters,50000.0,1,1,Yes,4,3,11,3,2,No
E1014,33,Female,Sales,Business Development,Diploma,68000.0,6,5,No,2,2,6,3,4,No
E1015,27,Female,Sales,Sales Manager,PhD,35500.0,4,4,Yes,4,4,8,3,4,No
E1016,31,Female,Sales,Sales Manager,Bachelors,48000.0,3,3,No,4,4,34,3,2,No
E1017,26,Male,Technology,QA Engineer,Bachelors,44500.0,3,3,Yes,2,2,20,3,0,No
E1018,35,Female,Technology,Data Analyst,Masters,37500.0,0,0,Yes,3,2,16,3,5,Yes
E1019,36,Female,Technology,Software Engineer,Diploma,60500.0,4,3,No,4,3,15,4,1,No
E1020,20,Male,Sales,Sales Executive,Masters,27500.0,0,0,No,2,3,25,3,2,Yes
E1021,34,Male,Finance,Financial Analyst,Masters,73000.0,5,0,Yes,4,2,7,3,0,No
E1022,39,Female,Technology,Software Engineer,Diploma,101000.0,4,0,No,3,2,36,3,0,No
E1023,35,Female,Technology,Data Analyst,Masters,84500.0,10,0,Yes,3,2,12,3,4,Yes
E1024,26,Male,Technology,DevOps Engineer,Diploma,73500.0,4,4,No,3,4,19,4,5,No
E1025,44,Male,Operations,Operations Associate,Masters,43500.0,7,7,No,3,3,10,3,1,No
E1026,28,Male,Sales,Sales Manager,Masters,39500.0,0,0,Yes,1,2,14,4,2,Yes
E1027,24,Female,Finance,Accountant,Bachelors,57000.0,1,1,Yes,4,4,25,4,0,No
E1028,25,Female,Technology,DevOps Engineer,Masters,75500.0,1,1,No,4,3,4,3,0,No
E1029,34,Male,Operations,Supply Chain Analyst,Bachelors,42000.0,8,2,No,4,3,6,3,0,No
E1030,42,Female,Technology,Software Engineer,Bachelors,54500.0,1,0,No,4,3,5,4,4,No
E1031,43,Female,Technology,Data Analyst,Bachelors,56500.0,0,0,No,4,3,6,4,1,No
E1032,36,Male,Operations,Supply Chain Analyst,Masters,45500.0,0,0,No,3,3,1,3,0,No
E1033,24,Male,Finance,Accountant,Bachelors,48500.0,1,1,No,1,2,12,3,2,Yes
E1034,29,Male,Sales,Sales Manager,Diploma,66500.0,1,1,No,4,3,30,3,1,No
E1035,27,Female,Sales,Sales Executive,Bachelors,49000.0,6,2,No,4,2,5,3,5,No
E1036,33,Female,Operations,Supply Chain Analyst,Diploma,66500.0,6,2,No,3,2,12,3,3,No
E1037,20,Female,Sales,Sales Executive,Bachelors,30500.0,0,0,No,3,3,2,3,3,Yes
E1038,35,Male,Technology,QA Engineer,Diploma,70000.0,8,0,No,3,3,20,3,1,No
E1039,39,Female,Operations,Operations Associate,Diploma,41000.0,6,1,No,4,3,1,3,2,No
E1040,33,Male,Sales,Sales Manager,Bachelors,58500.0,5,5,Yes,3,2,8,3,2,Yes
E1041,38,Male,Sales,Sales Executive,Masters,47000.0,4,0,Yes,3,1,4,3,0,Yes
E1042,27,Male,Sales,Business Development,Bachelors,78500.0,1,1,No,1,3,4,3,3,No
E1043,22,Male,Sales,Sales Executive,Masters,43500.0,0,0,Yes,3,3,13,3,5,Yes
E1044,29,Male,Technology,QA Engineer,Masters,82500.0,4,2,No,1,1,48,3,1,Yes
E1045,43,Male,Technology,Data Analyst,Bachelors,76000.0,9,5,No,3,2,9,3,4,No
E1046,42,Female,Technology,QA Engineer,Bachelors,146500.0,10,6,Yes,4,3,24,3,1,Yes
E1047,30,Female,Sales,Sales Executive,Bachelors,62500.0,4,0,No,4,2,9,3,0,No
E1048,44,Male,Operations,Operations Associate,Masters,47500.0,4,4,No,3,3,25,3,1,No
E1049,31,Male,Operations,Supply Chain Analyst,Bachelors,24000.0,1,1,No,3,2,7,3,2,No
E1050,46,Male,Technology,QA Engineer,Diploma,87500.0,5,5,No,3,3,17,4,1,No
E1051,38,Female,Sales,Business Development,Masters,38500.0,1,1,Yes,3,3,4,3,1,No
E1052,30,Male,Technology,Data Analyst,Bachelors,82000.0,3,2,Yes,4,4,16,3,0,No
E1053,40,Male,Finance,Financial Analyst,PhD,84000.0,6,6,No,4,1,8,3,1,No
E1054,28,Female,Technology,Software Engineer,Masters,61500.0,4,4,No,2,2,2,3,0,Yes
E1055,27,Female,Operations,Supply Chain Analyst,Masters,41500.0,2,2,Yes,4,4,34,3,1,No
E1056,22,Female,Technology,Software Engineer,Masters,84000.0,0,0,No,3,3,11,4,4,Yes
E1057,36,Male,Technology,QA Engineer,Bachelors,85000.0,6,3,No,3,3,7,4,3,No
E1058,34,Male,Sales,Sales Manager,Masters,48000.0,6,6,No,3,1,16,4,4,No
E1059,33,Female,Technology,QA Engineer,Bachelors,56500.0,4,0,Yes,2,4,12,3,1,No
E1060,31,Female,HR,HR Executive,Masters,34500.0,2,2,No,2,3,13,3,2,No
E1061,46,Male,HR,HR Executive,Bachelors,43000.0,15,6,No,4,1,18,3,5,No
E1062,31,Male,Sales,Business Development,Masters,67000.0,5,5,No,3,2,5,4,3,No
E1063,28,Male,Operations,Operations Associate,Masters,40500.0,2,2,No,2,2,2,3,1,No
E1064,44,Male,Finance,Accountant,PhD,40500.0,2,2,No,4,3,8,3,3,No
E1065,45,Male,Technology,Data Analyst,Masters,107500.0,16,5,No,4,3,3,3,1,No
E1066,37,Male,Technology,Software Engineer,Bachelors,64000.0,10,1,No,4,3,10,3,2,No
E1067,20,Female,HR,Recruiter,Bachelors,15000.0,0,0,No,3,2,11,3,0,Yes
E1068,29,Male,Sales,Business Development,Bachelors,62000.0,1,1,Yes,3,2,6,3,1,No
E1069,39,Male,Finance,Accountant,Masters,96500.0,8,2,No,1,4,1,3,1,No
E1070,34,Male,Finance,Accountant,Bachelors,43000.0,6,0,Yes,2,3,23,3,2,Yes
E1071,46,Female,Technology,QA Engineer,Masters,73000.0,9,6,Yes,3,1,5,3,1,Yes
E1072,23,Female,Operations,Supply Chain Analyst,Diploma,40000.0,1,1,No,3,4,7,3,1,No
E1073,39,Male,Technology,DevOps Engineer,Bachelors,87000.0,12,1,Yes,3,4,9,4,4,No
E1074,29,Female,Technology,Software Engineer,Masters,53500.0,1,1,Yes,4,3,10,3,1,Yes
E1075,45,Male,Technology,Data Analyst,Bachelors,70500.0,6,1,No,2,3,10,3,0,No
E1076,33,Male,Operations,Operations Associate,Bachelors,43500.0,7,4,Yes,2,2,9,3,3,No
E1077,42,Female,Technology,DevOps Engineer,Diploma,85500.0,13,0,No,1,3,11,4,3,No
E1078,29,Male,Finance,Accountant,Bachelors,60000.0,2,2,No,4,1,12,3,0,Yes
E1079,23,Male,Technology,QA Engineer,Bachelors,61500.0,0,0,No,3,2,18,4,0,No
E1080,25,Male,Operations,Supply Chain Analyst,Masters,30500.0,1,1,No,3,4,19,3,0,No
E1081,29,Male,Operations,Supply Chain Analyst,Masters,41000.0,3,3,Yes,3,2,25,3,2,No
E1082,26,Female,Sales,Sales Executive,Diploma,27500.0,1,1,Yes,1,3,21,4,2,Yes
E1083,44,Female,Operations,Supply Chain Analyst,PhD,65500.0,5,4,No,4,3,3,3,5,No
E1084,45,Female,Finance,Financial Analyst,Diploma,36000.0,3,3,No,4,2,12,4,1,No
E1085,36,Female,Sales,Sales Executive,Masters,51500.0,6,6,Yes,2,4,11,3,1,Yes
E1086,26,Male,Technology,DevOps Engineer,Bachelors,78000.0,2,1,No,2,3,3,3,4,No
E1087,33,Female,Sales,Business Development,Bachelors,49500.0,1,1,No,4,1,10,3,1,No
E1088,29,Male,Technology,QA Engineer,Diploma,79000.0,3,3,No,3,3,12,3,2,No
E1089,46,Female,Sales,Sales Manager,Masters,72500.0,5,5,No,2,3,56,3,0,No
E1090,37,Female,Technology,Data Analyst,Masters,63000.0,8,2,No,4,2,4,4,3,No
E1091,38,Male,Technology,Data Analyst,Masters,95000.0,12,6,No,4,3,3,3,0,No
E1092,31,Female,Finance,Accountant,Diploma,61000.0,3,3,No,3,3,27,3,0,No
E1093,20,Male,Operations,Operations Associate,Masters,31500.0,0,0,No,3,3,11,3,1,No
E1094,28,Male,Operations,Operations Associate,Bachelors,33000.0,2,2,No,4,3,2,4,4,No
E1095,25,Male,Technology,DevOps Engineer,Bachelors,101500.0,2,0,No,3,1,11,3,2,No
E1096,37,Female,Technology,Data Analyst,Bachelors,56000.0,1,1,Yes,3,2,5,3,2,Yes
E1097,35,Female,Sales,Sales Executive,Masters,43000.0,4,2,Yes,3,3,11,3,1,No
E1098,28,Male,Technology,DevOps Engineer,Bachelors,73000.0,5,5,No,4,4,6,3,4,No
E1099,31,Male,Operations,Supply Chain Analyst,Bachelors,42500.0,6,6,Yes,2,2,1,3,5,Yes
E1100,47,Female,Sales,Sales Executive,Bachelors,81500.0,21,3,No,3,2,20,4,1,No
E1101,26,Female,Operations,Operations Associate,Bachelors,37000.0,2,2,No,1,3,9,3,3,Yes
E1102,27,Male,Finance,Financial Analyst,Masters,65000.0,3,3,No,3,3,14,3,5,No
E1103,32,Male,Technology,Data Analyst,Masters,68000.0,0,0,No,1,4,13,3,2,No
E1104,28,Male,HR,Recruiter,Diploma,49000.0,3,3,Yes,2,3,10,3,2,No
E1105,31,Male,Technology,QA Engineer,Masters,115500.0,5,5,No,4,3,20,3,2,No
E1106,38,Female,Operations,Operations Associate,Bachelors,33000.0,4,4,Yes,3,2,7,3,0,No
E1107,48,Male,Sales,Sales Executive,Bachelors,72500.0,2,2,Yes,2,3,6,3,0,No
E1108,20,Male,Sales,Sales Executive,Diploma,37500.0,0,0,No,3,3,8,3,2,No
E1109,34,Female,HR,Recruiter,Bachelors,53500.0,4,1,Yes,1,3,20,3,1,Yes
E1110,34,Female,Technology,QA Engineer,Masters,74000.0,2,2,Yes,2,2,12,3,1,Yes
E1111,33,Female,Sales,Sales Executive,Diploma,43500.0,3,3,No,4,4,20,3,2,Yes
E1112,33,Female,Technology,QA Engineer,Masters,42500.0,3,0,Yes,1,4,27,4,2,No
E1113,31,Male,Technology,Software Engineer,Bachelors,119000.0,4,4,No,4,3,5,4,1,No
E1114,42,Female,Technology,Data Analyst,Bachelors,59500.0,3,0,No,4,3,7,3,4,No
E1115,30,Female,HR,Recruiter,Masters,35500.0,4,4,Yes,3,2,5,3,1,Yes
E1116,33,Male,Operations,Supply Chain Analyst,Masters,60500.0,6,1,No,4,3,12,3,4,No
E1117,34,Female,Sales,Sales Executive,Bachelors,53500.0,6,0,No,1,3,50,3,3,No
E1118,35,Female,Technology,Software Engineer,Diploma,120500.0,2,2,No,3,3,12,3,1,No
E1119,33,Female,Operations,Operations Associate,Masters,69500.0,5,5,No,2,3,10,3,2,No
E1120,42,Female,Technology,Data Analyst,Masters,115000.0,11,1,No,2,2,12,4,3,Yes
E1121,34,Male,HR,Recruiter,Masters,49500.0,5,3,Yes,2,3,19,4,2,No
E1122,35,Male,Sales,Sales Executive,Bachelors,58500.0,3,3,Yes,2,4,6,3,1,No
E1123,34,Female,Operations,Supply Chain Analyst,Bachelors,26000.0,1,1,Yes,4,2,15,3,1,Yes
E1124,26,Male,Technology,QA Engineer,Masters,68500.0,0,0,No,3,1,10,4,2,No
E1125,27,Female,Operations,Operations Associate,Diploma,41000.0,2,2,Yes,4,3,18,3,3,No
E1126,26,Female,HR,HR Executive,Diploma,33500.0,0,0,No,4,3,8,3,2,No
E1127,36,Female,Operations,Operations Associate,Diploma,41000.0,3,3,Yes,4,4,26,3,2,No
E1128,28,Female,Sales,Sales Executive,Bachelors,30500.0,2,2,No,3,2,18,3,3,Yes
E1129,26,Male,Finance,Accountant,Diploma,72500.0,2,2,No,3,3,12,3,3,No
E1130,36,Female,Sales,Business Development,Bachelors,63000.0,1,1,No,2,4,3,4,3,No
E1131,38,Female,Sales,Sales Executive,Bachelors,40000.0,9,1,No,4,2,39,3,1,No
E1132,20,Male,Technology,QA Engineer,Diploma,68000.0,0,0,No,3,4,9,3,4,No
E1133,48,Female,Technology,DevOps Engineer,Bachelors,117000.0,4,2,No,4,3,12,3,1,No
E1134,34,Male,Finance,Financial Analyst,Masters,73000.0,6,6,No,4,4,13,3,2,No
E1135,33,Male,Operations,Operations Associate,Masters,30500.0,3,3,Yes,3,3,3,3,1,No
E1136,43,Male,Sales,Business Development,Diploma,52500.0,16,0,Yes,3,3,21,3,1,No
E1137,35,Female,Sales,Sales Executive,Diploma,66500.0,6,1,No,4,4,11,3,2,No
E1138,29,Female,Technology,QA Engineer,Masters,113500.0,1,1,No,1,3,24,3,2,No
E1139,52,Male,Operations,Operations Associate,Bachelors,29000.0,2,2,Yes,4,3,12,3,4,No
E1140,25,Female,Technology,Software Engineer,Bachelors,68500.0,1,0,No,2,3,8,3,3,Yes
E1141,33,Male,Technology,Software Engineer,Bachelors,57000.0,2,2,No,4,3,9,3,3,No
E1142,41,Male,HR,Recruiter,Bachelors,40000.0,1,1,No,2,2,13,3,2,Yes
E1143,25,Male,Finance,Financial Analyst,Bachelors,59500.0,1,1,Yes,4,4,4,3,1,No
E1144,33,Female,Technology,Software Engineer,PhD,72500.0,3,3,No,3,4,3,3,3,No
E1145,37,Male,Sales,Sales Executive,Diploma,40500.0,4,1,No,1,2,9,3,4,Yes
E1146,53,Male,Technology,Data Analyst,Bachelors,145500.0,6,4,Yes,4,3,15,3,1,No
E1147,27,Male,Operations,Operations Associate,Bachelors,37500.0,2,2,No,2,4,12,3,1,No
E1148,34,Female,Technology,Data Analyst,Diploma,69500.0,3,3,No,1,4,25,3,1,No
E1149,39,Male,Sales,Business Development,Bachelors,73500.0,7,7,No,4,2,22,3,1,No
E1150,35,Male,Technology,Software Engineer,Masters,86500.0,8,7,No,1,2,26,3,5,Yes
E1151,24,Female,Technology,QA Engineer,Diploma,64500.0,1,1,Yes,2,3,13,3,3,No
E1152,37,Female,Technology,Software Engineer,Diploma,92000.0,2,2,No,2,4,14,3,3,No
E1153,35,Female,Technology,DevOps Engineer,Bachelors,53000.0,2,2,No,3,4,18,3,5,No
E1154,38,Male,Operations,Supply Chain Analyst,Diploma,51500.0,4,3,No,4,1,16,3,4,No
E1155,43,Male,Technology,DevOps Engineer,Bachelors,125500.0,11,2,Yes,1,4,12,3,1,Yes
E1156,42,Male,Technology,QA Engineer,Bachelors,116500.0,12,3,No,4,3,23,3,1,No
E1157,37,Female,Finance,Financial Analyst,Bachelors,53500.0,2,2,No,2,3,21,3,3,Yes
E1158,36,Male,Operations,Operations Associate,Diploma,50500.0,10,7,No,3,2,7,4,5,No
E1159,25,Female,Finance,Financial Analyst,Bachelors,59000.0,1,1,No,4,3,23,3,1,No
E1160,33,Male,Technology,Data Analyst,Bachelors,68000.0,2,2,No,4,4,7,3,5,No
E1161,36,Female,Operations,Operations Associate,Diploma,55000.0,10,8,No,1,3,10,3,1,No
E1162,31,Male,Technology,Software Engineer,Bachelors,103000.0,6,6,No,3,4,24,3,0,No
E1163,35,Male,Operations,Supply Chain Analyst,Diploma,48000.0,7,1,Yes,3,3,12,3,5,No
E1164,27,Male,Technology,QA Engineer,Bachelors,65500.0,3,3,No,1,2,12,3,1,No
E1165,46,Female,Sales,Sales Executive,Bachelors,44000.0,8,4,Yes,4,3,23,4,0,No
E1166,51,Male,Operations,Supply Chain Analyst,Diploma,41250.0,2,2,No,3,2,6,4,4,No
E1167,31,Female,Technology,Software Engineer,Bachelors,81500.0,5,4,Yes,3,2,7,3,1,No
E1168,37,Female,Operations,Supply Chain Analyst,Diploma,58500.0,4,0,No,4,3,6,3,4,No
E1169,32,Female,Finance,Accountant,Masters,52500.0,0,0,No,2,3,14,3,5,No
E1170,44,Male,Technology,Software Engineer,Diploma,86500.0,13,5,Yes,2,4,8,3,1,No
E1171,37,Male,Sales,Sales Executive,Bachelors,41000.0,0,0,Yes,3,2,6,3,1,No
E1172,35,Female,HR,Recruiter,Masters,43000.0,7,2,No,4,2,15,3,3,No
E1173,32,Male,Sales,Sales Executive,Diploma,41000.0,1,1,No,4,2,15,3,1,No
E1174,35,Male,Operations,Supply Chain Analyst,Masters,23000.0,4,4,Yes,3,2,14,3,5,Yes
E1175,26,Female,Operations,Operations Associate,Diploma,25000.0,2,2,No,2,3,29,3,5,No
E1176,39,Female,Technology,Data Analyst,Diploma,73000.0,14,0,No,2,2,25,3,0,Yes
E1177,28,Male,Sales,Sales Executive,Masters,52000.0,2,2,No,3,3,31,3,4,No
E1178,38,Male,Operations,Supply Chain Analyst,Diploma,45500.0,7,3,No,3,4,13,3,1,Yes
E1179,35,Male,Technology,DevOps Engineer,Masters,76000.0,3,3,No,3,3,15,3,1,No
E1180,43,Male,Sales,Business Development,Diploma,58500.0,0,0,No,3,2,2,3,1,Yes
E1181,34,Male,Technology,Software Engineer,Bachelors,57000.0,4,4,Yes,2,3,12,3,4,No
E1182,42,Male,Sales,Sales Manager,Bachelors,72000.0,6,0,No,4,4,35,3,2,No
E1183,27,Female,Technology,Data Analyst,Bachelors,78500.0,2,2,No,4,3,5,3,2,No
E1184,39,Male,Finance,Accountant,Bachelors,48000.0,3,2,No,4,3,25,3,3,No
E1185,32,Male,Operations,Supply Chain Analyst,Masters,61000.0,3,3,No,2,3,12,4,1,No
E1186,36,Female,Operations,Supply Chain Analyst,PhD,34000.0,10,3,No,3,2,45,3,4,No
E1187,35,Female,Sales,Business Development,Masters,34500.0,3,3,Yes,2,3,17,3,0,No
E1188,41,Female,Technology,DevOps Engineer,PhD,64000.0,1,0,No,4,2,6,3,2,No
E1189,20,Female,Technology,DevOps Engineer,Diploma,73000.0,0,0,No,3,3,29,3,2,No
E1190,37,Male,Operations,Operations Associate,Masters,37000.0,2,2,No,1,3,13,4,2,Yes
E1191,22,Female,Sales,Sales Manager,Bachelors,24500.0,1,1,Yes,4,3,22,3,2,No
E1192,44,Male,Technology,Data Analyst,Bachelors,72000.0,5,3,No,3,4,6,3,3,No
E1193,20,Female,Operations,Operations Associate,Diploma,35500.0,0,0,No,1,3,8,3,1,Yes
E1194,26,Female,Technology,Software Engineer,Diploma,148000.0,3,3,No,4,3,4,3,2,No
E1195,21,Male,Sales,Sales Executive,Diploma,61500.0,0,0,Yes,1,2,7,4,1,Yes
E1196,47,Male,Technology,DevOps Engineer,Bachelors,70500.0,1,1,No,4,3,21,3,5,No
E1197,24,Male,Technology,QA Engineer,Masters,50000.0,1,1,Yes,4,1,20,4,4,No
E1198,35,Male,Operations,Supply Chain Analyst,Masters,44500.0,3,3,No,3,3,8,3,0,No
E1199,30,Male,Sales,Business Development,Diploma,33000.0,2,2,Yes,3,4,14,3,0,No
E1200,20,Female,Sales,Sales Executive,Masters,49000.0,0,0,No,3,2,6,3,1,Yes
E1201,31,Male,Sales,Sales Manager,Bachelors,46500.0,0,0,No,3,2,21,3,3,No
E1202,39,Male,Finance,Financial Analyst,Bachelors,54000.0,4,4,No,4,4,4,3,5,No
E1203,33,Male,Technology,QA Engineer,Bachelors,70000.0,0,0,No,4,3,6,3,4,No
E1204,42,Male,Operations,Supply Chain Analyst,Bachelors,41000.0,6,2,Yes,3,3,5,3,0,Yes
E1205,31,Male,Operations,Operations Associate,Bachelors,31000.0,0,0,No,4,3,30,3,1,No
E1206,34,Female,Operations,Operations Associate,Bachelors,64000.0,4,4,No,2,3,4,3,5,No
E1207,31,Female,Sales,Sales Manager,Masters,61500.0,6,0,Yes,4,4,18,3,1,No
E1208,37,Male,Sales,Sales Manager,Diploma,56000.0,11,8,Yes,2,4,11,3,2,Yes
E1209,49,Female,Technology,Data Analyst,Masters,55000.0,1,1,No,4,1,14,4,2,No
E1210,37,Male,Operations,Supply Chain Analyst,Bachelors,45500.0,5,4,No,2,1,3,3,2,No
E1211,36,Female,HR,HR Executive,PhD,48000.0,2,2,Yes,3,3,9,4,0,No
E1212,29,Male,Sales,Sales Manager,Diploma,62000.0,4,0,No,2,2,14,4,4,Yes
E1213,28,Female,Finance,Accountant,Diploma,85000.0,2,1,No,1,3,23,3,1,Yes
E1214,46,Female,Operations,Supply Chain Analyst,Bachelors,64000.0,14,7,Yes,3,2,7,4,2,No
E1215,25,Male,Operations,Supply Chain Analyst,Masters,27500.0,1,1,No,1,3,9,3,1,No
E1216,27,Male,Finance,Financial Analyst,Bachelors,106000.0,4,4,No,1,3,43,3,1,No
E1217,33,Female,Operations,Operations Associate,Masters,56000.0,3,3,No,3,3,7,3,1,No
E1218,31,Female,Operations,Supply Chain Analyst,Bachelors,53000.0,4,4,Yes,4,3,11,3,1,No
E1219,50,Male,Technology,Software Engineer,Bachelors,162500.0,18,6,No,3,2,10,3,1,No
E1220,20,Male,Sales,Sales Manager,Diploma,28000.0,0,0,No,1,3,13,3,3,No
E1221,37,Female,HR,Recruiter,Diploma,40000.0,3,1,Yes,3,4,15,4,1,Yes
E1222,40,Female,Sales,Sales Executive,Masters,57000.0,14,8,No,3,1,15,3,5,No
E1223,25,Male,Technology,Data Analyst,Bachelors,94500.0,1,1,No,2,3,10,3,4,Yes
E1224,29,Female,Operations,Operations Associate,Masters,28000.0,2,2,Yes,2,3,11,4,5,Yes
E1225,37,Male,Technology,QA Engineer,Masters,76500.0,7,7,No,3,2,9,3,2,No
E1226,47,Female,Technology,DevOps Engineer,Bachelors,155000.0,14,6,No,3,3,6,3,2,No
E1227,27,Male,Operations,Operations Associate,Bachelors,48500.0,3,3,No,3,3,7,3,1,No
E1228,21,Female,Technology,QA Engineer,Bachelors,58500.0,0,0,Yes,4,3,20,3,0,No
E1229,42,Male,Operations,Operations Associate,Masters,75500.0,6,4,No,4,2,13,4,3,No
E1230,46,Female,Operations,Supply Chain Analyst,Bachelors,33000.0,8,8,No,3,4,3,3,2,No
E1231,31,Male,Technology,Software Engineer,Bachelors,89000.0,5,5,No,3,4,10,3,1,No
E1232,20,Male,Technology,QA Engineer,Bachelors,61500.0,0,0,No,1,3,28,4,2,No
E1233,46,Male,Sales,Sales Manager,Diploma,74000.0,13,4,No,3,3,13,3,4,No
E1234,32,Female,Operations,Supply Chain Analyst,Masters,37500.0,3,1,No,2,3,37,3,1,No
E1235,43,Male,Sales,Sales Executive,Bachelors,57500.0,18,6,No,3,3,23,3,0,Yes
E1236,34,Female,Sales,Sales Manager,Bachelors,57000.0,7,3,No,2,3,11,3,1,No
E1237,31,Female,Operations,Operations Associate,Masters,28000.0,3,2,No,3,3,7,3,1,No
E1238,30,Female,Technology,QA Engineer,Diploma,81500.0,2,1,No,2,2,6,3,5,No
E1239,46,Male,Finance,Accountant,Bachelors,63000.0,8,5,Yes,2,4,16,4,4,Yes
E1240,45,Male,HR,HR Executive,Masters,73000.0,12,5,Yes,1,1,2,3,1,No
E1241,20,Male,Sales,Sales Executive,Bachelors,37500.0,0,0,No,3,4,18,3,1,No
E1242,27,Male,Sales,Sales Manager,Bachelors,38000.0,2,2,No,1,2,21,3,3,No
E1243,48,Male,Technology,Software Engineer,Masters,93000.0,7,7,No,2,3,16,4,2,No
E1244,31,Male,Sales,Sales Manager,Diploma,48000.0,4,2,No,2,4,10,3,5,No
E1245,23,Male,Technology,DevOps Engineer,Diploma,37000.0,0,0,Yes,2,3,5,4,5,Yes
E1246,34,Male,HR,Recruiter,Bachelors,53500.0,9,0,No,1,2,5,3,0,No
E1247,33,Male,Finance,Financial Analyst,Masters,64500.0,1,0,No,1,3,3,3,5,Yes
E1248,33,Male,Finance,Accountant,Bachelors,42500.0,5,5,No,4,3,7,3,1,No
E1249,30,Male,Sales,Business Development,Bachelors,38500.0,4,4,No,3,3,20,3,1,No
E1250,32,Female,Sales,Sales Executive,Bachelors,60500.0,5,5,No,3,3,15,4,3,No
E1251,30,Male,Operations,Operations Associate,Masters,35500.0,6,6,No,3,4,15,3,3,No
E1252,37,Male,Sales,Sales Executive,Bachelors,46500.0,8,5,Yes,3,1,1,3,1,No
E1253,27,Male,Technology,Data Analyst,Bachelors,117500.0,3,3,No,3,3,23,3,5,No
E1254,32,Male,Sales,Sales Executive,Bachelors,40500.0,6,6,No,4,3,21,3,2,No
E1255,33,Female,Operations,Operations Associate,Bachelors,37500.0,8,1,No,1,3,13,3,2,Yes
E1256,44,Female,Sales,Business Development,Bachelors,40000.0,20,0,No,2,2,22,3,1,No
E1257,37,Female,Technology,QA Engineer,Diploma,60000.0,6,6,No,1,3,39,3,4,Yes
E1258,33,Female,Technology,QA Engineer,Masters,48500.0,1,1,Yes,3,3,7,4,4,Yes
E1259,38,Male,Finance,Financial Analyst,Bachelors,83500.0,0,0,No,4,4,20,3,1,No
E1260,37,Male,Operations,Supply Chain Analyst,Masters,60500.0,5,0,Yes,3,3,9,3,2,No
E1261,43,Male,HR,Recruiter,PhD,32500.0,5,5,No,4,3,7,3,0,No
E1262,38,Male,Technology,Data Analyst,Diploma,170500.0,13,7,Yes,3,3,15,3,4,No
E1263,48,Female,Sales,Business Development,Bachelors,69000.0,8,6,No,1,4,21,3,1,Yes
E1264,45,Female,Finance,Accountant,Masters,69500.0,10,7,Yes,1,1,25,3,3,Yes
E1265,34,Female,Operations,Supply Chain Analyst,Bachelors,41250.0,8,5,No,3,3,11,3,1,No
E1266,31,Male,Sales,Sales Manager,Bachelors,50500.0,2,2,No,4,3,25,4,2,Yes
E1267,41,Male,HR,HR Executive,Bachelors,32000.0,1,1,No,2,3,4,4,5,Yes
E1268,38,Female,Sales,Business Development,Bachelors,31000.0,5,5,No,4,1,3,4,1,No
E1269,33,Female,Technology,QA Engineer,PhD,63000.0,6,5,No,3,3,14,4,1,No
E1270,22,Female,Technology,QA Engineer,Bachelors,65000.0,0,0,No,1,2,11,3,1,Yes
E1271,20,Male,Finance,Accountant,Bachelors,47500.0,0,0,Yes,2,1,24,4,2,Yes
E1272,37,Male,Operations,Supply Chain Analyst,Bachelors,36500.0,6,5,Yes,4,4,10,3,0,No
E1273,40,Male,Finance,Financial Analyst,Bachelors,71000.0,1,0,No,4,4,29,4,1,No
E1274,40,Female,Technology,Data Analyst,Bachelors,52500.0,2,2,No,3,3,27,3,1,No
E1275,24,Female,Finance,Accountant,Masters,66500.0,0,0,No,4,3,11,4,1,Yes
E1276,42,Male,Technology,Software Engineer,Masters,77500.0,9,2,No,4,2,11,3,1,No
E1277,30,Female,Technology,DevOps Engineer,Masters,72500.0,2,0,No,4,4,8,3,2,No
E1278,37,Male,Technology,QA Engineer,Diploma,69000.0,11,6,No,3,3,3,3,3,No
E1279,37,Female,Technology,Data Analyst,Diploma,73000.0,3,3,Yes,3,3,5,4,1,Yes
E1280,28,Female,Technology,Data Analyst,PhD,74750.0,1,1,No,2,2,6,3,1,No
E1281,29,Male,Sales,Sales Executive,Masters,27000.0,1,0,Yes,2,3,12,3,3,Yes
E1282,20,Female,Sales,Sales Manager,PhD,42000.0,0,0,No,2,3,4,3,5,Yes
E1283,27,Male,Technology,DevOps Engineer,PhD,69500.0,2,2,Yes,1,3,12,3,2,Yes
E1284,20,Male,Technology,Data Analyst,Bachelors,82000.0,0,0,Yes,4,1,32,4,5,Yes
E1285,37,Male,Operations,Supply Chain Analyst,Bachelors,53000.0,9,8,No,3,4,16,3,2,Yes
E1286,34,Male,Operations,Supply Chain Analyst,Bachelors,41250.0,2,2,No,4,3,12,3,1,No
E1287,41,Female,Technology,Software Engineer,Bachelors,83500.0,13,5,No,1,4,20,3,5,Yes
E1288,37,Male,Finance,Accountant,Bachelors,28500.0,2,2,Yes,3,1,11,4,1,Yes
E1289,29,Female,Operations,Operations Associate,Bachelors,29500.0,3,2,No,3,4,14,3,4,Yes
E1290,37,Male,Technology,QA Engineer,Masters,126500.0,9,8,No,4,3,24,3,4,No
E1291,31,Female,Technology,DevOps Engineer,Masters,115000.0,4,4,Yes,1,2,5,3,1,No
E1292,39,Female,Technology,Data Analyst,Masters,83500.0,1,0,No,3,1,10,3,0,No
E1293,37,Female,Finance,Accountant,Masters,59000.0,1,1,Yes,3,2,20,3,4,Yes
E1294,26,Male,Operations,Supply Chain Analyst,Masters,46000.0,2,2,No,1,4,6,3,2,No
E1295,34,Male,Sales,Sales Manager,Bachelors,59500.0,6,2,No,3,3,11,3,1,No
E1296,34,Male,Operations,Operations Associate,Bachelors,41000.0,0,0,Yes,2,3,7,4,2,Yes
E1297,32,Male,Finance,Financial Analyst,Masters,44000.0,2,2,Yes,2,3,17,3,5,Yes
E1298,41,Female,HR,HR Executive,Bachelors,42750.0,4,3,Yes,1,3,10,4,3,No
E1299,48,Female,Finance,Financial Analyst,Diploma,109500.0,13,3,Yes,4,3,4,3,2,No
E1300,31,Female,Operations,Supply Chain Analyst,Diploma,40000.0,1,1,No,2,2,7,3,4,Yes
E1301,31,Male,Technology,Data Analyst,Masters,69500.0,4,4,Yes,4,3,16,3,2,Yes
E1302,20,Male,Finance,Financial Analyst,PhD,47000.0,0,0,No,1,3,15,3,1,Yes
E1303,33,Female,Sales,Sales Manager,Bachelors,46500.0,7,5,No,4,4,3,3,4,No
E1304,31,Female,Technology,QA Engineer,Bachelors,58500.0,4,4,No,4,2,23,3,2,No
E1305,20,Female,Finance,Accountant,Diploma,30500.0,0,0,No,3,3,27,4,2,Yes
E1306,36,Male,Sales,Sales Manager,Bachelors,54500.0,6,1,No,4,3,13,3,1,No
E1307,39,Female,Sales,Sales Executive,Masters,44500.0,5,1,No,2,3,4,3,3,Yes
E1308,28,Female,HR,Recruiter,Bachelors,37500.0,1,1,Yes,1,3,8,3,4,Yes
E1309,31,Female,Operations,Supply Chain Analyst,Bachelors,65000.0,3,0,No,4,4,25,3,1,No
E1310,26,Female,Finance,Accountant,Bachelors,68500.0,3,3,No,3,3,7,3,4,No
E1311,40,Female,Technology,QA Engineer,Masters,71000.0,8,0,No,4,2,13,3,5,No
E1312,22,Male,Finance,Financial Analyst,Diploma,61000.0,0,0,Yes,3,2,23,4,2,Yes
E1313,31,Male,Sales,Business Development,Bachelors,29000.0,1,1,Yes,4,3,17,3,1,No
E1314,50,Female,Finance,Financial Analyst,Bachelors,100500.0,11,7,No,3,4,13,3,1,No
E1315,34,Male,Technology,Data Analyst,Masters,84000.0,5,4,No,3,4,11,3,0,No
E1316,38,Male,Finance,Financial Analyst,Masters,67000.0,9,4,No,4,3,15,3,1,No
E1317,33,Female,Technology,QA Engineer,Masters,100500.0,8,1,No,4,3,11,3,1,Yes
E1318,25,Female,Sales,Business Development,Diploma,63000.0,0,0,No,2,3,1,3,1,No
E1319,34,Male,HR,Recruiter,Diploma,40000.0,5,2,No,2,3,41,3,1,No
E1320,37,Female,Technology,QA Engineer,Bachelors,49500.0,0,0,No,4,1,7,3,1,No
E1321,26,Female,HR,HR Executive,Bachelors,68500.0,0,0,No,2,4,4,3,3,No
E1322,37,Male,Technology,QA Engineer,Masters,83500.0,7,0,No,2,4,14,3,2,No
E1323,44,Male,Sales,Sales Manager,Bachelors,81500.0,7,4,Yes,3,3,11,3,3,No
E1324,43,Male,Technology,Software Engineer,Masters,69000.0,7,7,No,2,2,7,3,0,No
E1325,21,Male,Finance,Accountant,Masters,58000.0,0,0,No,1,2,6,4,4,Yes
E1326,26,Male,Operations,Supply Chain Analyst,Bachelors,31500.0,1,1,No,3,4,7,3,1,No
E1327,21,Female,Operations,Operations Associate,Diploma,43000.0,0,0,No,3,3,9,3,1,Yes
E1328,43,Female,Sales,Business Development,Bachelors,54500.0,10,0,Yes,1,3,15,3,3,No
E1329,39,Male,HR,HR Executive,Bachelors,34000.0,2,0,No,2,4,2,3,3,No
E1330,40,Male,Sales,Sales Executive,Diploma,85500.0,8,1,No,3,3,35,3,2,No
E1331,27,Male,Finance,Accountant,Diploma,59500.0,1,1,No,1,3,15,3,2,No
E1332,25,Male,Technology,Software Engineer,Bachelors,40000.0,2,1,Yes,3,3,13,3,1,Yes
E1333,35,Male,Technology,DevOps Engineer,Masters,70500.0,4,4,No,1,4,17,3,1,No
E1334,35,Male,Technology,QA Engineer,Masters,54500.0,2,2,No,3,3,37,4,1,No
E1335,27,Female,Technology,Software Engineer,Bachelors,52000.0,3,3,Yes,2,4,30,3,1,Yes
E1336,35,Male,Finance,Financial Analyst,Bachelors,49500.0,3,3,No,4,4,20,3,2,No
E1337,39,Female,Finance,Financial Analyst,Masters,59000.0,10,2,No,1,3,41,3,3,Yes
E1338,36,Female,Finance,Accountant,Masters,67000.0,7,3,No,1,3,2,3,2,No
E1339,26,Male,Technology,QA Engineer,Bachelors,54500.0,1,0,No,2,3,6,4,1,Yes
E1340,20,Male,Finance,Financial Analyst,Bachelors,31000.0,0,0,No,4,4,7,3,2,No
E1341,32,Male,Technology,Data Analyst,Bachelors,63000.0,3,3,Yes,3,2,19,3,4,No
E1342,35,Female,Finance,Accountant,Bachelors,82500.0,6,5,Yes,4,1,18,3,2,Yes
E1343,32,Male,Technology,QA Engineer,Bachelors,50000.0,3,1,No,1,3,9,3,1,No
E1344,31,Female,Technology,DevOps Engineer,Bachelors,89500.0,4,4,Yes,4,3,25,3,3,Yes
E1345,28,Female,Sales,Business Development,Bachelors,53500.0,3,3,Yes,4,3,13,3,1,No
E1346,40,Male,Technology,DevOps Engineer,Bachelors,64500.0,3,2,Yes,4,1,5,3,4,Yes
E1347,34,Male,Sales,Sales Executive,Bachelors,58500.0,7,7,No,2,3,12,3,3,No
E1348,35,Male,Technology,Data Analyst,Bachelors,55000.0,1,1,No,1,4,3,3,1,No
E1349,26,Male,Sales,Sales Executive,Bachelors,40500.0,2,2,Yes,4,2,25,3,0,No
E1350,29,Male,Finance,Accountant,Bachelors,59000.0,1,1,No,4,1,18,3,1,No
E1351,35,Female,Operations,Supply Chain Analyst,Diploma,44500.0,2,1,Yes,3,4,7,3,5,No
E1352,26,Female,Technology,Software Engineer,Masters,99000.0,1,1,No,4,3,15,3,5,No
E1353,24,Male,Sales,Sales Executive,Bachelors,36000.0,1,1,Yes,4,2,16,3,2,No
E1354,31,Male,Finance,Accountant,Bachelors,75500.0,1,1,No,3,3,14,3,1,No
E1355,44,Male,Sales,Sales Executive,Masters,29500.0,7,0,No,3,4,25,3,2,No
E1356,36,Male,Operations,Supply Chain Analyst,Bachelors,30500.0,2,2,Yes,1,4,27,3,4,Yes
E1357,46,Female,Sales,Sales Manager,Diploma,42000.0,8,8,No,3,2,4,3,2,Yes
E1358,33,Male,Technology,DevOps Engineer,Bachelors,130000.0,6,0,No,4,3,10,4,0,No
E1359,32,Female,Technology,QA Engineer,PhD,55000.0,0,0,Yes,3,3,19,4,2,Yes
E1360,23,Male,Sales,Business Development,Bachelors,54500.0,1,1,No,4,2,4,4,5,No
E1361,29,Female,Technology,Data Analyst,Masters,41000.0,3,3,No,3,3,19,4,0,No
E1362,45,Female,Sales,Sales Manager,Bachelors,62500.0,11,4,No,2,3,1,3,1,No
E1363,37,Male,Finance,Accountant,Bachelors,87500.0,11,5,No,4,3,10,3,4,No
E1364,40,Male,Operations,Supply Chain Analyst,Bachelors,41500.0,4,4,No,1,4,14,4,3,No
E1365,40,Male,Technology,DevOps Engineer,Diploma,39000.0,7,4,No,2,4,31,3,5,Yes
E1366,34,Male,HR,HR Executive,PhD,40000.0,0,0,No,2,3,15,3,1,Yes
E1367,32,Female,Sales,Sales Executive,Masters,65500.0,6,6,No,3,3,26,3,2,No
E1368,35,Male,Technology,DevOps Engineer,Masters,97500.0,1,1,No,3,3,15,3,2,Yes
E1369,39,Male,Technology,QA Engineer,Masters,87000.0,5,4,Yes,3,2,5,3,2,Yes
E1370,38,Male,Technology,DevOps Engineer,Bachelors,58500.0,11,6,No,3,3,24,4,1,No
E1371,38,Female,Operations,Operations Associate,Diploma,49000.0,11,5,No,3,3,20,3,2,No
E1372,35,Female,HR,HR Executive,Bachelors,53000.0,2,1,Yes,1,1,10,3,5,Yes
E1373,28,Female,Sales,Sales Manager,Diploma,33500.0,0,0,Yes,3,2,7,3,1,Yes
E1374,32,Male,Technology,DevOps Engineer,Bachelors,82000.0,2,0,Yes,3,3,7,4,5,Yes
E1375,26,Male,Operations,Operations Associate,Masters,33000.0,1,1,Yes,3,2,26,3,2,Yes
E1376,42,Male,Operations,Supply Chain Analyst,Masters,46000.0,6,3,No,3,3,34,3,3,Yes
E1377,20,Male,Finance,Accountant,Masters,64500.0,0,0,No,1,3,32,3,3,No
E1378,32,Male,Operations,Supply Chain Analyst,Bachelors,38000.0,7,1,No,3,2,20,4,4,No
E1379,53,Female,Operations,Supply Chain Analyst,Bachelors,131500.0,16,8,No,3,4,12,3,4,No
E1380,31,Female,HR,Recruiter,Diploma,41000.0,1,1,No,4,3,37,3,2,No
E1381,25,Female,Finance,Financial Analyst,Bachelors,59500.0,1,1,Yes,2,1,14,3,1,Yes
E1382,34,Male,Sales,Sales Manager,Bachelors,37000.0,2,1,No,3,4,10,3,1,Yes
E1383,44,Male,Technology,Software Engineer,Masters,87500.0,8,8,No,1,3,4,3,1,No
E1384,33,Female,Finance,Financial Analyst,PhD,56000.0,4,1,Yes,3,2,4,3,0,No
E1385,39,Male,Operations,Supply Chain Analyst,Bachelors,27000.0,3,0,Yes,1,3,21,3,5,Yes
E1386,35,Male,Technology,Data Analyst,Bachelors,46000.0,2,2,Yes,3,2,9,4,2,Yes
E1387,31,Female,Technology,Data Analyst,Bachelors,70500.0,0,0,No,3,3,3,3,1,Yes
E1388,59,Male,Sales,Business Development,PhD,52500.0,7,5,No,4,3,30,3,1,No
E1389,35,Female,Finance,Financial Analyst,Bachelors,28000.0,3,1,Yes,3,4,11,3,1,No
E1390,30,Male,Technology,DevOps Engineer,Masters,40000.0,3,3,No,3,4,4,4,5,No
E1391,30,Female,HR,HR Executive,Bachelors,39000.0,3,3,No,1,4,19,3,5,No
E1392,37,Female,Sales,Sales Executive,Bachelors,46000.0,3,3,No,2,4,4,4,1,Yes
E1393,37,Male,Finance,Financial Analyst,Masters,76500.0,6,3,No,4,2,6,4,5,No
E1394,40,Male,Finance,Financial Analyst,Masters,39500.0,2,0,Yes,4,1,5,3,0,Yes
E1395,35,Female,Technology,DevOps Engineer,Masters,80000.0,1,1,Yes,2,2,6,4,3,Yes
E1396,23,Male,Sales,Sales Executive,Bachelors,40000.0,1,1,No,3,3,4,3,1,Yes
E1397,38,Male,Technology,Data Analyst,Bachelors,63000.0,3,1,Yes,2,1,4,3,4,Yes
E1398,32,Female,HR,HR Executive,Bachelors,49500.0,9,7,No,2,2,19,3,0,Yes
E1399,32,Male,Sales,Business Development,Bachelors,55500.0,0,0,No,4,1,12,4,1,Yes
E1400,22,Male,Sales,Sales Executive,Bachelors,49000.0,0,0,Yes,4,3,9,3,3,Yes
E1401,29,Female,Technology,DevOps Engineer,Bachelors,93500.0,3,3,No,3,3,4,3,1,No
E1402,28,Female,Sales,Sales Manager,Diploma,41500.0,5,5,No,4,2,19,3,2,No
E1403,34,Female,Operations,Supply Chain Analyst,Bachelors,37000.0,3,3,No,1,2,32,3,3,No
E1404,22,Male,Operations,Operations Associate,Bachelors,26000.0,0,0,No,4,4,13,4,4,No
E1405,34,Female,Operations,Supply Chain Analyst,Bachelors,32000.0,1,1,No,1,3,11,3,5,No
E1406,35,Male,Operations,Operations Associate,Bachelors,36000.0,3,1,No,1,2,7,4,1,No
E1407,25,Male,Finance,Accountant,Masters,45500.0,0,0,No,1,3,19,4,1,No
E1408,29,Male,Sales,Sales Executive,Bachelors,57500.0,3,0,No,2,3,18,3,1,No
E1409,27,Female,Operations,Operations Associate,Diploma,40500.0,0,0,Yes,3,3,16,3,2,Yes
E1410,41,Female,HR,HR Executive,Bachelors,64000.0,9,6,No,1,2,22,3,4,No
E1411,20,Female,HR,HR Executive,Bachelors,42750.0,0,0,Yes,4,2,8,3,4,No
E1412,31,Male,Finance,Financial Analyst,Masters,81500.0,4,2,No,3,4,7,3,5,No
E1413,21,Male,Operations,Operations Associate,Masters,37000.0,0,0,No,4,2,27,4,1,No
E1414,31,Female,Technology,Software Engineer,Bachelors,92000.0,2,2,No,4,2,19,3,2,No
E1415,41,Male,Finance,Financial Analyst,Diploma,86000.0,11,6,No,2,2,20,3,5,No
E1416,29,Male,Technology,Data Analyst,Masters,86000.0,2,2,No,2,3,5,3,2,Yes
E1417,35,Male,Technology,QA Engineer,Diploma,66500.0,1,1,No,4,4,23,3,3,No
E1418,27,Male,Technology,QA Engineer,Masters,55000.0,5,5,No,3,4,26,3,3,No
E1419,50,Male,Sales,Business Development,Diploma,28000.0,0,0,No,1,4,12,3,1,No
E1420,41,Male,Technology,Software Engineer,Diploma,126000.0,3,3,No,2,4,7,3,2,No
E1421,43,Female,Technology,Data Analyst,Diploma,84000.0,4,3,Yes,1,4,15,4,1,No
E1422,23,Male,Technology,Data Analyst,Masters,76500.0,1,1,No,3,4,6,3,2,No
E1423,25,Male,Operations,Supply Chain Analyst,Bachelors,37000.0,2,2,No,4,3,7,3,5,No
E1424,43,Male,Finance,Financial Analyst,Masters,53000.0,4,4,No,3,2,23,3,1,No
E1425,32,Female,Finance,Accountant,Masters,116000.0,0,0,Yes,1,4,9,3,4,Yes
E1426,32,Female,Operations,Supply Chain Analyst,Masters,33500.0,7,3,Yes,4,2,2,3,2,Yes
E1427,37,Female,Sales,Sales Manager,Masters,46000.0,3,3,No,4,3,13,3,0,No
E1428,24,Male,Technology,DevOps Engineer,Bachelors,69000.0,2,2,No,1,3,14,3,1,No
E1429,40,Female,Sales,Business Development,Bachelors,35500.0,4,4,No,2,3,8,3,2,Yes
E1430,34,Female,Technology,Software Engineer,Diploma,53000.0,4,4,No,3,1,5,3,3,No
E1431,38,Female,Operations,Operations Associate,Bachelors,47500.0,15,2,Yes,4,3,10,3,4,Yes
E1432,29,Male,Sales,Business Development,Bachelors,39500.0,1,1,No,1,4,6,3,1,No
E1433,38,Male,HR,HR Executive,Bachelors,40000.0,5,3,No,4,3,18,3,1,No
E1434,28,Female,Operations,Operations Associate,PhD,49000.0,2,0,Yes,3,3,32,3,5,Yes
E1435,42,Male,Technology,Data Analyst,Bachelors,52500.0,3,3,No,3,2,11,3,0,No
E1436,43,Female,HR,HR Executive,PhD,47500.0,3,3,No,3,3,22,3,2,No
E1437,41,Female,Technology,DevOps Engineer,Bachelors,133500.0,9,0,No,3,3,9,3,3,No
E1438,38,Female,Technology,Data Analyst,Bachelors,100000.0,5,3,No,2,3,27,3,1,No
E1439,39,Female,Technology,Software Engineer,PhD,62500.0,8,2,Yes,2,3,11,3,4,Yes
E1440,20,Male,Sales,Business Development,Bachelors,18500.0,0,0,Yes,4,3,7,3,2,Yes
E1441,41,Male,Technology,Software Engineer,PhD,82500.0,0,0,No,2,3,3,3,1,No
E1442,32,Male,Technology,DevOps Engineer,Bachelors,95500.0,7,7,No,4,3,14,4,3,No
E1443,35,Male,Operations,Supply Chain Analyst,Bachelors,34000.0,3,3,No,2,3,20,3,2,Yes
E1444,32,Female,Technology,Data Analyst,PhD,108000.0,4,3,Yes,3,4,28,4,0,No
E1445,23,Male,Sales,Sales Manager,Bachelors,37500.0,0,0,No,1,3,23,3,1,No
E1446,30,Female,Operations,Operations Associate,Diploma,37000.0,0,0,No,3,3,14,3,0,No
E1447,39,Male,Sales,Sales Manager,Diploma,34000.0,2,2,No,3,4,33,3,1,No
E1448,45,Female,Operations,Supply Chain Analyst,Bachelors,55000.0,10,6,No,4,3,7,3,3,No
E1449,29,Female,Operations,Supply Chain Analyst,Bachelors,38500.0,5,4,Yes,3,3,20,3,1,Yes
E1450,27,Male,Finance,Financial Analyst,Diploma,52500.0,4,0,Yes,3,1,10,3,1,Yes
E1451,46,Male,Technology,QA Engineer,Bachelors,126500.0,11,3,No,2,3,10,3,2,No
E1452,27,Male,Sales,Sales Manager,Bachelors,44500.0,0,0,Yes,4,3,26,3,0,Yes
E1453,51,Female,Sales,Business Development,Bachelors,42000.0,13,5,No,4,3,30,3,1,No
E1454,34,Female,Sales,Sales Executive,Diploma,65000.0,7,0,No,3,3,7,3,3,No
E1455,27,Female,Technology,DevOps Engineer,Bachelors,88500.0,2,2,Yes,3,3,31,3,1,Yes
E1456,42,Male,Technology,QA Engineer,Masters,57500.0,3,3,No,2,4,29,3,0,No
E1457,48,Female,Operations,Operations Associate,Masters,45000.0,10,6,No,2,2,8,4,1,No
E1458,23,Female,Technology,QA Engineer,Bachelors,66000.0,0,0,No,3,3,14,3,1,No
E1459,46,Male,Operations,Supply Chain Analyst,Masters,60500.0,20,5,No,3,3,4,3,2,No
E1460,32,Male,HR,HR Executive,Masters,42500.0,2,2,No,1,1,1,4,3,Yes
E1461,46,Female,Sales,Business Development,PhD,60500.0,5,1,No,4,4,16,3,3,No
E1462,31,Female,Technology,Data Analyst,Bachelors,75000.0,8,8,No,4,3,11,3,1,No
E1463,21,Male,Sales,Business Development,Bachelors,75000.0,0,0,Yes,2,4,9,3,5,No
E1464,38,Male,Sales,Sales Executive,Bachelors,38500.0,3,0,Yes,4,2,16,3,1,No
E1465,41,Female,Operations,Operations Associate,Masters,41000.0,5,5,No,3,4,6,3,1,No
E1466,51,Female,Technology,Data Analyst,Bachelors,158000.0,10,6,No,3,3,15,3,0,No
E1467,48,Male,Sales,Sales Executive,Bachelors,124500.0,13,8,Yes,4,2,28,3,2,Yes
E1468,40,Female,Sales,Sales Executive,Masters,44000.0,1,1,No,1,3,39,3,2,Yes
E1469,32,Male,Finance,Financial Analyst,Masters,61000.0,6,6,No,1,4,11,3,3,No
E1470,30,Male,Technology,Data Analyst,Masters,58000.0,5,5,No,4,4,6,3,3,No
E1471,32,Female,Sales,Business Development,Masters,60000.0,1,1,No,1,3,10,4,3,No
E1472,27,Male,Finance,Financial Analyst,Bachelors,57000.0,1,1,Yes,3,3,13,3,5,No
E1473,32,Female,Sales,Sales Executive,Masters,40000.0,5,3,No,4,4,16,4,2,No
E1474,20,Female,HR,HR Executive,Bachelors,42500.0,0,0,No,2,3,4,3,5,No
E1475,35,Female,Technology,QA Engineer,Diploma,110500.0,4,2,Yes,4,4,30,3,3,No
E1476,34,Female,Technology,QA Engineer,Diploma,94500.0,5,3,No,2,3,33,3,1,No
E1477,55,Female,Technology,Data Analyst,Bachelors,188000.0,14,0,No,4,2,15,3,1,No
E1478,40,Male,Finance,Financial Analyst,Diploma,95000.0,8,2,No,1,3,9,4,3,No
E1479,30,Female,Operations,Operations Associate,Masters,44000.0,2,2,No,3,3,13,4,1,No
E1480,39,Male,HR,HR Executive,Masters,51000.0,9,8,No,4,3,31,3,4,No
E1481,24,Male,Sales,Sales Executive,Masters,49000.0,0,0,Yes,4,4,22,3,3,No
E1482,29,Male,Technology,QA Engineer,Masters,91500.0,0,0,No,3,1,18,3,2,No
E1483,20,Female,Sales,Sales Executive,Bachelors,53500.0,0,0,No,3,2,3,3,1,No
E1484,45,Male,Sales,Sales Executive,Masters,81500.0,11,8,Yes,4,2,7,4,2,No
E1485,39,Female,Sales,Sales Executive,PhD,50000.0,3,3,No,4,4,9,3,4,No
E1486,25,Male,Sales,Business Development,Diploma,56000.0,2,2,Yes,2,2,3,4,3,Yes
E1487,34,Male,Operations,Operations Associate,Bachelors,56500.0,3,3,No,4,4,10,3,1,No
E1488,42,Male,HR,Recruiter,PhD,46500.0,7,0,No,4,2,19,4,5,No
E1489,38,Male,Operations,Operations Associate,Diploma,25000.0,0,0,No,3,4,16,3,2,Yes
E1490,37,Female,Finance,Financial Analyst,Bachelors,91000.0,2,2,No,2,3,8,3,4,No
E1491,27,Male,Technology,QA Engineer,Diploma,82500.0,2,2,Yes,3,4,11,4,3,No
E1492,29,Male,Technology,Data Analyst,Bachelors,60000.0,1,1,No,2,4,5,3,4,No
E1493,35,Female,Technology,Data Analyst,Bachelors,83500.0,5,4,No,3,4,19,3,1,Yes
E1494,41,Female,Technology,DevOps Engineer,Masters,65500.0,2,2,No,3,2,2,3,0,No
E1495,27,Male,Technology,QA Engineer,Diploma,45000.0,3,3,Yes,4,4,3,3,4,No
E1496,25,Male,HR,Recruiter,Masters,37500.0,1,1,No,4,3,2,3,2,No
E1497,43,Male,Sales,Sales Executive,Bachelors,36000.0,7,0,Yes,2,3,5,3,1,No
E1498,27,Male,Sales,Sales Manager,Bachelors,48000.0,2,2,Yes,4,2,25,3,1,No
E1499,43,Male,Technology,QA Engineer,Masters,78000.0,6,0,No,4,3,12,4,2,No
E1500,36,Female,Finance,Financial Analyst,Masters,85500.0,5,1,No,2,3,11,3,5,No
