order_id,customer_id,order_date,ship_mode,discount_pct,status
O000001,C00154,2023-06-24,Standard,0,Delivered
O000002,C01200,2024-11-04,Same Day,5,Delivered
O000003,C00923,2023-07-24,Standard,15,Delivered
O000004,C00576,2023-04-03,Express,20,Delivered
O000005,C01470,2024-11-01,Express,10,Delivered
O000006,C00502,2024-05-24,Standard,0,Delivered
O000007,C01381,2023-12-13,Standard,0,Delivered
O000008,C00873,2024-12-10,Same Day,0,Delivered
O000009,C00061,2024-12-02,Standard,15,Returned
O000010,C01301,2024-07-29,Standard,0,Delivered
O000011,C01127,2024-03-10,Express,0,Delivered
O000012,C00939,2024-04-25,Standard,0,Delivered
O000013,C00897,2024-12-26,Standard,5,Returned
O000014,C00334,2024-12-03,Express,0,Delivered
O000015,C00321,2023-11-30,Same Day,5,Delivered
O000016,C00046,2023-11-25,Standard,0,Returned
O000017,C00230,2023-10-13,Same Day,5,Delivered
O000018,C00497,2023-07-06,Standard,0,Delivered
O000019,C00807,2024-07-13,Standard,5,Cancelled
O000020,C00206,2024-05-13,Standard,10,Delivered
O000021,C00834,2023-10-30,Standard,5,Delivered
O000022,C00397,2023-05-24,Express,0,Delivered
O000023,C00382,2024-02-05,Standard,10,Delivered
O000024,C01423,2023-06-06,Standard,5,Delivered
O000025,C01495,2024-02-14,Express,5,Delivered
O000026,C01224,2023-05-23,Express,0,Delivered
O000027,C00088,2024-12-07,Express,30,Delivered
O000028,C01080,2023-05-24,Express,5,Delivered
O000029,C00269,2024-02-26,Same Day,5,Delivered
O000030,C00848,2023-07-12,Express,0,Delivered
O000031,C01353,2023-03-19,Same Day,10,Delivered
O000032,C00575,2023-07-17,Same Day,0,Delivered
O000033,C01403,2023-02-26,,10,Delivered
O000034,C01049,2023-12-21,Standard,0,Delivered
O000035,C00438,2024-02-01,Standard,0,Delivered
O000036,C00150,2024-06-09,Standard,10,Delivered
O000037,C01237,2024-01-28,Standard,5,Delivered
O000038,C00686,2023-12-23,Standard,0,Cancelled
O000039,C00120,2024-04-15,Standard,15,Delivered
O000040,C00160,2023-08-14,Standard,30,Delivered
O000041,C01458,2023-11-13,Express,5,Delivered
O000042,C00367,2024-01-14,Standard,10,Cancelled
O000043,C01458,2023-10-01,Same Day,5,Delivered
O000044,C00998,2024-01-10,Express,10,Delivered
O000045,C00438,2024-12-26,Express,10,Delivered
O000046,C00581,2024-12-30,Standard,10,Returned
O000047,C01155,2024-12-21,Same Day,0,Delivered
O000048,C00656,2024-02-03,Standard,0,Delivered
O000049,C00122,2023-06-23,Express,5,Delivered
O000050,C00343,2023-10-18,Standard,10,Delivered
O000051,C01301,2023-11-18,Standard,10,Delivered
O000052,C01018,2023-09-06,Standard,0,Delivered
O000053,C00757,2023-04-19,Express,5,Delivered
O000054,C00370,2023-12-30,Express,10,Returned
O000055,C00721,2024-02-15,Express,0,Delivered
O000056,C01177,2023-11-03,Express,20,Delivered
O000057,C00126,2024-07-30,Standard,5,Delivered
O000058,C01498,2023-11-05,Same Day,15,Delivered
O000059,C01299,2024-10-21,Standard,0,Delivered
O000060,C00466,2023-08-20,Same Day,5,Returned
O000061,C01319,2024-03-11,Express,30,Delivered
O000062,C01002,2023-06-30,Standard,10,Delivered
O000063,C00969,2024-02-02,Standard,0,Delivered
O000064,C00215,2023-10-02,Express,30,Delivered
O000065,C01379,2023-06-09,Same Day,5,Delivered
O000066,C00677,2024-05-10,Express,10,Delivered
O000067,C01202,2023-09-08,Express,0,Delivered
O000068,C00438,2023-06-19,Same Day,15,Delivered
O000069,C00446,2024-11-25,Standard,30,Delivered
O000070,C01454,2024-05-15,Standard,5,Delivered
O000071,C00749,2024-04-02,Express,0,Cancelled
O000072,C00096,2024-03-19,Standard,10,Delivered
O000073,C01272,2023-08-28,Express,0,Delivered
O000074,C00341,2023-12-30,Standard,5,Delivered
O000075,C01323,2024-04-02,Express,10,Cancelled
O000076,C01389,2024-08-03,Standard,0,Delivered
O000077,C00120,2023-08-04,Express,20,Delivered
O000078,C00863,2023-07-09,Standard,10,Delivered
O000079,C01477,2024-05-13,Standard,5,Delivered
O000080,C01405,2024-11-13,Standard,5,Delivered
O000081,C00783,2024-09-23,Express,15,Delivered
O000082,C00996,2024-12-03,Standard,5,Delivered
O000083,C00887,2024-06-09,Standard,30,Cancelled
O000084,C00307,2024-06-18,Express,0,Delivered
O000085,C00955,2024-01-21,Standard,0,Delivered
O000086,C00494,2024-11-14,Standard,5,Delivered
O000087,C00501,2024-02-16,Standard,0,Delivered
O000088,C00633,2023-11-04,Standard,5,Delivered
O000089,C01288,2024-05-31,Standard,5,Delivered
O000090,C00356,2024-03-17,Standard,0,Delivered
O000091,C00378,2023-05-05,Standard,0,Delivered
O000092,C00024,2024-03-11,Standard,0,Delivered
O000093,C00230,2023-10-12,Standard,0,Delivered
O000094,C01473,2024-10-19,Standard,0,Delivered
O000095,C00656,2024-02-03,Standard,0,Cancelled
O000096,C00294,2024-10-07,Standard,30,Delivered
O000097,C01456,2023-12-24,Standard,0,Delivered
O000098,C00044,2024-08-25,Same Day,0,Delivered
O000099,C00727,2024-02-17,Standard,30,Delivered
O000100,C01204,2024-11-23,Express,15,Delivered
O000101,C01151,2024-01-21,Standard,0,Delivered
O000102,C00285,2023-09-04,Standard,20,Delivered
O000103,C01049,2023-12-21,Express,20,Delivered
O000104,C00908,2023-09-09,Standard,10,Delivered
O000105,C00987,2023-11-10,Same Day,10,Delivered
O000106,C00400,2024-07-31,Standard,10,Delivered
O000107,C01219,2024-12-05,Standard,30,Delivered
O000108,C00841,2024-06-23,Standard,5,Delivered
O000109,C01072,2024-03-18,Express,15,Delivered
O000110,C01416,2023-12-28,Standard,0,Delivered
O000111,C01291,2024-10-10,Standard,10,Delivered
O000112,C01163,2024-10-20,Same Day,30,Delivered
O000113,C00426,2023-12-13,Standard,0,Delivered
O000114,C00088,2024-12-07,Standard,0,Delivered
O000115,C00854,2023-11-25,Standard,15,Delivered
O000116,C00051,2024-09-25,Express,10,Delivered
O000117,C01057,2024-12-14,Standard,10,Delivered
O000118,C01089,2024-07-20,Express,30,Delivered
O000119,C00845,2023-06-09,Same Day,0,Delivered
O000120,C00255,2024-04-19,Standard,10,Delivered
O000121,C01321,2023-04-30,Standard,10,Delivered
O000122,C00874,2024-09-18,Standard,0,Delivered
O000123,C00767,2023-09-21,Standard,0,Delivered
O000124,C00848,2024-07-13,Standard,10,Delivered
O000125,C00133,2024-11-17,Standard,10,Delivered
O000126,C01092,2023-06-27,Express,10,Delivered
O000127,C00097,2023-11-24,Standard,5,Delivered
O000128,C00860,2024-06-05,Same Day,10,Delivered
O000129,C00255,2023-12-09,Same Day,0,Delivered
O000130,C00310,2023-06-21,Standard,0,Delivered
O000131,C00352,2023-01-29,Express,10,Delivered
O000132,C00036,2023-12-01,Express,10,Cancelled
O000133,C01350,2024-06-07,Standard,15,Delivered
O000134,C01204,2024-04-09,Standard,5,Returned
O000135,C00049,2023-06-04,Standard,15,Delivered
O000136,C00092,2024-05-27,Standard,20,Delivered
O000137,C01163,2023-11-12,Express,5,Delivered
O000138,C00020,2023-11-07,Standard,5,Delivered
O000139,C00709,2024-08-08,Standard,20,Delivered
O000140,C00165,2023-10-10,Express,0,Delivered
O000141,C00872,2024-03-12,Same Day,10,Returned
O000142,C01500,2024-11-22,Standard,10,Delivered
O000143,C00260,2024-04-29,Standard,5,Delivered
O000144,C01435,2024-05-13,Standard,15,Delivered
O000145,C01306,2023-03-16,Same Day,0,Delivered
O000146,C01488,2023-06-25,Standard,0,Delivered
O000147,C01135,2023-04-13,Standard,0,Delivered
O000148,C01295,2024-09-02,Express,20,Delivered
O000149,C00874,2024-10-14,Standard,0,Delivered
O000150,C01312,2023-07-02,Standard,10,Delivered
O000151,C00172,2023-08-02,Express,0,Delivered
O000152,C01093,2023-10-18,Express,5,Delivered
O000153,C00916,2024-04-23,Standard,5,Cancelled
O000154,C00096,2024-05-17,Same Day,0,Delivered
O000155,C00427,2024-07-07,Standard,5,Delivered
O000156,C00323,2024-11-14,Standard,0,Delivered
O000157,C00616,2023-10-02,Standard,0,Delivered
O000158,C00298,2024-06-15,Standard,5,Delivered
O000159,C00414,2024-03-28,Standard,10,Delivered
O000160,C00435,2023-10-08,Standard,0,Delivered
O000161,C00879,2024-11-15,Standard,5,Delivered
O000162,C00210,2023-07-31,Same Day,5,Delivered
O000163,C00364,2024-07-27,Standard,20,Delivered
O000164,C00466,2024-08-07,Standard,10,Delivered
O000165,C00674,2024-11-19,Standard,20,Delivered
O000166,C00062,2024-02-23,Express,5,Delivered
O000167,C01500,2023-10-17,Standard,15,Delivered
O000168,C00438,2024-10-10,Standard,0,Delivered
O000169,C00426,2024-09-06,Express,10,Cancelled
O000170,C00831,2024-02-07,Standard,5,Delivered
O000171,C01289,2024-09-04,Express,10,Delivered
O000172,C00683,2023-10-30,Standard,20,Delivered
O000173,C00373,2024-04-25,Express,10,Cancelled
O000174,C00846,2024-10-27,Standard,0,Delivered
O000175,C00726,2023-10-15,,10,Delivered
O000176,C00641,2024-01-24,Standard,10,delivered
O000177,C01479,2024-12-05,Standard,0,Delivered
O000178,C01499,2024-09-24,Express,0,Delivered
O000179,C00842,2024-11-06,Standard,10,Delivered
O000180,C00106,2023-11-20,Standard,0,Delivered
O000181,C00848,2024-12-30,Standard,0,Delivered
O000182,C01431,2024-03-19,Standard,20,Delivered
O000183,C01400,2024-02-23,Standard,30,Delivered
O000184,C00323,2024-01-20,Standard,5,Delivered
O000185,C00286,2024-09-24,Standard,30,Delivered
O000186,C00227,2024-11-16,Standard,15,Delivered
O000187,C01241,2024-08-09,Express,10,Delivered
O000188,C00738,2024-05-21,Standard,10,Delivered
O000189,C00501,2023-12-14,Standard,20,Returned
O000190,C00480,2024-02-16,Standard,10,Delivered
O000191,C00416,2024-02-15,Standard,0,Delivered
O000192,C01332,2023-01-21,Standard,0,Delivered
O000193,C00619,2024-02-09,Standard,5,Delivered
O000194,C00368,2024-10-23,Standard,0,Cancelled
O000195,C01051,2024-07-24,Express,0,Delivered
O000196,C00923,2024-09-22,Standard,5,Delivered
O000197,C01058,2024-01-24,Standard,0,Delivered
O000198,C01246,2024-03-03,Standard,0,Delivered
O000199,C00156,2023-07-04,Standard,20,Delivered
O000200,C00007,2023-11-19,Express,0,delivered
O000201,C00080,2024-01-16,Express,10,Delivered
O000202,C01048,2023-09-01,Same Day,10,Delivered
O000203,C01407,2024-06-07,Standard,30,Delivered
O000204,C00490,2024-07-10,Standard,0,Delivered
O000205,C01161,2023-12-19,Express,0,Delivered
O000206,C01080,2023-12-07,Express,10,Cancelled
O000207,C01472,2024-05-27,Standard,10,Delivered
O000208,C00716,2024-03-10,Standard,15,Delivered
O000209,C00250,2023-12-21,Standard,0,Delivered
O000210,C01134,2024-02-14,Standard,0,Delivered
O000211,C01241,2024-04-15,Standard,0,Returned
O000212,C01048,2023-01-07,Standard,10,Delivered
O000213,C01306,2024-11-15,Same Day,0,Delivered
O000214,C00562,2023-08-22,Standard,0,Delivered
O000215,C01013,2023-12-29,Express,10,Delivered
O000216,C00397,2023-07-22,Standard,0,Delivered
O000217,C00672,2024-02-28,Express,0,Delivered
O000218,C00367,2024-01-14,Express,0,Delivered
O000219,C00230,2024-10-25,Standard,15,Delivered
O000220,C00057,2023-11-26,Standard,10,Delivered
O000221,C00977,2024-05-30,Standard,5,Delivered
O000222,C01321,2023-08-27,Standard,5,Delivered
O000223,C00457,2023-01-20,Express,30,Delivered
O000224,C00652,2024-02-02,Express,0,Delivered
O000225,C00009,2024-03-09,Express,0,Delivered
O000226,C00625,2024-01-04,Standard,15,Delivered
O000227,C00418,2024-12-11,Express,5,Returned
O000228,C00852,2024-07-23,Express,30,Returned
O000229,C01382,2024-12-29,Standard,10,Delivered
O000230,C00762,2023-10-02,Express,10,Delivered
O000231,C00988,2024-09-18,Standard,10,Delivered
O000232,C01042,2024-03-25,Standard,0,Delivered
O000233,C00228,2024-05-09,Express,20,Delivered
O000234,C00520,2024-12-24,Standard,5,Returned
O000235,C00175,2024-06-11,Standard,0,Delivered
O000236,C00664,2024-11-12,Standard,0,Delivered
O000237,C01338,2024-08-06,Express,5,Delivered
O000238,C00726,2023-06-11,Standard,0,Delivered
O000239,C00682,2024-07-17,Standard,0,Delivered
O000240,C00313,2024-01-24,Standard,0,Delivered
O000241,C00451,2024-11-20,Standard,20,Delivered
O000242,C01410,2024-09-29,Standard,10,Delivered
O000243,C00441,2024-01-23,Express,0,Delivered
O000244,C01082,2024-03-10,Express,0,Delivered
O000245,C00071,2023-03-13,Express,15,Delivered
O000246,C00199,2024-02-01,Express,10,Delivered
O000247,C00453,2024-06-02,Standard,0,Delivered
O000248,C01369,2024-08-04,Standard,30,Delivered
O000249,C00334,2024-03-22,Standard,0,Delivered
O000250,C01077,2024-10-14,Standard,0,Delivered
O000251,C00253,2023-09-20,Express,0,Delivered
O000252,C00895,2024-02-24,Standard,30,Delivered
O000253,C00867,2023-04-29,Express,15,Cancelled
O000254,C00908,2024-11-05,Standard,10,Returned
O000255,C00426,2023-12-13,Standard,5,Delivered
O000256,C00243,2024-04-06,Same Day,0,Delivered
O000257,C01335,2023-07-20,Standard,0,Delivered
O000258,C00848,2024-09-29,Standard,0,Delivered
O000259,C00315,2024-02-07,Standard,15,Delivered
O000260,C00625,2024-05-11,Standard,10,Delivered
O000261,C00105,2024-08-20,Standard,5,Delivered
O000262,C00723,2024-08-23,Same Day,30,Returned
O000263,C00645,2023-12-19,Express,0,Delivered
O000264,C00208,2023-11-16,Express,0,Delivered
O000265,C00667,2023-12-28,Express,5,Delivered
O000266,C00930,2023-11-08,Standard,30,Delivered
O000267,C01403,2024-07-17,Same Day,0,Cancelled
O000268,C01033,2024-04-04,Standard,0,Delivered
O000269,C00759,2023-12-28,Standard,0,Delivered
O000270,C01150,2023-04-25,Same Day,30,Delivered
O000271,C00418,2024-04-04,Standard,0,Delivered
O000272,C00973,2023-07-02,Standard,10,Delivered
O000273,C00014,2024-07-01,Express,15,Delivered
O000274,C00120,2023-03-14,Standard,10,Delivered
O000275,C00913,2024-12-19,Standard,0,Delivered
O000276,C00294,2024-07-05,Standard,0,Returned
O000277,C01012,2023-06-28,Standard,0,Returned
O000278,C00924,2023-12-12,Standard,15,Delivered
O000279,C00098,2024-04-06,Standard,15,Delivered
O000280,C00599,2023-05-31,Standard,0,Delivered
O000281,C00895,2023-09-22,Standard,5,Delivered
O000282,C01057,2024-10-31,Standard,0,Delivered
O000283,C01237,2024-05-03,Standard,5,Delivered
O000284,C00489,2023-06-23,Standard,5,Delivered
O000285,C01273,2024-03-26,Standard,30,Delivered
O000286,C00538,2024-05-06,Standard,5,Delivered
O000287,C00020,2024-12-19,Standard,0,Delivered
O000288,C00892,2023-02-02,Express,5,Delivered
O000289,C00365,2024-08-10,Standard,20,Delivered
O000290,C00197,2024-09-07,Standard,5,Delivered
O000291,C00391,2023-11-15,Standard,15,Delivered
O000292,C01257,2024-04-03,Express,5,Delivered
O000293,C01388,2023-11-19,Standard,10,Delivered
O000294,C01450,2024-10-29,Express,5,Delivered
O000295,C00441,2024-03-10,Express,20,Delivered
O000296,C00681,2024-06-12,Standard,10,Delivered
O000297,C01201,2024-09-14,Standard,5,Delivered
O000298,C00466,2024-10-10,Same Day,15,Delivered
O000299,C00584,2024-01-18,Standard,0,Delivered
O000300,C00354,2024-02-20,Standard,0,Delivered
O000301,C00851,2024-07-31,Standard,0,Delivered
O000302,C00959,2023-09-07,Standard,10,Delivered
O000303,C00467,2024-10-22,Express,15,Delivered
O000304,C00042,2023-01-21,Standard,10,Delivered
O000305,C01089,2023-07-11,Standard,5,Delivered
O000306,C00899,2024-09-25,Standard,0,Delivered
O000307,C00334,2023-10-27,Same Day,30,Delivered
O000308,C00458,2023-08-07,Standard,0,Delivered
O000309,C01436,2023-12-23,Express,0,Delivered
O000310,C00918,2024-03-05,Standard,15,Delivered
O000311,C00874,2024-10-18,Express,20,Delivered
O000312,C00931,2023-03-14,Standard,0,Delivered
O000313,C01434,2023-10-20,Standard,5,Delivered
O000314,C00503,2024-01-09,Same Day,15,delivered
O000315,C00418,2024-12-08,Express,0,Delivered
O000316,C00570,2023-09-19,Standard,30,Delivered
O000317,C01200,2024-12-10,Same Day,0,Delivered
O000318,C00190,2024-11-07,Standard,5,Returned
O000319,C00310,2023-09-23,Express,0,Returned
O000320,C00342,2024-10-05,Express,0,Delivered
O000321,C00923,2024-07-06,Express,0,Delivered
O000322,C00937,2024-02-17,Standard,0,Delivered
O000323,C00562,2023-12-11,Express,20,Delivered
O000324,C00417,2024-10-04,Express,5,Delivered
O000325,C01118,2024-09-20,Standard,0,Delivered
O000326,C00049,2024-08-27,Same Day,5,Delivered
O000327,C01091,2024-12-31,Standard,0,Delivered
O000328,C00314,2024-01-20,Standard,10,Delivered
O000329,C01376,2024-09-29,Express,5,Delivered
O000330,C00625,2024-10-26,Standard,5,Returned
O000331,C00939,2023-12-16,Express,10,Delivered
O000332,C00190,2023-02-23,Standard,5,Delivered
O000333,C00382,2023-11-30,Standard,15,Delivered
O000334,C01025,2024-10-23,Express,10,Delivered
O000335,C00827,2023-09-27,Express,0,Delivered
O000336,C01151,2024-07-17,Express,0,Delivered
O000337,C00845,2023-01-08,Standard,0,Delivered
O000338,C00848,2023-11-04,Standard,20,Delivered
O000339,C01296,2024-05-12,,15,Delivered
O000340,C00645,2023-12-19,Same Day,30,Delivered
O000341,C01353,2024-11-11,Express,10,Delivered
O000342,C00562,2023-08-22,Standard,20,Delivered
O000343,C00487,2024-11-16,Standard,5,Delivered
O000344,C01157,2023-10-18,Standard,10,Delivered
O000345,C00032,2024-12-28,Standard,5,Delivered
O000346,C00260,2024-05-04,Standard,15,Delivered
O000347,C00118,2023-03-27,Standard,30,Delivered
O000348,C00763,2023-03-08,Express,10,Delivered
O000349,C00915,2023-03-18,Standard,15,Delivered
O000350,C00029,2024-04-22,Standard,20,Delivered
O000351,C00240,2024-10-01,Express,0,Delivered
O000352,C00439,2023-11-29,Standard,5,Delivered
O000353,C00432,2023-12-25,Express,10,Delivered
O000354,C00154,2024-04-22,Express,10,Delivered
O000355,C00260,2024-04-29,Express,5,Returned
O000356,C01283,2024-07-08,Express,5,Delivered
O000357,C01025,2024-01-14,Express,0,Delivered
O000358,C00435,2024-07-28,Standard,20,Delivered
O000359,C00397,2024-12-30,Express,10,Delivered
O000360,C00126,2023-11-02,Express,10,Delivered
O000361,C00521,2023-01-13,Standard,0,Delivered
O000362,C00607,2024-02-23,Express,0,Delivered
O000363,C01378,2024-03-23,Standard,5,Returned
O000364,C01095,2024-05-27,Standard,0,Delivered
O000365,C00724,2024-11-30,Standard,0,Delivered
O000366,C00209,2024-05-21,Express,0,Returned
O000367,C00956,2024-03-29,Standard,0,Delivered
O000368,C01409,2024-09-24,Standard,0,Delivered
O000369,C00123,2023-12-24,Standard,10,Delivered
O000370,C01285,2024-10-06,Express,10,Delivered
O000371,C00272,2023-11-16,Same Day,5,Delivered
O000372,C01025,2024-05-15,Standard,30,Delivered
O000373,C00276,2024-11-27,Standard,5,Cancelled
O000374,C00879,2024-09-17,Express,15,Delivered
O000375,C00356,2024-10-22,Standard,0,Delivered
O000376,C00807,2023-11-26,Standard,0,Delivered
O000377,C00879,2024-10-08,Express,0,Delivered
O000378,C00901,2024-03-21,Express,30,Delivered
O000379,C01007,2024-05-15,Standard,20,Delivered
O000380,C00110,2023-07-08,Standard,5,Delivered
O000381,C01033,2024-04-04,Standard,15,Delivered
O000382,C00230,2024-03-21,Same Day,0,Returned
O000383,C00991,2023-05-30,Express,10,Delivered
O000384,C00196,2024-08-17,Standard,0,Delivered
O000385,C00724,2024-10-16,Same Day,10,Delivered
O000386,C00586,2024-11-21,Standard,0,Delivered
O000387,C01460,2023-11-13,Express,10,Delivered
O000388,C00920,2024-11-30,Express,5,Delivered
O000389,C00140,2023-03-11,Express,10,Delivered
O000390,C01025,2024-01-16,Express,0,Delivered
O000391,C00294,2024-10-16,Standard,5,Delivered
O000392,C00425,2024-05-23,Standard,0,Delivered
O000393,C00574,2023-07-20,Standard,0,Delivered
O000394,C01154,2024-01-09,Express,5,Delivered
O000395,C01417,2024-02-17,Standard,0,Delivered
O000396,C01398,2024-10-02,Standard,5,Delivered
O000397,C00257,2023-07-16,Standard,0,Delivered
O000398,C00096,2023-08-02,Standard,5,Delivered
O000399,C01258,2024-04-05,Standard,5,Delivered
O000400,C00426,2023-12-13,Standard,0,Delivered
O000401,C00863,2024-08-09,Standard,0,Delivered
O000402,C01473,2024-12-05,Standard,10,Delivered
O000403,C00280,2024-09-03,Standard,15,Delivered
O000404,C00568,2024-11-02,,0,Delivered
O000405,C01312,2024-02-24,Express,0,Returned
O000406,C00951,2024-10-12,Express,15,Delivered
O000407,C01411,2023-06-29,Same Day,0,Delivered
O000408,C00922,2023-03-11,Standard,0,Delivered
O000409,C00442,2024-06-13,Express,0,Delivered
O000410,C01204,2023-02-22,Standard,30,Delivered
O000411,C01124,2024-11-09,Standard,5,Delivered
O000412,C01407,2024-07-11,Standard,0,Delivered
O000413,C00723,2024-12-06,Express,5,Delivered
O000414,C00759,2023-10-12,Standard,0,Delivered
O000415,C00480,2024-01-26,Standard,0,Delivered
O000416,C00408,2024-08-17,Express,30,Delivered
O000417,C01499,2023-08-22,Standard,5,Delivered
O000418,C01472,2024-05-27,Express,10,Returned
O000419,C00788,2024-06-15,Express,20,Delivered
O000420,C01434,2024-12-20,Standard,0,Delivered
O000421,C00540,2024-08-19,Standard,0,Returned
O000422,C01287,2023-08-16,Standard,0,Delivered
O000423,C00923,2024-01-17,Express,10,Returned
O000424,C01063,2024-05-30,Express,5,Cancelled
O000425,C01066,2023-05-26,Express,5,Delivered
O000426,C00923,2023-12-17,Standard,0,Delivered
O000427,C01288,2023-09-23,Standard,0,Cancelled
O000428,C00594,2023-11-12,Express,5,Delivered
O000429,C01285,2024-02-17,Express,0,Delivered
O000430,C00276,2023-06-13,Standard,15,Delivered
O000431,C00300,2024-04-23,Standard,30,Delivered
O000432,C01065,2023-06-17,Standard,20,Delivered
O000433,C01106,2024-08-04,Standard,5,Delivered
O000434,C01374,2023-07-11,Express,0,delivered
O000435,C00414,2024-11-10,Same Day,5,Delivered
O000436,C00092,2024-05-27,Standard,0,Delivered
O000437,C00762,2024-02-26,Standard,20,Delivered
O000438,C01321,2023-10-16,Standard,10,Delivered
O000439,C01465,2023-08-07,Standard,0,Delivered
O000440,C01296,2024-01-14,Standard,15,Delivered
O000441,C00737,2024-10-16,Standard,0,Delivered
O000442,C01306,2024-11-19,Standard,15,Delivered
O000443,C00321,2023-11-30,Express,5,Delivered
O000444,C01395,2023-06-18,Express,15,Returned
O000445,C00848,2024-08-02,Express,30,Delivered
O000446,C00590,2024-04-16,Standard,0,Returned
O000447,C00861,2023-10-17,Standard,10,Delivered
O000448,C01168,2024-08-30,Standard,0,Returned
O000449,C00360,2024-02-23,Standard,15,Delivered
O000450,C00158,2024-06-10,Standard,5,Delivered
O000451,C01085,2023-11-06,Standard,30,Delivered
O000452,C01431,2024-03-19,Same Day,20,Cancelled
O000453,C00925,2023-06-27,Same Day,0,Delivered
O000454,C00218,2024-08-27,Express,0,Delivered
O000455,C00941,2024-01-05,Express,10,Delivered
O000456,C00182,2024-09-11,Express,0,Delivered
O000457,C00441,2024-09-24,Express,0,Delivered
O000458,C00049,2024-08-20,Express,5,Delivered
O000459,C00730,2023-01-20,Standard,5,Delivered
O000460,C00473,2023-09-15,Same Day,5,Delivered
O000461,C00154,2024-01-11,Express,0,Delivered
O000462,C00450,2024-04-27,Standard,0,Delivered
O000463,C00949,2024-11-21,Standard,0,Delivered
O000464,C00426,2023-12-13,Express,10,Delivered
O000465,C00218,2024-11-01,Same Day,5,Delivered
O000466,C00815,2023-06-11,Standard,5,Delivered
O000467,C01116,2024-04-13,Standard,30,Delivered
O000468,C01261,2023-02-23,Standard,20,Delivered
O000469,C00717,2024-08-17,Standard,0,Delivered
O000470,C01052,2023-05-30,Standard,15,Delivered
O000471,C01268,2023-09-02,Standard,0,Cancelled
O000472,C00980,2024-09-09,Standard,10,Delivered
O000473,C00784,2024-03-08,Standard,0,Delivered
O000474,C00096,2023-08-02,Express,0,Delivered
O000475,C00426,2023-12-13,Standard,20,Cancelled
O000476,C00472,2024-02-16,Standard,10,Delivered
O000477,C00600,2023-10-07,Standard,0,Delivered
O000478,C01427,2023-06-27,Express,20,Delivered
O000479,C00313,2024-05-11,Standard,0,Delivered
O000480,C00807,2023-08-10,Standard,0,Delivered
O000481,C01494,2024-04-24,Standard,5,Cancelled
O000482,C00903,2024-01-02,Standard,10,Delivered
O000483,C00313,2023-07-03,Same Day,10,Delivered
O000484,C01445,2023-09-01,Standard,5,Delivered
O000485,C00497,2023-08-17,Standard,5,Delivered
O000486,C00079,2023-06-04,Standard,5,Delivered
O000487,C00652,2024-02-02,Standard,5,Delivered
O000488,C00363,2024-11-13,Express,0,Delivered
O000489,C01241,2024-10-11,Express,0,Delivered
O000490,C00334,2023-11-13,Express,10,Delivered
O000491,C01242,2024-04-11,Standard,15,Delivered
O000492,C00057,2024-04-04,Standard,5,Delivered
O000493,C01404,2024-10-10,Same Day,0,Delivered
O000494,C00071,2023-08-16,Standard,10,Delivered
O000495,C01415,2023-10-02,Express,0,Delivered
O000496,C00120,2023-10-05,Express,10,Returned
O000497,C01320,2023-02-11,Standard,5,Delivered
O000498,C01261,2023-10-13,Same Day,5,Delivered
O000499,C00873,2024-11-02,Standard,0,Delivered
O000500,C00057,2024-11-17,Express,20,Delivered
O000501,C00907,2023-04-21,Standard,0,Delivered
O000502,C00900,2024-01-10,Standard,0,Delivered
O000503,C00834,2023-11-18,Standard,5,Delivered
O000504,C00922,2024-01-28,Standard,15,Delivered
O000505,C01462,2024-04-22,Same Day,15,Delivered
O000506,C01499,2023-06-06,Standard,5,Delivered
O000507,C00774,2024-10-17,Standard,5,Delivered
O000508,C00143,2024-12-17,Standard,5,Delivered
O000509,C00208,2024-06-10,Express,0,Delivered
O000510,C01068,2024-06-16,Standard,0,Delivered
O000511,C01477,2024-05-13,Standard,5,Delivered
O000512,C00656,2024-02-03,Express,10,Delivered
O000513,C00154,2023-05-28,Express,10,Delivered
O000514,C00532,2024-04-17,Same Day,30,Delivered
O000515,C00584,2023-10-11,Express,5,Delivered
O000516,C01499,2024-10-08,Standard,10,Delivered
O000517,C01011,2023-12-10,Express,30,Returned
O000518,C00183,2023-12-06,Standard,0,Delivered
O000519,C00500,2023-10-20,Standard,5,Delivered
O000520,C00080,2024-12-15,Standard,10,Delivered
O000521,C00955,2023-06-22,Standard,10,Delivered
O000522,C00980,2023-05-30,Standard,20,Cancelled
O000523,C00093,2023-06-13,Standard,10,Delivered
O000524,C00496,2024-06-15,Express,20,Delivered
O000525,C01376,2024-12-27,Same Day,0,Delivered
O000526,C01254,2024-03-07,Standard,15,Delivered
O000527,C00852,2024-11-15,Standard,0,Delivered
O000528,C00728,2023-09-19,Standard,0,Delivered
O000529,C01495,2024-06-06,Standard,0,Delivered
O000530,C01069,2023-07-19,Same Day,10,Delivered
O000531,C01431,2024-03-19,Standard,0,Delivered
O000532,C00118,2024-06-11,Standard,0,Delivered
O000533,C00316,2024-03-09,Standard,10,Delivered
O000534,C00049,2023-08-17,Standard,5,Delivered
O000535,C01313,2024-10-10,Standard,5,Returned
O000536,C01015,2024-12-16,Same Day,5,Delivered
O000537,C00267,2024-01-04,Express,15,Delivered
O000538,C01469,2024-05-28,Standard,10,Delivered
O000539,C01434,2024-09-19,Express,5,Delivered
O000540,C00338,2023-08-20,Express,15,Delivered
O000541,C00949,2024-10-27,Standard,15,Delivered
O000542,C00973,2023-09-20,Express,5,Delivered
O000543,C00011,2024-09-09,Express,0,Returned
O000544,C01012,2023-05-26,Express,0,Delivered
O000545,C00335,2023-09-27,Standard,10,Delivered
O000546,C01368,2024-03-07,Express,20,Delivered
O000547,C01274,2024-02-29,Express,0,Delivered
O000548,C01379,2024-10-20,Express,5,Returned
O000549,C01122,2024-12-29,Standard,0,Delivered
O000550,C00246,2023-04-19,Standard,5,Delivered
O000551,C00545,2023-09-14,Express,15,Delivered
O000552,C01049,2023-12-21,Express,15,Delivered
O000553,C00479,2024-01-20,Same Day,30,Delivered
O000554,C01050,2024-02-01,Standard,5,Delivered
O000555,C00497,2024-10-23,Standard,10,Delivered
O000556,C00267,2024-09-06,Express,20,Returned
O000557,C00773,2024-05-18,Express,10,Delivered
O000558,C01009,2024-05-21,Standard,30,Delivered
O000559,C00772,2024-05-14,Express,0,Delivered
O000560,C00937,2024-01-05,Standard,0,Delivered
O000561,C00657,2024-03-09,Standard,0,Delivered
O000562,C01156,2023-11-26,Standard,15,Delivered
O000563,C00951,2023-12-04,Standard,0,Delivered
O000564,C00854,2023-07-04,Express,15,Delivered
O000565,C00656,2024-08-27,Standard,5,Delivered
O000566,C00797,2023-10-16,Express,10,Delivered
O000567,C00080,2024-04-21,Standard,10,Delivered
O000568,C00970,2024-02-21,Express,5,Cancelled
O000569,C00308,2024-11-02,Standard,0,Delivered
O000570,C01301,2023-11-18,Standard,10,Delivered
O000571,C01227,2023-04-26,Standard,30,Delivered
O000572,C00784,2023-10-05,Same Day,0,Delivered
O000573,C01283,2023-12-17,Same Day,0,Delivered
O000574,C00977,2023-12-13,Standard,20,Delivered
O000575,C00218,2024-09-01,Standard,0,Delivered
O000576,C01092,2023-08-24,Standard,0,Delivered
O000577,C01499,2023-06-06,Standard,20,Delivered
O000578,C00071,2023-12-06,Standard,15,Delivered
O000579,C00368,2024-09-07,Same Day,0,Delivered
O000580,C00876,2024-10-21,Express,30,Delivered
O000581,C00626,2024-08-11,Standard,10,Delivered
O000582,C00926,2024-03-27,Same Day,0,Delivered
O000583,C00867,2024-08-05,Express,5,Delivered
O000584,C01176,2024-07-03,Standard,15,Delivered
O000585,C00116,2023-08-15,Express,10,Delivered
O000586,C00663,2024-03-21,Standard,10,Delivered
O000587,C01301,2024-09-06,Standard,5,Delivered
O000588,C00548,2023-10-14,Standard,0,Delivered
O000589,C00760,2024-06-11,Standard,10,Delivered
O000590,C00038,2024-01-22,Standard,0,Delivered
O000591,C00336,2024-02-09,Express,15,Delivered
O000592,C00697,2024-03-05,Standard,0,Delivered
O000593,C00609,2024-06-21,Standard,0,Delivered
O000594,C01057,2024-10-28,Same Day,0,Delivered
O000595,C00895,2023-09-22,Same Day,15,Delivered
O000596,C01325,2023-11-10,Express,5,Delivered
O000597,C01289,2023-02-19,Express,5,Delivered
O000598,C00364,2023-01-30,Same Day,5,Delivered
O000599,C00037,2024-12-26,Express,10,Delivered
O000600,C01289,2024-02-01,Standard,20,Delivered
O000601,C00489,2023-11-04,Standard,0,Delivered
O000602,C00520,2023-09-16,Standard,0,Delivered
O000603,C00235,2024-12-21,Standard,15,Delivered
O000604,C01013,2023-10-31,Standard,5,Delivered
O000605,C00418,2024-08-06,Standard,10,Delivered
O000606,C00267,2023-09-23,Standard,0,Delivered
O000607,C00759,2023-03-13,Standard,15,Delivered
O000608,C01106,2024-07-04,Standard,20,Delivered
O000609,C00408,2023-08-08,Standard,5,Delivered
O000610,C01068,2024-06-28,Express,0,Delivered
O000611,C00696,2023-08-28,Standard,0,Delivered
O000612,C00614,2024-08-20,Standard,0,Delivered
O000613,C00543,2024-09-05,Standard,5,Delivered
O000614,C00221,2024-08-04,Express,5,Delivered
O000615,C00494,2023-01-25,Express,10,Delivered
O000616,C01324,2024-07-20,Standard,0,Delivered
O000617,C00158,2024-12-26,Express,0,Delivered
O000618,C01439,2023-08-21,Express,30,Delivered
O000619,C00165,2023-09-16,Same Day,0,Delivered
O000620,C00546,2024-10-03,Express,20,Delivered
O000621,C00890,2024-03-02,Standard,10,Delivered
O000622,C01273,2024-06-16,Standard,0,Delivered
O000623,C00219,2024-08-26,,10,Delivered
O000624,C00217,2023-02-07,Standard,30,Delivered
O000625,C00915,2024-03-24,Standard,15,Delivered
O000626,C00430,2024-04-11,Same Day,0,Delivered
O000627,C00946,2023-10-06,Standard,0,Returned
O000628,C01243,2024-11-02,Standard,5,Delivered
O000629,C00123,2023-12-24,Same Day,0,Delivered
O000630,C01281,2023-11-09,Standard,0,Delivered
O000631,C00062,2024-10-20,Standard,20,Delivered
O000632,C01362,2023-10-27,Standard,10,Delivered
O000633,C01470,2024-10-07,Standard,15,Returned
O000634,C00970,2023-09-22,Standard,5,Delivered
O000635,C01481,2024-01-28,Standard,0,Delivered
O000636,C01246,2023-03-18,Standard,0,Cancelled
O000637,C00073,2024-06-30,Standard,15,Delivered
O000638,C00009,2024-09-19,Express,5,Delivered
O000639,C00038,2024-10-20,Standard,5,Delivered
O000640,C00680,2024-12-22,Standard,0,Delivered
O000641,C00908,2024-06-25,Standard,5,Delivered
O000642,C00726,2024-09-05,Express,0,Delivered
O000643,C00991,2024-02-12,Express,0,Delivered
O000644,C00675,2024-11-18,Standard,20,Delivered
O000645,C00071,2024-06-03,Express,10,Delivered
O000646,C00341,2024-11-05,Standard,15,Delivered
O000647,C01495,2024-02-14,Express,20,Delivered
O000648,C00515,2024-02-04,Same Day,10,Delivered
O000649,C00480,2024-08-08,Standard,0,Delivered
O000650,C00228,2023-08-14,Standard,5,Delivered
O000651,C01489,2023-07-26,Standard,0,Delivered
O000652,C00346,2024-12-20,Express,15,Delivered
O000653,C00949,2023-12-19,Standard,15,Delivered
O000654,C00071,2023-06-28,Standard,5,Delivered
O000655,C00105,2024-01-13,Express,5,Delivered
O000656,C01063,2024-05-30,Standard,0,Delivered
O000657,C00923,2024-05-18,Express,0,Delivered
O000658,C00996,2024-11-22,Standard,0,Delivered
O000659,C00347,2024-12-24,Same Day,20,Delivered
O000660,C01485,2024-06-09,Express,0,Delivered
O000661,C00834,2024-07-17,Standard,20,Delivered
O000662,C01463,2023-10-17,Standard,5,Delivered
O000663,C00246,2024-10-24,Standard,5,Delivered
O000664,C00616,2023-08-01,Express,0,Delivered
O000665,C00496,2023-12-23,Standard,0,Delivered
O000666,C01118,2024-12-17,Same Day,5,Delivered
O000667,C01102,2024-10-27,Express,10,Delivered
O000668,C00730,2023-10-06,Same Day,5,Delivered
O000669,C00036,2024-06-28,Standard,0,Delivered
O000670,C00266,2024-01-10,Standard,0,Delivered
O000671,C00080,2023-10-17,Standard,0,Returned
O000672,C01283,2023-10-05,Standard,10,Delivered
O000673,C00426,2023-12-13,Standard,10,Delivered
O000674,C00183,2024-03-20,Standard,0,Delivered
O000675,C00537,2023-12-26,Express,15,Delivered
O000676,C00123,2024-02-17,Standard,0,Delivered
O000677,C01473,2023-07-29,Standard,15,Delivered
O000678,C00458,2024-11-29,Standard,5,Delivered
O000679,C01407,2024-06-07,Express,10,Delivered
O000680,C01007,2024-11-12,Express,0,Delivered
O000681,C00846,2023-08-17,Standard,10,Delivered
O000682,C00723,2024-05-18,Standard,10,Delivered
O000683,C01012,2024-10-20,Standard,0,Delivered
O000684,C01009,2024-05-21,Express,0,Delivered
O000685,C00030,2023-07-11,Standard,10,Delivered
O000686,C01382,2023-09-09,Standard,5,Delivered
O000687,C00555,2023-09-15,Same Day,10,Delivered
O000688,C00534,2023-12-27,Standard,0,Delivered
O000689,C00616,2023-10-19,Standard,0,Delivered
O000690,C01008,2023-09-13,Standard,10,Delivered
O000691,C00570,2024-06-07,Express,0,Returned
O000692,C00564,2023-02-24,Standard,0,Delivered
O000693,C00098,2024-04-06,Same Day,0,Delivered
O000694,C00630,2024-07-09,Express,15,Delivered
O000695,C00224,2023-06-22,Express,0,Cancelled
O000696,C01291,2023-08-28,Standard,5,Cancelled
O000697,C00496,2023-12-23,Standard,10,Delivered
O000698,C01445,2023-09-01,Express,5,Delivered
O000699,C01007,2024-01-16,Same Day,0,Delivered
O000700,C01120,2023-04-08,Express,0,Delivered
O000701,C01422,2024-02-20,Same Day,0,Delivered
O000702,C00356,2024-12-29,Express,20,Returned
O000703,C00848,2024-11-20,Standard,10,Delivered
O000704,C00070,2024-06-05,Standard,15,Delivered
O000705,C00155,2023-10-10,Standard,15,Delivered
O000706,C00554,2024-01-08,Standard,0,Delivered
O000707,C01007,2024-10-18,Standard,10,Delivered
O000708,C01263,2024-09-27,Standard,5,Delivered
O000709,C00385,2023-05-07,Standard,15,Delivered
O000710,C01105,2023-05-05,Standard,30,Delivered
O000711,C00338,2023-12-07,Express,5,Delivered
O000712,C00016,2024-10-30,Express,10,Delivered
O000713,C00088,2024-11-04,Standard,0,Delivered
O000714,C00867,2023-04-19,Express,20,Delivered
O000715,C00749,2024-04-09,Standard,0,Delivered
O000716,C00409,2023-06-03,Standard,5,Delivered
O000717,C00020,2024-07-06,Standard,20,Delivered
O000718,C00848,2024-11-19,Standard,0,Delivered
O000719,C01239,2023-12-31,Standard,5,Delivered
O000720,C00109,2023-07-01,Express,10,Delivered
O000721,C01089,2024-04-13,Standard,10,Delivered
O000722,C00923,2023-12-02,Express,0,Delivered
O000723,C00724,2024-10-02,Standard,0,Delivered
O000724,C00079,2023-10-27,Standard,5,Returned
O000725,C01398,2024-11-01,Express,5,Delivered
O000726,C00724,2023-09-15,Express,20,Delivered
O000727,C00610,2023-10-09,Standard,15,Delivered
O000728,C01306,2023-10-08,Express,10,Delivered
O000729,C01281,2023-08-04,Standard,0,Delivered
O000730,C01078,2023-09-21,Express,20,Delivered
O000731,C01259,2024-06-16,Express,0,Delivered
O000732,C00197,2023-07-12,Standard,20,Delivered
O000733,C01126,2024-03-25,Standard,20,Delivered
O000734,C00487,2023-12-10,Same Day,30,Delivered
O000735,C01312,2023-03-21,Standard,0,Delivered
O000736,C00561,2024-11-01,Express,0,Delivered
O000737,C00088,2024-12-02,Standard,10,Delivered
O000738,C00626,2023-05-07,Standard,5,Delivered
O000739,C01120,2024-08-30,Standard,5,Delivered
O000740,C00757,2024-08-14,Express,10,Delivered
O000741,C01129,2024-12-30,Standard,10,Delivered
O000742,C00054,2023-10-31,Standard,0,Delivered
O000743,C00267,2023-09-25,Standard,0,Cancelled
O000744,C00845,2023-12-30,Express,10,Returned
O000745,C00584,2024-10-23,Standard,0,Delivered
O000746,C00996,2024-08-08,Standard,10,Delivered
O000747,C01451,2024-01-14,Standard,15,Delivered
O000748,C00959,2023-08-23,Standard,20,Delivered
O000749,C00630,2024-08-07,Standard,15,Delivered
O000750,C00808,2024-10-22,Standard,5,Delivered
O000751,C01388,2023-11-28,Express,20,Delivered
O000752,C00980,2024-06-23,Same Day,5,Delivered
O000753,C01202,2023-11-28,Standard,15,Delivered
O000754,C00438,2024-01-20,Standard,0,Delivered
O000755,C01096,2024-06-16,Same Day,10,Delivered
O000756,C00215,2024-09-09,Standard,0,Delivered
O000757,C01106,2024-12-20,Standard,0,Delivered
O000758,C01328,2023-12-25,Express,5,Delivered
O000759,C01365,2024-06-10,Standard,0,Delivered
O000760,C00181,2023-11-14,Standard,0,Delivered
O000761,C01259,2023-05-14,Same Day,15,Delivered
O000762,C00171,2023-10-03,Standard,10,Delivered
O000763,C00724,2023-03-29,Express,10,Delivered
O000764,C01007,2023-12-15,Standard,15,Delivered
O000765,C00727,2024-02-17,Standard,5,Delivered
O000766,C00503,2023-10-31,Express,30,Returned
O000767,C01007,2024-09-21,Same Day,0,Delivered
O000768,C00959,2023-08-24,Express,0,Returned
O000769,C00863,2024-05-09,Standard,0,Delivered
O000770,C00787,2024-11-13,Express,15,Delivered
O000771,C01042,2024-04-03,Standard,0,Delivered
O000772,C00614,2023-07-09,Standard,5,Delivered
O000773,C00110,2023-10-30,Express,10,Delivered
O000774,C00799,2024-04-22,Standard,15,Delivered
O000775,C01071,2024-02-12,Standard,15,Delivered
O000776,C00438,2023-05-28,Express,0,Delivered
O000777,C00217,2023-12-26,Express,0,Delivered
O000778,C01388,2024-03-15,Standard,10,Returned
O000779,C01306,2023-09-10,Standard,15,Delivered
O000780,C00901,2024-05-10,Express,0,Delivered
O000781,C01175,2023-03-13,Standard,10,Delivered
O000782,C01463,2023-10-25,Standard,0,Delivered
O000783,C00848,2024-09-28,Standard,0,Delivered
O000784,C00368,2023-09-04,Standard,0,Delivered
O000785,C00930,2024-05-04,Standard,15,Delivered
O000786,C01388,2023-12-03,Same Day,10,Delivered
O000787,C01013,2023-10-31,Express,5,Delivered
O000788,C00042,2024-11-19,Standard,10,Delivered
O000789,C01391,2024-06-10,Standard,5,Delivered
O000790,C01116,2024-04-13,Express,0,Delivered
O000791,C00614,2024-11-16,Standard,15,Delivered
O000792,C01489,2024-08-20,Express,0,Cancelled
O000793,C01068,2024-07-03,Standard,20,Returned
O000794,C01254,2024-03-07,Express,15,Delivered
O000795,C01416,2023-08-27,Standard,10,Delivered
O000796,C00067,2024-05-30,Express,10,Delivered
O000797,C01153,2023-07-24,Express,15,Returned
O000798,C00585,2023-10-18,Standard,0,Delivered
O000799,C01317,2024-09-11,Same Day,10,Delivered
O000800,C01323,2024-04-02,Standard,0,Returned
O000801,C01258,2023-08-02,Standard,10,Delivered
O000802,C01157,2023-10-18,Express,10,Returned
O000803,C01190,2023-12-24,Express,0,Delivered
O000804,C00435,2024-05-13,Standard,0,Delivered
O000805,C00616,2024-10-29,Standard,10,Delivered
O000806,C00176,2023-04-22,Standard,20,Delivered
O000807,C01261,2023-07-12,Standard,10,Delivered
O000808,C00948,2024-03-04,Standard,5,Delivered
O000809,C00895,2023-11-09,Standard,20,Delivered
O000810,C00371,2024-06-10,Standard,15,Delivered
O000811,C00897,2024-11-23,Express,10,Delivered
O000812,C00681,2024-03-16,Express,5,Returned
O000813,C01498,2023-12-06,Same Day,5,delivered
O000814,C01306,2024-12-26,Standard,0,Returned
O000815,C00784,2023-09-21,Standard,15,Delivered
O000816,C01215,2024-11-26,Standard,0,Delivered
O000817,C00246,2024-02-08,Standard,10,Delivered
O000818,C00156,2024-02-10,Standard,20,Delivered
O000819,C00919,2024-11-22,Standard,10,Returned
O000820,C01077,2024-02-13,Express,0,Delivered
O000821,C00087,2023-12-21,Same Day,0,Delivered
O000822,C00302,2023-09-14,Standard,10,Delivered
O000823,C00799,2024-06-15,Standard,0,Delivered
O000824,C00098,2024-04-06,Express,0,Delivered
O000825,C00645,2023-12-19,Express,0,Cancelled
O000826,C00726,2024-07-25,Standard,10,Delivered
O000827,C01396,2024-06-03,Express,10,Delivered
O000828,C00463,2023-11-26,Standard,0,Delivered
O000829,C00255,2023-01-05,Express,10,Delivered
O000830,C00024,2024-03-11,Express,5,Delivered
O000831,C00190,2023-02-23,Standard,5,Delivered
O000832,C01107,2023-03-18,Standard,20,Delivered
O000833,C00667,2023-12-16,Express,0,Delivered
O000834,C00299,2023-03-25,Standard,5,Delivered
O000835,C01407,2024-06-07,Express,0,Delivered
O000836,C01176,2024-06-12,Standard,0,Delivered
O000837,C00175,2023-10-09,Express,10,Delivered
O000838,C00408,2024-12-30,Express,10,Delivered
O000839,C01287,2024-11-19,Express,10,Delivered
O000840,C01013,2024-04-18,Standard,20,Returned
O000841,C01418,2024-12-14,Standard,15,Delivered
O000842,C00123,2024-10-29,Standard,0,Delivered
O000843,C01153,2023-10-15,Standard,10,Delivered
O000844,C00123,2024-08-22,Standard,10,Delivered
O000845,C00498,2024-03-02,Standard,10,Delivered
O000846,C01106,2024-07-05,Same Day,5,Delivered
O000847,C01052,2024-01-30,Express,20,Delivered
O000848,C00007,2023-01-17,Express,5,Delivered
O000849,C00302,2023-09-16,Same Day,15,Delivered
O000850,C01156,2024-12-08,Express,5,Delivered
O000851,C00197,2023-10-13,Standard,15,Delivered
O000852,C00486,2024-04-07,Standard,5,Delivered
O000853,C00276,2023-07-03,Express,0,Delivered
O000854,C00172,2024-01-20,Express,5,Delivered
O000855,C01273,2024-10-17,Express,5,Delivered
O000856,C00097,2024-08-28,Standard,0,Delivered
O000857,C00797,2023-12-20,Express,10,Delivered
O000858,C01013,2023-10-31,Standard,15,Delivered
O000859,C00093,2023-02-16,Standard,15,Delivered
O000860,C00923,2024-01-07,Standard,5,Delivered
O000861,C00494,2024-10-03,Standard,5,Delivered
O000862,C01269,2024-08-08,Standard,15,Delivered
O000863,C01196,2024-03-05,Express,30,Delivered
O000864,C01189,2024-04-26,Standard,0,Returned
O000865,C00609,2023-12-20,Same Day,0,Delivered
O000866,C01246,2024-04-13,Standard,0,Delivered
O000867,C00918,2024-02-22,Standard,5,Delivered
O000868,C00574,2024-07-02,Standard,15,Delivered
O000869,C00126,2024-02-13,Standard,0,Delivered
O000870,C00105,2024-11-30,Standard,10,Delivered
O000871,C00379,2023-12-15,Standard,0,Returned
O000872,C00438,2023-01-16,Standard,0,Delivered
O000873,C01403,2023-08-16,Standard,10,Delivered
O000874,C01500,2024-02-07,Standard,10,Delivered
O000875,C00219,2024-03-13,Standard,0,Delivered
O000876,C01416,2024-03-22,Standard,0,Delivered
O000877,C01046,2024-07-29,,5,Delivered
O000878,C00752,2023-09-16,Standard,20,Delivered
O000879,C01434,2024-06-20,Express,15,Delivered
O000880,C01057,2024-07-20,Standard,5,Delivered
O000881,C00873,2024-06-10,Express,30,Delivered
O000882,C00313,2023-11-29,Express,10,Returned
O000883,C00368,2023-06-25,Standard,0,Delivered
O000884,C01388,2023-12-06,Express,5,Cancelled
O000885,C00321,2024-09-16,Express,20,Delivered
O000886,C00049,2024-11-16,Express,10,Delivered
O000887,C00402,2024-04-25,Express,30,Returned
O000888,C00725,2023-10-04,Standard,5,Delivered
O000889,C00576,2024-07-03,Standard,20,Delivered
O000890,C01409,2024-08-16,Standard,15,Delivered
O000891,C00631,2023-10-23,Express,15,Delivered
O000892,C01341,2024-10-09,Standard,30,Cancelled
O000893,C00874,2023-03-17,Standard,0,Delivered
O000894,C00780,2023-01-11,Same Day,10,Delivered
O000895,C00236,2023-08-29,Standard,0,Delivered
O000896,C00410,2024-04-15,Standard,15,Delivered
O000897,C01312,2024-11-03,Standard,10,Delivered
O000898,C01160,2023-12-13,Standard,0,Delivered
O000899,C00673,2023-09-16,Standard,5,Delivered
O000900,C01384,2023-12-15,Standard,0,Delivered
O000901,C01241,2023-11-25,Same Day,5,Delivered
O000902,C00172,2023-10-05,Standard,0,Delivered
O000903,C00889,2023-05-18,Standard,30,Delivered
O000904,C01197,2024-06-12,Express,10,Cancelled
O000905,C01214,2023-05-17,Standard,30,Delivered
O000906,C00142,2024-09-09,Standard,0,Delivered
O000907,C00338,2023-07-17,Standard,5,Delivered
O000908,C00625,2024-08-10,Express,20,Delivered
O000909,C00379,2024-09-29,Standard,10,Delivered
O000910,C00170,2023-11-16,Express,0,Delivered
O000911,C00916,2024-03-23,Express,20,Delivered
O000912,C00762,2024-12-05,Express,0,Delivered
O000913,C00230,2024-01-07,Standard,0,Delivered
O000914,C00867,2024-05-23,Express,10,Delivered
O000915,C00098,2024-04-06,Standard,10,Delivered
O000916,C00579,2023-09-19,Standard,10,Delivered
O000917,C01187,2024-02-11,Standard,0,Delivered
O000918,C01344,2024-11-06,Standard,0,Delivered
O000919,C00368,2023-09-14,Same Day,0,Delivered
O000920,C01298,2024-09-09,Standard,5,Delivered
O000921,C01350,2024-06-17,Standard,0,Delivered
O000922,C00890,2024-03-02,Standard,10,Delivered
O000923,C01477,2024-05-13,Standard,20,Delivered
O000924,C00371,2024-06-10,Express,30,Delivered
O000925,C00110,2023-12-24,Standard,15,Delivered
O000926,C01281,2024-05-27,Express,0,Delivered
O000927,C00742,2024-03-14,Standard,5,Delivered
O000928,C00519,2023-08-23,Same Day,20,Delivered
O000929,C00088,2024-07-14,Express,0,Delivered
O000930,C00099,2024-04-18,Standard,0,Delivered
O000931,C00142,2024-02-24,Express,0,Delivered
O000932,C00276,2024-03-24,Standard,10,Delivered
O000933,C01464,2024-03-27,Standard,30,Delivered
O000934,C00418,2024-07-02,Standard,5,Delivered
O000935,C01239,2023-11-21,Standard,10,Delivered
O000936,C00037,2023-11-09,Same Day,10,Delivered
O000937,C00473,2023-05-29,Express,15,Delivered
O000938,C01380,2024-04-28,Standard,0,Delivered
O000939,C00280,2024-05-02,Same Day,10,Delivered
O000940,C00418,2023-10-27,Standard,20,Delivered
O000941,C01254,2024-10-25,Standard,20,Delivered
O000942,C00190,2024-10-18,Express,5,Delivered
O000943,C00087,2023-04-21,Standard,0,Delivered
O000944,C01456,2024-07-13,Express,20,Delivered
O000945,C00615,2023-11-24,Standard,20,Delivered
O000946,C00957,2024-12-31,Standard,0,Delivered
O000947,C00197,2023-08-07,Standard,0,Delivered
O000948,C00335,2023-09-21,Standard,0,Delivered
O000949,C00693,2024-01-16,Standard,10,Delivered
O000950,C00987,2023-09-11,Standard,0,Delivered
O000951,C00430,2024-07-11,Standard,0,Delivered
O000952,C01334,2024-01-22,Express,15,Returned
O000953,C01161,2023-08-03,Standard,0,Delivered
O000954,C00829,2024-02-12,Standard,30,Delivered
O000955,C00690,2024-11-07,Standard,5,Delivered
O000956,C00905,2024-09-20,Standard,5,Delivered
O000957,C01082,2024-03-10,Standard,20,Delivered
O000958,C00210,2023-09-27,Standard,0,Returned
O000959,C01288,2023-06-26,Standard,0,Delivered
O000960,C00733,2024-11-03,Same Day,5,Delivered
O000961,C01407,2024-07-25,Standard,10,Delivered
O000962,C01434,2024-04-08,Standard,5,Delivered
O000963,C00047,2024-11-03,Express,30,Delivered
O000964,C00584,2023-10-11,Standard,30,Delivered
O000965,C00784,2024-07-03,Standard,0,Delivered
O000966,C00805,2023-07-31,Standard,0,Delivered
O000967,C01246,2023-05-02,Standard,10,Delivered
O000968,C00217,2024-01-09,Express,30,Delivered
O000969,C00908,2023-11-21,Standard,0,delivered
O000970,C01416,2024-11-30,Express,5,Delivered
O000971,C01499,2023-10-18,Standard,0,Delivered
O000972,C00029,2024-10-04,Express,30,Delivered
O000973,C01466,2024-08-22,Standard,0,Delivered
O000974,C00192,2024-06-22,,10,Delivered
O000975,C00799,2024-11-21,Standard,0,Delivered
O000976,C00371,2024-06-10,Standard,10,Delivered
O000977,C00890,2024-03-02,Standard,5,Delivered
O000978,C00061,2023-06-08,Same Day,10,Delivered
O000979,C00356,2023-09-17,Standard,0,Delivered
O000980,C00438,2024-11-03,Standard,0,Delivered
O000981,C01388,2024-01-16,Same Day,0,Delivered
O000982,C00865,2024-03-22,Express,15,Delivered
O000983,C01049,2023-12-21,Express,10,Delivered
O000984,C00989,2024-01-25,Standard,0,Delivered
O000985,C00597,2024-07-30,Standard,0,Delivered
O000986,C00036,2023-09-25,Same Day,5,Delivered
O000987,C00165,2024-08-28,Standard,0,Delivered
O000988,C00688,2024-05-23,Express,15,Delivered
O000989,C01416,2024-09-17,Express,5,Delivered
O000990,C00372,2023-08-28,Same Day,10,Delivered
O000991,C01024,2024-05-24,Standard,10,Delivered
O000992,C01254,2024-03-07,Standard,20,Delivered
O000993,C01381,2023-11-09,Express,10,Delivered
O000994,C00430,2024-08-05,Same Day,0,Returned
O000995,C01405,2024-05-25,Same Day,0,Delivered
O000996,C00891,2023-07-04,Standard,5,Delivered
O000997,C00762,2024-10-24,Standard,0,Delivered
O000998,C01156,2023-02-24,Express,5,Delivered
O000999,C00356,2024-04-26,Standard,30,Delivered
O001000,C01227,2024-12-23,Standard,0,Delivered
O001001,C00951,2024-03-05,Standard,10,Delivered
O001002,C01197,2024-09-25,Standard,0,Delivered
O001003,C01291,2024-04-26,Standard,0,Delivered
O001004,C00899,2024-09-14,Standard,0,Delivered
O001005,C00061,2024-06-12,Same Day,0,Delivered
O001006,C00436,2024-07-10,Express,0,Delivered
O001007,C01322,2023-08-09,Standard,30,Delivered
O001008,C00915,2024-08-17,Express,10,Delivered
O001009,C01344,2023-08-18,Standard,0,Delivered
O001010,C00584,2024-12-21,Express,0,Delivered
O001011,C00761,2023-08-09,Express,30,Delivered
O001012,C01306,2023-08-16,Standard,0,Delivered
O001013,C01126,2024-10-24,Same Day,0,Delivered
O001014,C00574,2023-08-22,Standard,15,Delivered
O001015,C00042,2023-11-07,Express,10,Delivered
O001016,C01325,2024-07-29,Same Day,0,Delivered
O001017,C01174,2023-06-06,Express,10,Delivered
O001018,C00674,2023-06-06,Standard,5,Delivered
O001019,C00817,2024-02-27,Standard,10,Delivered
O001020,C00308,2023-08-22,Standard,0,Delivered
O001021,C00623,2023-12-27,Standard,20,Returned
O001022,C00245,2023-12-24,Standard,10,Delivered
O001023,C00314,2023-11-12,Standard,0,Delivered
O001024,C01282,2023-10-15,Standard,10,Delivered
O001025,C00548,2023-10-01,Standard,5,Delivered
O001026,C01234,2024-05-17,Standard,20,Delivered
O001027,C00721,2024-05-21,Express,0,Delivered
O001028,C00116,2023-03-14,Standard,0,Delivered
O001029,C00546,2023-10-14,Express,15,Delivered
O001030,C00235,2024-10-31,Express,0,Delivered
O001031,C01013,2024-04-16,Standard,0,Returned
O001032,C01388,2023-12-04,Standard,15,Returned
O001033,C01128,2024-01-09,Express,10,Delivered
O001034,C01156,2023-07-23,Standard,5,Delivered
O001035,C01306,2024-10-02,Standard,5,Returned
O001036,C01155,2024-11-18,Express,10,Cancelled
O001037,C00848,2024-11-17,Express,20,Delivered
O001038,C01057,2023-08-06,Standard,10,Delivered
O001039,C00630,2023-10-10,Standard,10,Delivered
O001040,C00116,2023-06-08,Express,15,Delivered
O001041,C01042,2023-10-08,Standard,0,Delivered
O001042,C01068,2023-10-23,Express,5,Delivered
O001043,C00336,2024-05-26,Standard,10,Delivered
O001044,C01434,2023-10-20,Standard,5,Delivered
O001045,C00087,2024-11-21,Standard,5,Cancelled
O001046,C01089,2023-04-15,Express,0,Delivered
O001047,C01462,2024-04-22,Standard,10,Delivered
O001048,C00450,2024-10-23,Same Day,10,Delivered
O001049,C01388,2024-07-20,Express,15,Delivered
O001050,C01254,2024-03-07,Express,0,Delivered
O001051,C01096,2024-06-16,Express,20,Delivered
O001052,C01434,2023-10-20,Standard,0,Delivered
O001053,C00955,2023-06-15,Standard,10,Delivered
O001054,C00748,2024-01-14,Standard,10,Delivered
O001055,C00988,2023-11-03,Standard,5,Delivered
O001056,C00622,2024-05-12,Standard,20,Delivered
O001057,C00480,2023-08-01,Express,5,Delivered
O001058,C00129,2024-06-18,Express,0,Delivered
O001059,C00574,2024-09-03,Standard,5,Delivered
O001060,C01202,2023-06-14,Standard,5,Delivered
O001061,C01418,2023-02-14,Express,10,Cancelled
O001062,C01470,2023-12-22,Express,5,Delivered
O001063,C00310,2024-09-08,Same Day,0,Delivered
O001064,C00849,2024-06-08,Standard,0,Delivered
O001065,C00857,2024-07-19,Standard,10,Delivered
O001066,C00267,2023-11-29,Express,5,Delivered
O001067,C00861,2023-10-17,Standard,15,Delivered
O001068,C00548,2024-03-05,Express,0,Delivered
O001069,C01416,2023-08-27,Standard,10,Delivered
O001070,C00383,2024-08-06,Standard,30,Delivered
O001071,C01272,2023-07-12,Standard,0,Delivered
O001072,C01355,2024-04-12,Express,5,Delivered
O001073,C01089,2024-02-12,Standard,30,Delivered
O001074,C00321,2024-01-26,Express,0,Delivered
O001075,C00394,2024-05-01,Express,10,Delivered
O001076,C01465,2023-12-21,Express,5,Delivered
O001077,C00122,2024-11-21,Same Day,0,Delivered
O001078,C00182,2024-10-15,Express,15,Delivered
O001079,C01473,2024-11-03,Express,0,Delivered
O001080,C01155,2024-05-23,Standard,20,Delivered
O001081,C01102,2024-05-27,Express,5,Delivered
O001082,C00236,2024-05-07,Same Day,0,Delivered
O001083,C00731,2023-12-19,Express,0,Delivered
O001084,C01281,2023-10-17,Standard,15,Returned
O001085,C00488,2024-04-24,Standard,5,Delivered
O001086,C00294,2023-10-24,Express,0,Delivered
O001087,C00031,2024-02-28,Same Day,0,Delivered
O001088,C00908,2024-10-21,Standard,10,Delivered
O001089,C00430,2023-02-17,Same Day,0,Delivered
O001090,C01306,2024-02-28,Standard,20,Delivered
O001091,C00418,2024-05-12,Standard,0,Delivered
O001092,C00225,2023-07-13,Same Day,0,Delivered
O001093,C01445,2024-11-10,Same Day,5,Delivered
O001094,C01454,2024-05-15,Standard,0,Delivered
O001095,C01008,2024-11-05,Same Day,15,Returned
O001096,C01403,2024-09-01,Express,20,Delivered
O001097,C00243,2024-04-06,Express,10,Delivered
O001098,C00693,2024-01-16,Express,15,Delivered
O001099,C00308,2023-10-14,Standard,15,Delivered
O001100,C00724,2023-11-26,Standard,0,Delivered
O001101,C01183,2023-08-24,Standard,0,Delivered
O001102,C01281,2024-12-31,Standard,10,Delivered
O001103,C00011,2023-08-11,Standard,30,Delivered
O001104,C00590,2024-10-11,Standard,15,Delivered
O001105,C01498,2023-06-07,Standard,10,Delivered
O001106,C00871,2024-12-21,Standard,0,Delivered
O001107,C00435,2023-08-07,Standard,15,Delivered
O001108,C00589,2023-12-11,Standard,10,Delivered
O001109,C00479,2024-03-28,Standard,20,Delivered
O001110,C00673,2023-05-02,Standard,10,Delivered
O001111,C00667,2024-10-04,Express,0,Delivered
O001112,C00762,2023-09-16,Express,10,Delivered
O001113,C00700,2024-03-20,Express,5,Delivered
O001114,C00769,2024-03-20,Express,5,Delivered
O001115,C00046,2024-05-02,Same Day,10,Delivered
O001116,C00088,2023-02-26,Express,20,Delivered
O001117,C00562,2023-08-22,Standard,15,Delivered
O001118,C01334,2023-06-08,Standard,0,Delivered
O001119,C01182,2023-12-25,Express,0,Delivered
O001120,C00172,2023-05-24,Express,5,Delivered
O001121,C00748,2024-11-22,Express,10,Delivered
O001122,C00888,2024-02-18,Standard,10,Delivered
O001123,C00726,2024-05-18,Same Day,5,Delivered
O001124,C01020,2023-11-05,Standard,5,Returned
O001125,C01500,2023-09-17,Same Day,15,Returned
O001126,C00153,2024-02-09,Standard,0,Delivered
O001127,C00768,2023-10-01,Standard,10,Delivered
O001128,C00763,2023-10-29,Standard,15,Delivered
O001129,C00845,2023-12-30,Standard,0,Delivered
O001130,C00250,2024-02-12,Standard,0,Delivered
O001131,C00928,2024-12-23,Express,10,Delivered
O001132,C00073,2023-10-08,Standard,0,Returned
O001133,C01093,2024-01-27,Standard,5,Delivered
O001134,C00962,2023-05-28,Standard,20,Delivered
O001135,C00489,2023-11-01,Express,0,Delivered
O001136,C01491,2024-07-31,Standard,20,Delivered
O001137,C01259,2023-06-21,Standard,0,Delivered
O001138,C00805,2024-04-15,Express,5,Delivered
O001139,C01493,2023-12-07,Standard,0,Delivered
O001140,C01261,2023-02-22,Same Day,10,Delivered
O001141,C00211,2024-11-27,Standard,30,Delivered
O001142,C00871,2023-12-06,Express,0,Delivered
O001143,C00861,2024-09-14,Express,20,Delivered
O001144,C00955,2023-12-07,Standard,10,Delivered
O001145,C01416,2024-11-28,Express,30,Delivered
O001146,C00745,2024-02-21,Standard,10,Delivered
O001147,C00123,2023-12-24,Standard,10,Delivered
O001148,C00724,2024-08-29,Express,20,Delivered
O001149,C01176,2023-10-29,Same Day,10,Delivered
O001150,C00543,2023-11-09,Standard,15,Delivered
O001151,C00044,2024-12-29,Express,0,Delivered
O001152,C00441,2024-03-25,Standard,0,Delivered
O001153,C01007,2024-07-09,Standard,10,Delivered
O001154,C00137,2024-06-03,Standard,0,Cancelled
O001155,C00570,2024-10-10,Express,5,Delivered
O001156,C00208,2024-10-26,Express,15,Delivered
O001157,C00723,2024-03-31,Standard,10,Cancelled
O001158,C00218,2023-10-01,Same Day,20,Delivered
O001159,C00170,2023-11-16,Express,5,Delivered
O001160,C01021,2024-05-11,Standard,0,Delivered
O001161,C00235,2024-10-09,Standard,0,Delivered
O001162,C00230,2023-12-29,Standard,30,Returned
O001163,C00873,2024-06-10,Standard,5,Delivered
O001164,C00073,2023-10-08,Standard,20,Delivered
O001165,C00049,2024-02-15,Standard,0,Delivered
O001166,C00652,2024-10-14,Standard,0,Delivered
O001167,C00553,2023-06-19,Standard,15,Returned
O001168,C00815,2024-05-10,Express,10,Delivered
O001169,C01496,2024-08-25,Express,5,Delivered
O001170,C00656,2024-11-28,Same Day,5,Delivered
O001171,C00857,2023-09-15,Express,5,Delivered
O001172,C01394,2024-11-24,Standard,15,Cancelled
O001173,C00726,2024-05-01,Standard,0,Returned
O001174,C01161,2024-09-03,Standard,0,Cancelled
O001175,C00822,2023-08-16,Same Day,0,Delivered
O001176,C00926,2024-02-12,Standard,5,Delivered
O001177,C01406,2024-05-18,Standard,15,Delivered
O001178,C00005,2023-10-08,Express,10,Delivered
O001179,C01367,2023-12-17,Standard,30,Delivered
O001180,C00749,2024-03-24,Same Day,10,Delivered
O001181,C00890,2024-03-23,Standard,5,Delivered
O001182,C00676,2024-03-05,Standard,10,Delivered
O001183,C00395,2023-12-22,Same Day,20,Delivered
O001184,C00102,2024-03-08,Standard,0,Delivered
O001185,C01418,2024-11-19,Standard,5,delivered
O001186,C00910,2024-12-19,Express,5,Delivered
O001187,C01321,2023-10-04,Express,30,Delivered
O001188,C00426,2023-12-13,Standard,0,Delivered
O001189,C00418,2023-08-02,Standard,0,Delivered
O001190,C00496,2024-01-19,Standard,10,Delivered
O001191,C00348,2024-11-01,Standard,10,Cancelled
O001192,C00750,2024-02-07,Standard,0,Delivered
O001193,C01409,2023-04-30,Standard,5,Delivered
O001194,C01321,2023-02-10,Express,10,Delivered
O001195,C00748,2023-08-09,Standard,5,Delivered
O001196,C00520,2024-10-17,Standard,5,Delivered
O001197,C00895,2024-05-17,Standard,0,Delivered
O001198,C00895,2024-03-31,Standard,15,Returned
O001199,C01007,2023-10-15,Standard,5,Delivered
O001200,C00797,2024-11-25,Same Day,10,Delivered
O001201,C00044,2023-10-31,Standard,5,Delivered
O001202,C00122,2024-10-13,Express,0,Delivered
O001203,C01468,2024-11-10,Express,10,Delivered
O001204,C01102,2024-02-17,Express,5,Delivered
O001205,C01423,2024-11-10,Express,0,Delivered
O001206,C00502,2024-05-24,Express,20,Delivered
O001207,C00797,2024-06-14,Standard,20,Delivered
O001208,C00475,2023-03-31,Standard,10,Delivered
O001209,C01384,2024-01-16,Express,10,Delivered
O001210,C00426,2023-12-13,Standard,10,Delivered
O001211,C01015,2023-03-06,Standard,5,Delivered
O001212,C00265,2023-05-01,Express,0,Delivered
O001213,C00164,2023-10-18,Standard,10,Returned
O001214,C00230,2024-04-22,Standard,10,Delivered
O001215,C00788,2024-01-01,Express,5,Delivered
O001216,C01281,2023-10-05,Standard,20,Delivered
O001217,C01500,2024-12-27,Express,5,Delivered
O001218,C00908,2024-11-29,Express,5,Delivered
O001219,C00796,2023-05-07,Standard,5,Returned
O001220,C01176,2023-12-06,Standard,10,Delivered
O001221,C00098,2024-06-07,Same Day,0,Delivered
O001222,C01216,2024-08-11,Standard,5,Delivered
O001223,C01123,2023-11-10,Same Day,10,Delivered
O001224,C00788,2024-08-20,Standard,10,Delivered
O001225,C00042,2023-05-05,Standard,0,Delivered
O001226,C00302,2023-10-22,Express,10,Delivered
O001227,C00559,2024-07-30,Standard,20,Delivered
O001228,C01416,2024-05-20,Standard,5,Delivered
O001229,C00929,2024-10-14,Express,10,Delivered
O001230,C00763,2023-02-17,Standard,0,Delivered
O001231,C00731,2023-09-13,Standard,5,Delivered
O001232,C01160,2023-02-19,Express,0,Delivered
O001233,C00479,2023-10-08,Standard,30,Delivered
O001234,C00150,2024-02-22,Express,0,Delivered
O001235,C00991,2024-02-10,Standard,20,Delivered
O001236,C00489,2024-03-02,Express,5,Delivered
O001237,C00480,2024-06-14,Standard,5,Delivered
O001238,C00681,2023-11-20,Same Day,5,Delivered
O001239,C00367,2024-01-14,Standard,0,Delivered
O001240,C01396,2024-06-27,Same Day,0,Delivered
O001241,C01283,2023-10-05,Express,5,Delivered
O001242,C01493,2024-10-28,Express,10,Delivered
O001243,C01454,2024-05-15,Standard,10,Delivered
O001244,C00458,2024-03-04,Standard,30,Delivered
O001245,C00576,2024-11-10,Standard,0,Returned
O001246,C01024,2024-04-08,Express,15,Delivered
O001247,C00036,2024-05-07,Standard,0,Delivered
O001248,C01498,2024-07-03,Standard,5,Delivered
O001249,C00030,2023-05-04,Standard,0,Delivered
O001250,C00790,2024-06-28,Standard,20,Delivered
O001251,C00973,2024-11-03,Standard,5,Delivered
O001252,C01388,2024-12-18,Standard,5,Delivered
O001253,C00943,2023-12-24,Standard,0,Delivered
O001254,C00875,2023-10-29,Standard,5,Delivered
O001255,C00438,2024-08-25,,0,Returned
O001256,C00871,2024-03-15,Standard,10,Returned
O001257,C01105,2023-09-02,Same Day,10,Delivered
O001258,C00768,2023-06-19,Standard,0,Delivered
O001259,C01158,2023-11-02,Express,0,Delivered
O001260,C00110,2024-01-04,Standard,0,Delivered
O001261,C00496,2023-12-23,Express,5,Delivered
O001262,C01443,2023-05-25,Standard,0,Delivered
O001263,C00479,2023-10-08,Express,0,Delivered
O001264,C00908,2024-11-25,Express,0,Returned
O001265,C00773,2024-05-18,Express,0,Delivered
O001266,C01410,2023-03-16,Standard,10,Delivered
O001267,C00245,2023-12-29,Express,10,Delivered
O001268,C00438,2023-08-23,Standard,0,Delivered
O001269,C01306,2024-12-12,Standard,5,Delivered
O001270,C00969,2024-11-17,Express,10,Delivered
O001271,C00810,2024-03-01,Express,5,Delivered
O001272,C00600,2023-12-28,Express,30,Delivered
O001273,C00621,2023-11-15,Express,10,Delivered
O001274,C01407,2024-06-07,Express,10,Delivered
O001275,C00977,2023-12-13,Standard,5,Delivered
O001276,C01404,2023-05-04,Standard,5,Delivered
O001277,C01465,2023-04-14,Standard,0,Delivered
O001278,C00821,2024-03-29,Standard,0,Delivered
O001279,C00891,2023-04-11,Express,15,Delivered
O001280,C00956,2024-03-29,Standard,20,Delivered
O001281,C01275,2024-01-21,Express,30,Delivered
O001282,C00959,2023-12-24,Standard,5,Cancelled
O001283,C00175,2023-05-18,Standard,20,Delivered
O001284,C01416,2023-08-27,Same Day,10,Returned
O001285,C00959,2023-07-09,Standard,5,Delivered
O001286,C01318,2024-03-02,Standard,20,Cancelled
O001287,C00645,2024-09-25,Express,30,Delivered
O001288,C00721,2024-11-19,Standard,5,Delivered
O001289,C01012,2023-12-01,Standard,15,Cancelled
O001290,C01155,2023-11-30,Express,15,Delivered
O001291,C00124,2024-07-27,Standard,10,Delivered
O001292,C00617,2024-05-21,Same Day,5,Delivered
O001293,C01150,2023-06-30,Express,0,Delivered
O001294,C01495,2024-02-14,Standard,30,Delivered
O001295,C00032,2023-12-21,Same Day,0,Delivered
O001296,C00397,2024-04-02,Standard,0,Delivered
O001297,C00701,2024-03-12,Standard,5,Delivered
O001298,C00336,2023-10-01,Express,5,Delivered
O001299,C00044,2023-10-31,Standard,0,Delivered
O001300,C00805,2023-09-06,Standard,0,Delivered
O001301,C00951,2024-01-05,Standard,20,Returned
O001302,C00630,2024-06-10,Standard,5,Delivered
O001303,C00561,2024-02-15,Standard,30,Returned
O001304,C01487,2023-12-26,Standard,20,Delivered
O001305,C00724,2023-04-15,Same Day,5,Returned
O001306,C01197,2024-10-07,Express,5,Delivered
O001307,C00426,2024-01-20,Standard,0,Delivered
O001308,C01261,2023-03-05,Standard,30,delivered
O001309,C01248,2024-01-22,Standard,10,Returned
O001310,C00406,2024-09-28,Standard,15,Delivered
O001311,C00956,2024-08-24,Express,30,Delivered
O001312,C01005,2024-11-01,Express,0,Returned
O001313,C00665,2024-05-02,Standard,20,Delivered
O001314,C01152,2023-12-11,Same Day,15,Delivered
O001315,C00445,2023-12-14,Express,5,Delivered
O001316,C00727,2024-02-17,Standard,20,Delivered
O001317,C01493,2024-06-08,Same Day,10,Delivered
O001318,C00269,2024-04-18,Standard,5,Delivered
O001319,C00224,2023-06-02,Same Day,0,Delivered
O001320,C00218,2024-11-06,Express,10,Delivered
O001321,C01500,2023-11-11,Standard,15,Delivered
O001322,C00236,2023-08-29,Standard,0,Delivered
O001323,C00287,2023-10-20,Standard,5,Delivered
O001324,C01015,2024-10-30,Express,0,Returned
O001325,C01124,2024-11-20,Express,10,Delivered
O001326,C00784,2024-01-29,Standard,10,Cancelled
O001327,C01478,2024-12-08,Express,15,Delivered
O001328,C00064,2024-11-01,Standard,0,Delivered
O001329,C00905,2024-10-08,Standard,0,Delivered
O001330,C00890,2024-10-25,Standard,0,Delivered
O001331,C00473,2023-11-18,Express,20,Delivered
O001332,C01362,2024-08-27,Express,5,Delivered
O001333,C00829,2024-04-12,Standard,0,Returned
O001334,C00371,2024-08-01,Express,0,Delivered
O001335,C00140,2023-06-24,Express,0,Delivered
O001336,C00165,2024-08-10,Standard,10,Delivered
O001337,C01355,2024-12-09,Standard,5,Cancelled
O001338,C00376,2024-02-17,Standard,10,Delivered
O001339,C01381,2024-12-24,Standard,0,Returned
O001340,C00190,2023-11-16,Standard,5,Delivered
O001341,C01479,2023-12-16,Express,10,Delivered
O001342,C01268,2023-04-24,Standard,0,Delivered
O001343,C00181,2024-09-15,Express,0,Delivered
O001344,C00137,2024-03-24,Same Day,0,Delivered
O001345,C01203,2023-10-08,Standard,10,Delivered
O001346,C00123,2024-05-07,Standard,10,Delivered
O001347,C00397,2023-10-23,Standard,5,Delivered
O001348,C01201,2023-12-27,Express,10,Delivered
O001349,C01381,2024-10-26,Standard,0,Delivered
O001350,C01139,2024-06-22,Standard,15,Delivered
O001351,C01344,2024-08-31,Express,15,Delivered
O001352,C00841,2024-04-17,Express,0,Delivered
O001353,C01158,2024-12-27,Standard,20,Delivered
O001354,C00515,2023-12-30,Express,5,Delivered
O001355,C01170,2024-04-03,Same Day,5,Cancelled
O001356,C00995,2023-11-05,Express,5,Delivered
O001357,C00855,2024-03-24,Standard,15,Returned
O001358,C01495,2024-05-11,Express,0,delivered
O001359,C00713,2024-08-06,Express,0,Returned
O001360,C00904,2023-10-24,Standard,20,Delivered
O001361,C00763,2023-01-13,Express,20,Delivered
O001362,C00394,2024-05-25,Standard,15,Delivered
O001363,C00489,2024-12-31,Standard,0,Cancelled
O001364,C01473,2023-10-01,Express,10,Delivered
O001365,C00596,2023-06-30,Express,5,Delivered
O001366,C00994,2023-10-08,Standard,0,Delivered
O001367,C00848,2023-12-13,Standard,0,Delivered
O001368,C01344,2023-08-28,Standard,15,Returned
O001369,C01122,2023-10-31,Standard,0,Delivered
O001370,C00126,2024-05-29,Express,0,Delivered
O001371,C00538,2024-05-06,Standard,0,Delivered
O001372,C01052,2023-11-25,Express,10,Delivered
O001373,C00240,2023-02-10,Standard,15,Delivered
O001374,C00759,2024-11-20,Express,0,Returned
O001375,C00466,2023-12-01,Standard,15,Delivered
O001376,C00099,2023-12-12,Express,0,Delivered
O001377,C01500,2023-03-29,Standard,5,Delivered
O001378,C01404,2024-05-26,Standard,0,Delivered
O001379,C01102,2024-10-27,Express,5,Delivered
O001380,C00302,2023-02-11,Standard,30,Cancelled
O001381,C01491,2023-05-25,Standard,10,Cancelled
O001382,C00920,2023-12-14,Same Day,0,Delivered
O001383,C01456,2024-05-02,Express,30,Delivered
O001384,C00071,2024-11-21,Standard,10,Delivered
O001385,C00262,2023-12-21,Express,5,Delivered
O001386,C00992,2024-01-05,Standard,20,Delivered
O001387,C01381,2024-09-02,Standard,15,Cancelled
O001388,C00266,2024-08-17,Standard,10,Delivered
O001389,C00466,2023-08-25,Standard,0,Delivered
O001390,C00869,2023-11-04,Standard,0,Delivered
O001391,C01500,2023-11-06,Standard,15,Delivered
O001392,C01197,2024-09-09,Standard,10,Returned
O001393,C01398,2024-07-13,Standard,15,Delivered
O001394,C00987,2024-06-20,Standard,15,Delivered
O001395,C01321,2024-10-10,Standard,20,Returned
O001396,C00762,2023-09-18,Standard,5,Delivered
O001397,C00197,2023-10-27,Standard,5,Delivered
O001398,C01049,2023-12-21,Standard,0,Delivered
O001399,C00880,2024-10-29,Standard,0,Cancelled
O001400,C00730,2024-04-16,Standard,5,cancelled
O001401,C00416,2023-10-03,Express,5,Cancelled
O001402,C01168,2023-10-13,Express,0,Delivered
O001403,C01242,2024-08-04,Express,10,delivered
O001404,C00551,2024-08-22,Standard,5,Delivered
O001405,C01403,2024-06-21,Standard,5,Delivered
O001406,C00559,2024-05-08,Standard,5,Delivered
O001407,C00165,2024-11-18,Same Day,0,delivered
O001408,C00250,2024-08-25,Standard,10,Delivered
O001409,C00747,2024-06-14,Express,5,Returned
O001410,C00124,2024-06-09,Standard,5,Cancelled
O001411,C01066,2024-11-14,Same Day,5,Delivered
O001412,C01192,2024-11-25,,0,Delivered
O001413,C00826,2024-04-27,Standard,15,Delivered
O001414,C01352,2024-03-01,Standard,30,Delivered
O001415,C01434,2023-11-09,Express,0,Delivered
O001416,C00673,2024-10-06,Express,0,Delivered
O001417,C00140,2024-06-03,Express,15,Delivered
O001418,C00349,2023-03-20,Express,10,Returned
O001419,C00957,2023-05-22,Standard,0,Delivered
O001420,C00616,2024-11-12,Standard,10,Delivered
O001421,C01008,2024-11-05,Express,20,Delivered
O001422,C00970,2024-12-06,Standard,0,Delivered
O001423,C00889,2023-12-15,Standard,10,Delivered
O001424,C00234,2024-09-14,Standard,15,Delivered
O001425,C00425,2024-10-10,Standard,0,Delivered
O001426,C00574,2023-10-13,Standard,20,Delivered
O001427,C01250,2023-08-25,Express,30,Delivered
O001428,C01007,2024-12-30,Express,10,Delivered
O001429,C00947,2023-02-26,Standard,5,Delivered
O001430,C00978,2024-04-28,Standard,10,Delivered
O001431,C00759,2024-06-08,Express,10,Delivered
O001432,C00067,2024-07-03,Express,0,Delivered
O001433,C00302,2023-09-01,Express,0,Delivered
O001434,C00216,2024-08-03,Standard,0,Delivered
O001435,C00098,2024-04-06,Same Day,5,Delivered
O001436,C00472,2024-10-10,Express,10,Delivered
O001437,C01176,2023-08-02,Standard,20,Delivered
O001438,C00176,2024-07-15,Express,5,Delivered
O001439,C00172,2024-09-14,Standard,10,Delivered
O001440,C00197,2023-07-12,Express,10,Delivered
O001441,C00408,2023-08-18,,5,Cancelled
O001442,C00302,2024-09-11,Standard,10,Delivered
O001443,C00036,2023-03-29,Standard,0,Delivered
O001444,C00417,2023-07-06,Standard,0,Delivered
O001445,C01499,2024-01-01,Express,0,Returned
O001446,C00497,2024-11-25,Express,30,Returned
O001447,C00314,2024-03-30,Standard,30,Delivered
O001448,C00749,2023-11-21,Same Day,10,Delivered
O001449,C00343,2024-12-20,Standard,10,Delivered
O001450,C00841,2024-01-08,Standard,10,Delivered
O001451,C00612,2023-12-18,Standard,5,Returned
O001452,C01355,2024-04-12,Express,0,Delivered
O001453,C01403,2023-10-11,Express,0,Delivered
O001454,C01057,2023-10-19,Express,0,Delivered
O001455,C00323,2024-07-08,Express,30,Returned
O001456,C00721,2024-02-15,Standard,10,Delivered
O001457,C00442,2024-07-03,Standard,10,Delivered
O001458,C01197,2023-07-16,Express,15,Delivered
O001459,C00046,2023-11-19,Standard,10,Delivered
O001460,C00961,2023-05-26,Standard,10,Cancelled
O001461,C00479,2024-03-23,Standard,15,Delivered
O001462,C00726,2024-08-08,Standard,0,delivered
O001463,C00479,2023-11-04,Standard,0,Delivered
O001464,C00553,2023-06-11,Standard,10,Delivered
O001465,C00986,2024-02-10,Same Day,0,Delivered
O001466,C00874,2024-10-05,Standard,10,Delivered
O001467,C00368,2023-09-11,Same Day,15,Returned
O001468,C00073,2024-09-08,Standard,15,Delivered
O001469,C01291,2023-10-22,Express,0,Cancelled
O001470,C00746,2024-02-09,Standard,0,Delivered
O001471,C00902,2024-08-07,Standard,30,Delivered
O001472,C00731,2024-01-12,Standard,20,Delivered
O001473,C00904,2023-05-19,Standard,0,Delivered
O001474,C00915,2024-12-10,Express,20,Delivered
O001475,C00036,2023-05-27,Standard,20,Delivered
O001476,C00794,2023-11-03,Standard,0,Delivered
O001477,C00758,2023-11-20,Express,5,Delivered
O001478,C00152,2024-03-27,Express,20,Delivered
O001479,C01102,2024-09-15,Standard,10,Delivered
O001480,C00353,2023-01-07,Standard,10,Delivered
O001481,C00088,2024-11-26,Standard,30,Delivered
O001482,C01202,2024-06-05,Standard,15,Delivered
O001483,C01306,2024-12-05,Express,0,Cancelled
O001484,C00363,2024-10-05,Standard,5,Delivered
O001485,C01012,2024-11-24,Same Day,20,Delivered
O001486,C00014,2024-05-01,Standard,0,Delivered
O001487,C01068,2023-11-05,Standard,0,Returned
O001488,C00701,2024-03-12,Express,15,Returned
O001489,C01187,2024-06-14,Same Day,15,Delivered
O001490,C00599,2023-12-14,Express,0,Delivered
O001491,C00527,2024-08-10,Standard,0,delivered
O001492,C01281,2023-08-04,Express,15,Delivered
O001493,C00063,2024-10-11,Standard,0,Delivered
O001494,C00280,2023-07-19,Express,0,Delivered
O001495,C00623,2024-12-02,Express,20,Delivered
O001496,C00874,2023-06-03,Standard,15,Delivered
O001497,C00014,2023-06-15,Express,5,Delivered
O001498,C00857,2024-10-02,Express,10,Delivered
O001499,C00574,2024-10-05,Express,5,Delivered
O001500,C00918,2024-08-15,Same Day,0,Returned
O001501,C01381,2024-12-10,Express,30,Delivered
O001502,C00664,2023-09-13,Standard,5,Delivered
O001503,C00831,2024-10-09,Standard,10,Delivered
O001504,C00696,2023-11-03,Standard,5,Delivered
O001505,C00183,2024-03-10,Standard,5,Delivered
O001506,C01189,2023-12-26,Express,0,Delivered
O001507,C01334,2023-01-06,Express,5,Delivered
O001508,C01224,2024-04-10,Standard,10,Delivered
O001509,C01422,2024-08-21,Same Day,15,Delivered
O001510,C00707,2023-06-21,Express,15,Delivered
O001511,C00955,2024-11-26,Same Day,0,Delivered
O001512,C00255,2024-03-04,Standard,5,Delivered
O001513,C01471,2023-10-19,Standard,5,Delivered
O001514,C00860,2024-06-05,Express,10,Delivered
O001515,C00396,2023-07-08,Express,20,Cancelled
O001516,C01204,2023-03-07,Same Day,15,Delivered
O001517,C00867,2024-07-06,Express,0,Delivered
O001518,C01425,2024-05-11,Standard,10,Delivered
O001519,C01150,2023-04-18,Standard,0,Returned
O001520,C01321,2024-08-16,Express,0,Delivered
O001521,C00819,2023-10-14,Standard,0,Delivered
O001522,C00772,2024-10-01,Same Day,5,Delivered
O001523,C01122,2024-09-22,Express,5,Delivered
O001524,C00164,2023-05-21,Express,5,Delivered
O001525,C00088,2024-02-23,Same Day,10,Delivered
O001526,C01479,2023-12-16,Standard,0,Delivered
O001527,C01389,2024-05-25,Standard,5,Cancelled
O001528,C01434,2023-10-20,Express,0,Delivered
O001529,C00098,2024-12-02,Express,5,Delivered
O001530,C00408,2023-08-08,Express,5,Delivered
O001531,C01369,2024-07-04,Standard,0,Delivered
O001532,C00140,2023-05-09,Express,5,Delivered
O001533,C00680,2023-07-24,Standard,15,Delivered
O001534,C00505,2023-12-29,Standard,0,Delivered
O001535,C01324,2024-04-08,Same Day,15,Delivered
O001536,C00773,2024-12-31,Standard,0,Delivered
O001537,C00426,2023-12-13,Standard,15,Delivered
O001538,C00780,2023-01-01,Standard,0,Delivered
O001539,C00174,2023-11-02,Express,30,Delivered
O001540,C01082,2024-03-10,Standard,0,Delivered
O001541,C00901,2024-11-05,Standard,30,Delivered
O001542,C00880,2024-11-18,Standard,0,Cancelled
O001543,C00657,2024-11-03,Express,10,Delivered
O001544,C00432,2023-11-05,Standard,0,Delivered
O001545,C00102,2024-03-08,Express,0,Delivered
O001546,C01422,2024-08-20,,0,Delivered
O001547,C00630,2023-10-12,Standard,0,Returned
O001548,C00749,2024-06-18,Standard,5,Delivered
O001549,C00570,2023-08-17,Standard,10,Delivered
O001550,C01490,2023-10-18,Standard,5,Returned
O001551,C01194,2024-10-25,Standard,10,Delivered
O001552,C00152,2024-03-27,Express,0,Delivered
O001553,C00891,2024-12-12,Standard,10,Delivered
O001554,C00728,2023-10-08,Standard,15,Delivered
O001555,C01189,2023-01-24,Standard,0,Delivered
O001556,C01500,2023-09-01,Standard,15,Delivered
O001557,C01096,2024-06-16,Standard,0,Delivered
O001558,C01306,2024-02-13,Standard,5,Delivered
O001559,C00759,2023-04-24,Express,15,Delivered
O001560,C00563,2024-05-20,Standard,10,Delivered
O001561,C00941,2024-11-01,Standard,5,Delivered
O001562,C01105,2023-11-08,Same Day,5,Delivered
O001563,C00342,2024-06-06,Standard,10,Delivered
O001564,C00759,2023-11-28,Express,5,Delivered
O001565,C00175,2024-09-16,Standard,30,Delivered
O001566,C00323,2024-04-23,Standard,15,Delivered
O001567,C01330,2023-04-13,Standard,0,Delivered
O001568,C00219,2024-03-10,Express,5,Delivered
O001569,C01221,2024-01-11,Express,10,Delivered
O001570,C00562,2023-10-20,Standard,10,Returned
O001571,C00963,2023-04-22,Standard,0,delivered
O001572,C01386,2024-12-21,Standard,15,Delivered
O001573,C01160,2023-06-23,Standard,10,Delivered
O001574,C01254,2024-03-07,Standard,0,Cancelled
O001575,C00395,2023-06-05,Same Day,0,Delivered
O001576,C00546,2024-04-06,Standard,10,Delivered
O001577,C01085,2023-12-25,Standard,15,Returned
O001578,C01155,2023-08-27,Express,0,Delivered
O001579,C01179,2023-12-16,Standard,0,Delivered
O001580,C01091,2024-06-26,Same Day,0,Delivered
O001581,C00349,2023-09-22,Standard,5,Delivered
O001582,C00426,2024-11-19,Express,10,Delivered
O001583,C01416,2023-10-08,Standard,0,Delivered
O001584,C00831,2023-07-13,Standard,15,Delivered
O001585,C01116,2024-12-07,Standard,0,Delivered
O001586,C00879,2024-10-01,Express,15,Delivered
O001587,C01398,2023-10-29,Standard,20,Delivered
O001588,C01315,2024-10-16,Standard,0,Delivered
O001589,C00396,2024-02-23,Standard,20,Delivered
O001590,C01334,2023-10-31,Standard,10,Returned
O001591,C00438,2024-10-15,Express,20,Delivered
O001592,C00664,2024-08-24,Same Day,0,Delivered
O001593,C01287,2023-10-03,Express,15,Delivered
O001594,C00480,2024-05-05,Standard,5,Delivered
O001595,C00426,2023-12-13,Express,0,Cancelled
O001596,C00973,2023-01-02,Standard,30,Delivered
O001597,C01500,2024-12-11,Standard,20,Delivered
O001598,C00206,2024-05-13,Standard,0,Cancelled
O001599,C01025,2024-04-29,Express,5,Delivered
O001600,C00784,2024-04-30,Express,30,Delivered
O001601,C00620,2024-03-21,Standard,5,Delivered
O001602,C01106,2023-09-28,Express,5,Delivered
O001603,C00831,2024-12-16,Express,0,Delivered
O001604,C01196,2024-05-17,Same Day,5,Delivered
O001605,C01096,2024-06-24,Same Day,5,Cancelled
O001606,C01485,2023-12-31,Standard,10,Delivered
O001607,C01221,2023-09-26,Standard,5,Delivered
O001608,C00105,2024-01-13,Express,10,Delivered
O001609,C01158,2023-11-02,Express,0,Delivered
O001610,C00951,2023-09-13,Standard,15,Delivered
O001611,C00140,2024-06-17,Express,0,Delivered
O001612,C00889,2024-11-03,Express,10,Delivered
O001613,C01107,2023-10-06,Standard,15,Delivered
O001614,C00294,2023-10-24,Standard,15,Delivered
O001615,C00656,2024-06-24,Standard,0,Delivered
O001616,C00808,2024-03-27,Standard,15,Returned
O001617,C00625,2024-11-25,Standard,0,Delivered
O001618,C01321,2023-11-09,Standard,0,Returned
O001619,C00255,2023-04-13,Express,15,Returned
O001620,C01151,2023-06-23,Standard,0,Delivered
O001621,C01156,2024-11-26,Express,5,Delivered
O001622,C00674,2023-08-25,Standard,20,Delivered
O001623,C00805,2024-06-18,Express,0,Delivered
O001624,C00228,2023-08-14,Standard,15,Delivered
O001625,C00294,2023-10-24,Express,10,Delivered
O001626,C00790,2024-11-03,Standard,5,Delivered
O001627,C00338,2023-05-27,Standard,5,Delivered
O001628,C01206,2023-03-28,Standard,5,Delivered
O001629,C00899,2024-04-24,Standard,15,Delivered
O001630,C00092,2024-10-26,Express,15,Returned
O001631,C00540,2023-10-19,Standard,5,Delivered
O001632,C01296,2023-05-09,Same Day,10,Delivered
O001633,C00418,2024-12-22,Standard,5,Delivered
O001634,C01068,2024-06-29,Standard,10,Delivered
O001635,C00148,2024-10-21,Same Day,0,Delivered
O001636,C01405,2024-08-24,Standard,0,Returned
O001637,C00675,2024-07-16,Express,0,Delivered
O001638,C00744,2023-11-20,Standard,10,Delivered
O001639,C00848,2023-10-18,Standard,0,Delivered
O001640,C00548,2024-07-30,Express,5,Delivered
O001641,C01074,2024-07-30,Standard,30,Delivered
O001642,C00036,2024-12-05,Express,0,Delivered
O001643,C00244,2024-04-05,Standard,5,Delivered
O001644,C00283,2023-10-01,Express,0,Delivered
O001645,C00923,2024-01-29,Standard,10,Delivered
O001646,C01346,2024-05-11,Standard,0,Delivered
O001647,C00098,2024-04-06,Standard,20,Delivered
O001648,C01288,2024-09-19,Express,0,Delivered
O001649,C01241,2024-04-18,Same Day,30,Delivered
O001650,C00123,2023-12-24,Same Day,0,Delivered
O001651,C00218,2024-04-06,Express,15,Delivered
O001652,C00524,2024-05-26,Express,0,Delivered
O001653,C00175,2024-11-19,Express,0,Delivered
O001654,C01123,2023-12-06,Standard,20,Returned
O001655,C00760,2024-05-08,Standard,0,Delivered
O001656,C00620,2024-01-17,Express,10,Delivered
O001657,C01072,2024-03-05,Standard,10,Delivered
O001658,C00430,2023-03-10,Express,5,Delivered
O001659,C01319,2024-11-11,Standard,0,Delivered
O001660,C00955,2024-11-17,Standard,20,Delivered
O001661,C00520,2024-03-19,Express,10,Delivered
O001662,C00805,2024-03-26,Standard,20,Delivered
O001663,C00392,2023-02-28,Same Day,15,Delivered
O001664,C01485,2024-04-29,Same Day,15,Delivered
O001665,C00656,2024-02-03,Express,10,Delivered
O001666,C01355,2024-07-24,Express,0,Delivered
O001667,C01472,2024-05-27,Standard,20,Cancelled
O001668,C00797,2024-07-26,Standard,15,Cancelled
O001669,C01081,2023-09-26,Express,10,delivered
O001670,C00850,2024-06-09,Standard,20,Delivered
O001671,C00143,2024-05-21,Standard,0,Delivered
O001672,C01431,2024-03-19,Standard,0,Returned
O001673,C00682,2023-12-22,Express,0,Delivered
O001674,C01353,2024-10-13,Express,10,Delivered
O001675,C00955,2024-05-05,Standard,5,Delivered
O001676,C00164,2023-03-12,Standard,0,Delivered
O001677,C00630,2023-12-24,Express,10,Delivered
O001678,C00294,2023-10-24,Standard,0,Delivered
O001679,C00255,2024-06-01,Standard,5,Returned
O001680,C01058,2024-05-11,Standard,0,Delivered
O001681,C00047,2023-01-11,Express,0,Delivered
O001682,C01456,2024-05-06,Standard,5,Delivered
O001683,C00676,2024-08-12,Standard,0,Delivered
O001684,C00734,2024-09-04,Standard,5,Delivered
O001685,C00438,2023-03-02,Standard,5,Delivered
O001686,C00137,2023-10-06,Same Day,20,Cancelled
O001687,C00869,2023-12-10,,0,Delivered
O001688,C00515,2023-12-30,Express,0,Delivered
O001689,C00910,2024-06-10,Standard,15,Delivered
O001690,C00833,2023-03-14,Standard,0,Delivered
O001691,C00327,2023-04-25,Standard,5,Delivered
O001692,C00695,2024-06-23,Standard,15,Delivered
O001693,C00447,2023-09-07,Express,0,Returned
O001694,C00357,2024-07-26,Standard,30,Delivered
O001695,C01150,2023-02-18,Express,5,Delivered
O001696,C00032,2024-03-31,Standard,15,Delivered
O001697,C00408,2023-11-23,Standard,20,Delivered
O001698,C00789,2024-09-23,Standard,20,Delivered
O001699,C00723,2024-09-14,Standard,0,Delivered
O001700,C01416,2023-11-15,Standard,10,Returned
O001701,C01281,2024-05-18,Standard,5,Returned
O001702,C01109,2023-08-09,Same Day,5,Delivered
O001703,C00764,2024-04-14,Standard,15,Delivered
O001704,C00652,2024-02-02,Standard,5,Delivered
O001705,C00061,2023-12-19,Standard,5,Delivered
O001706,C01246,2023-06-29,Standard,10,Delivered
O001707,C00652,2024-11-05,Express,0,Delivered
O001708,C00473,2023-12-25,Standard,10,Delivered
O001709,C00890,2024-04-23,Express,0,Delivered
O001710,C01116,2024-04-13,Express,10,Delivered
O001711,C00778,2023-09-27,Standard,0,Delivered
O001712,C00224,2023-07-18,Standard,15,Delivered
O001713,C01396,2024-11-17,Standard,0,Delivered
O001714,C00175,2024-09-25,Standard,10,Delivered
O001715,C01463,2023-05-14,Standard,10,Delivered
O001716,C00665,2024-08-20,Standard,5,Delivered
O001717,C01419,2024-03-04,Express,10,Delivered
O001718,C01388,2023-05-04,Standard,15,Delivered
O001719,C00616,2024-03-03,Express,0,Delivered
O001720,C01200,2023-05-11,Express,10,Delivered
O001721,C00140,2023-07-24,Standard,5,Delivered
O001722,C00132,2024-07-14,Standard,10,Returned
O001723,C00539,2023-09-02,Standard,20,Delivered
O001724,C00891,2024-11-09,Standard,10,Delivered
O001725,C00028,2024-06-13,Standard,0,Delivered
O001726,C00767,2024-10-12,Standard,5,Delivered
O001727,C01470,2024-05-12,Express,5,Delivered
O001728,C01296,2024-10-29,Standard,0,Returned
O001729,C00352,2023-11-08,Express,10,Delivered
O001730,C00785,2024-03-20,Standard,10,Returned
O001731,C00259,2024-02-21,Standard,15,Delivered
O001732,C00397,2024-11-14,Standard,0,Returned
O001733,C01398,2023-06-12,Standard,10,Delivered
O001734,C01500,2024-04-12,Standard,5,Delivered
O001735,C00367,2024-08-26,Standard,0,Delivered
O001736,C00315,2024-02-07,Standard,5,Delivered
O001737,C00582,2024-10-29,Standard,10,Delivered
O001738,C00669,2023-11-14,Standard,5,Delivered
O001739,C00140,2023-06-20,Standard,15,Delivered
O001740,C00224,2024-04-17,Standard,0,Delivered
O001741,C00645,2023-12-19,Standard,5,Delivered
O001742,C00353,2023-01-16,Standard,0,Cancelled
O001743,C01281,2023-08-04,Standard,0,Delivered
O001744,C01109,2023-07-11,Standard,0,Delivered
O001745,C00797,2024-09-05,Same Day,10,Delivered
O001746,C00654,2024-11-09,Express,5,Delivered
O001747,C01261,2024-03-17,Standard,5,Delivered
O001748,C00250,2023-04-17,Standard,5,Delivered
O001749,C01338,2024-03-08,Express,0,Delivered
O001750,C00080,2024-10-23,Standard,0,Delivered
O001751,C01398,2024-08-22,Standard,10,Delivered
O001752,C00212,2023-09-29,Express,15,Returned
O001753,C01226,2023-07-08,Standard,15,Returned
O001754,C00037,2024-11-12,Standard,0,Delivered
O001755,C01236,2024-10-22,Standard,5,Delivered
O001756,C00865,2024-03-22,Standard,10,Returned
O001757,C00037,2024-10-08,Standard,15,Delivered
O001758,C01153,2023-04-09,Standard,0,Delivered
O001759,C00156,2023-07-04,Express,0,Delivered
O001760,C00805,2024-08-29,Standard,20,Delivered
O001761,C00493,2024-03-09,Standard,0,Delivered
O001762,C01124,2023-12-06,Standard,30,Delivered
O001763,C01289,2024-11-14,Same Day,10,Delivered
O001764,C00700,2024-10-15,Standard,5,Delivered
O001765,C01123,2023-06-28,Standard,0,Delivered
O001766,C01389,2024-05-13,Standard,15,Delivered
O001767,C01013,2024-09-07,Standard,0,Delivered
O001768,C00476,2024-03-21,Standard,5,Delivered
O001769,C00696,2024-12-22,Standard,0,Delivered
O001770,C00343,2024-07-06,Same Day,0,Delivered
O001771,C00688,2023-04-16,Express,10,Delivered
O001772,C00371,2024-06-10,Standard,0,Delivered
O001773,C01208,2024-10-09,Express,10,Delivered
O001774,C00891,2024-12-30,Standard,10,Delivered
O001775,C00923,2023-04-10,Standard,5,Delivered
O001776,C00172,2023-04-12,Standard,10,Delivered
O001777,C00007,2024-09-01,Standard,0,Delivered
O001778,C01178,2023-12-03,Standard,15,Delivered
O001779,C00808,2024-03-27,Express,0,Delivered
O001780,C01405,2024-11-07,Standard,10,Delivered
O001781,C00799,2024-09-25,Standard,15,Delivered
O001782,C00321,2024-11-04,Standard,15,Delivered
O001783,C01024,2024-06-08,Standard,0,Delivered
O001784,C01025,2023-10-17,Same Day,5,Delivered
O001785,C00102,2024-11-15,Standard,15,Delivered
O001786,C01014,2023-10-04,Standard,15,Delivered
O001787,C00317,2023-12-06,Express,10,Cancelled
O001788,C00383,2024-11-06,Express,0,Delivered
O001789,C00049,2024-07-02,Standard,5,Delivered
O001790,C00915,2024-11-10,Standard,30,Delivered
O001791,C01082,2024-03-10,Express,0,Delivered
O001792,C00346,2024-12-06,Standard,15,Delivered
O001793,C01188,2024-05-10,Standard,5,Delivered
O001794,C01126,2024-06-22,Express,10,Delivered
O001795,C00619,2024-11-18,Express,0,Delivered
O001796,C00108,2023-12-06,Express,0,Delivered
O001797,C00418,2024-08-01,Same Day,0,Delivered
O001798,C00247,2024-05-31,Standard,20,Delivered
O001799,C01442,2024-09-17,Express,10,Delivered
O001800,C01239,2024-11-11,Express,10,Delivered
O001801,C00124,2024-07-02,Standard,30,Delivered
O001802,C00763,2023-03-11,Same Day,0,Delivered
O001803,C00404,2024-04-10,Express,15,Delivered
O001804,C00049,2024-12-07,Express,0,Delivered
O001805,C00478,2024-12-15,Standard,0,Delivered
O001806,C00198,2024-12-14,Standard,5,Delivered
O001807,C00336,2023-02-06,Same Day,30,Delivered
O001808,C00486,2024-04-07,Same Day,10,Delivered
O001809,C00617,2024-08-29,Standard,0,Delivered
O001810,C00708,2024-08-25,Standard,30,Delivered
O001811,C00773,2024-05-18,Express,15,Delivered
O001812,C00561,2024-05-08,Standard,10,Delivered
O001813,C00751,2023-10-16,Standard,10,Delivered
O001814,C00630,2024-02-01,Same Day,5,Delivered
O001815,C01454,2024-05-15,Standard,0,Delivered
O001816,C00106,2023-08-07,Express,10,Delivered
O001817,C00867,2023-03-23,Standard,0,Delivered
O001818,C00294,2024-11-17,Standard,10,Delivered
O001819,C00568,2024-08-19,Standard,5,Delivered
O001820,C00819,2024-11-26,Standard,10,Delivered
O001821,C01124,2024-01-13,Express,15,Delivered
O001822,C01472,2024-05-27,Standard,5,Delivered
O001823,C00747,2023-11-06,Same Day,5,Delivered
O001824,C00388,2024-05-13,Standard,0,Delivered
O001825,C01185,2023-11-02,Same Day,0,Cancelled
O001826,C00335,2024-08-20,Standard,0,Delivered
O001827,C00762,2024-09-26,Standard,0,Delivered
O001828,C01282,2024-11-01,Standard,5,Delivered
O001829,C00614,2023-08-22,Standard,5,Delivered
O001830,C00834,2024-03-01,Standard,20,Delivered
O001831,C00189,2023-08-05,Same Day,0,Delivered
O001832,C00092,2024-05-27,Express,0,Delivered
O001833,C01489,2024-07-23,Standard,15,Delivered
O001834,C00269,2024-03-20,Standard,0,Delivered
O001835,C00496,2024-08-04,Standard,10,Delivered
O001836,C00761,2023-03-31,Express,10,Delivered
O001837,C00566,2024-12-29,Express,10,Delivered
O001838,C00154,2024-12-28,Standard,0,Delivered
O001839,C00294,2024-01-09,Standard,0,Delivered
O001840,C00747,2024-10-28,Standard,30,Delivered
O001841,C00659,2023-08-22,Standard,15,Cancelled
O001842,C01197,2024-08-14,Standard,10,Delivered
O001843,C00453,2024-11-03,Standard,0,Delivered
O001844,C01416,2024-10-03,Express,5,Delivered
O001845,C00418,2024-10-02,Standard,10,Delivered
O001846,C00491,2024-03-04,Same Day,0,Delivered
O001847,C01425,2024-10-06,Express,30,Delivered
O001848,C01281,2024-07-10,Standard,30,Delivered
O001849,C00466,2023-05-13,Standard,0,Delivered
O001850,C00600,2023-04-26,Standard,0,Delivered
O001851,C01281,2024-09-06,Express,5,Delivered
O001852,C00137,2024-05-20,Standard,5,Delivered
O001853,C00434,2024-02-24,Same Day,5,Delivered
O001854,C00790,2024-11-15,Express,10,Delivered
O001855,C01259,2024-06-15,Standard,5,Delivered
O001856,C00845,2023-11-26,Standard,0,Delivered
O001857,C00734,2023-12-06,Standard,0,Delivered
O001858,C01451,2024-05-04,Standard,5,Delivered
O001859,C00181,2024-08-30,Standard,5,Delivered
O001860,C01160,2024-04-01,Express,20,Delivered
O001861,C00197,2024-02-14,Standard,0,Delivered
O001862,C01085,2024-08-06,Standard,15,Delivered
O001863,C00810,2024-07-21,Express,0,Delivered
O001864,C00397,2024-10-11,Express,10,Delivered
O001865,C00810,2024-03-01,Standard,0,Cancelled
O001866,C01324,2024-08-26,Standard,5,Delivered
O001867,C00717,2024-02-19,Express,5,Delivered
O001868,C00020,2023-11-07,Standard,15,Delivered
O001869,C00092,2024-07-01,Standard,0,Delivered
O001870,C00922,2024-07-30,Express,0,Delivered
O001871,C00993,2024-02-27,Express,5,Delivered
O001872,C00614,2024-09-21,Standard,10,Delivered
O001873,C00367,2024-01-14,Standard,0,Delivered
O001874,C01061,2023-07-17,Express,0,Delivered
O001875,C00442,2023-11-02,Standard,10,Delivered
O001876,C00121,2023-12-03,Same Day,5,Delivered
O001877,C00618,2024-07-14,Standard,0,Delivered
O001878,C00805,2024-10-18,Express,0,Delivered
O001879,C01456,2024-08-02,Same Day,10,Delivered
O001880,C00873,2024-06-10,Standard,30,Returned
O001881,C00311,2023-11-10,Express,10,Delivered
O001882,C01263,2023-11-10,Standard,15,Delivered
O001883,C00427,2024-07-07,Express,10,Delivered
O001884,C01443,2023-08-26,Same Day,5,Delivered
O001885,C00480,2024-02-29,Same Day,30,Delivered
O001886,C01385,2024-09-20,Standard,0,Delivered
O001887,C01323,2024-06-24,Express,15,Delivered
O001888,C01306,2023-10-03,Express,0,Returned
O001889,C00066,2023-10-23,Standard,10,Delivered
O001890,C01287,2024-06-10,Express,30,Delivered
O001891,C01068,2024-03-20,Standard,15,Delivered
O001892,C00495,2023-04-08,Same Day,15,Delivered
O001893,C00738,2024-11-01,Express,15,Delivered
O001894,C00932,2024-02-18,Standard,5,Cancelled
O001895,C01416,2024-01-16,Standard,5,Delivered
O001896,C01160,2023-07-14,Same Day,5,Delivered
O001897,C00651,2023-11-16,Standard,0,Delivered
O001898,C00948,2023-10-23,Standard,5,Delivered
O001899,C00280,2023-09-13,Standard,0,Delivered
O001900,C00645,2024-04-04,Standard,20,Delivered
O001901,C01183,2024-01-07,Standard,10,Delivered
O001902,C00890,2024-11-07,Standard,0,Delivered
O001903,C01165,2024-11-30,Same Day,10,Delivered
O001904,C00763,2023-08-02,Express,15,Delivered
O001905,C00574,2023-07-20,Express,15,Delivered
O001906,C01095,2024-09-15,Standard,0,Delivered
O001907,C00148,2024-12-29,Express,10,Delivered
O001908,C01473,2024-10-27,Standard,0,Delivered
O001909,C01423,2023-01-24,Express,15,Delivered
O001910,C01325,2023-08-29,Express,20,Delivered
O001911,C01334,2023-02-13,Standard,0,Delivered
O001912,C00763,2024-10-06,Same Day,0,Delivered
O001913,C00750,2024-04-15,Same Day,0,Delivered
O001914,C01242,2024-02-19,Standard,5,Delivered
O001915,C00418,2024-03-24,Same Day,0,Delivered
O001916,C01287,2023-08-30,Express,15,Delivered
O001917,C00301,2024-05-02,Standard,5,Cancelled
O001918,C01323,2024-04-02,Standard,5,Returned
O001919,C00807,2024-06-05,Express,10,Delivered
O001920,C01281,2024-08-12,Express,10,Delivered
O001921,C00747,2024-06-26,Standard,0,Delivered
O001922,C00891,2023-10-23,Standard,15,Cancelled
O001923,C01401,2024-10-09,Standard,10,Delivered
O001924,C00630,2024-07-29,Standard,0,Delivered
O001925,C00335,2023-05-09,Standard,0,Delivered
O001926,C00142,2023-07-11,Standard,15,Returned
O001927,C00871,2024-05-29,Express,0,Delivered
O001928,C00895,2023-09-28,Standard,0,Delivered
O001929,C00905,2023-07-30,Express,5,Delivered
O001930,C00061,2023-06-03,Express,20,Delivered
O001931,C00044,2023-10-31,Same Day,10,Delivered
O001932,C01353,2024-01-19,Same Day,15,Delivered
O001933,C01016,2024-05-06,Same Day,0,Delivered
O001934,C00175,2023-06-23,Standard,15,Delivered
O001935,C00122,2024-07-27,Standard,5,Delivered
O001936,C00243,2024-04-06,Standard,30,Cancelled
O001937,C01207,2024-06-07,Standard,10,Delivered
O001938,C01070,2023-09-27,Standard,10,Delivered
O001939,C00930,2024-09-15,Standard,20,Delivered
O001940,C00936,2024-12-10,Standard,20,Returned
O001941,C01298,2024-01-31,Standard,0,returned
O001942,C00494,2023-02-12,Standard,0,Delivered
O001943,C00478,2023-09-05,Same Day,10,Delivered
O001944,C00647,2023-06-05,Standard,0,Delivered
O001945,C01492,2024-10-17,Standard,0,Delivered
O001946,C00831,2023-07-10,Standard,0,Delivered
O001947,C00821,2024-12-14,Standard,5,Delivered
O001948,C01216,2024-04-21,Same Day,10,Delivered
O001949,C00267,2024-02-22,Standard,0,Delivered
O001950,C00616,2024-10-19,Standard,5,Delivered
O001951,C00936,2023-01-28,Express,5,Delivered
O001952,C01490,2024-09-10,Standard,30,Returned
O001953,C00230,2023-04-28,Standard,0,Delivered
O001954,C00680,2024-10-16,Standard,15,Delivered
O001955,C01379,2024-03-03,Standard,30,Delivered
O001956,C01076,2023-06-17,Standard,5,Delivered
O001957,C00896,2024-10-12,Express,10,Delivered
O001958,C00389,2023-01-27,Standard,0,Delivered
O001959,C00280,2023-05-18,Standard,5,delivered
O001960,C00566,2024-09-23,Standard,0,Delivered
O001961,C00383,2024-01-09,Standard,10,Delivered
O001962,C01215,2024-11-04,Standard,20,Delivered
O001963,C01068,2024-05-27,Same Day,0,Delivered
O001964,C01272,2024-05-18,Express,5,Delivered
O001965,C00259,2023-10-22,Same Day,10,Delivered
O001966,C00451,2023-12-11,Standard,5,Delivered
O001967,C01146,2024-12-11,Standard,5,Delivered
O001968,C00245,2023-12-24,Standard,5,Delivered
O001969,C00221,2024-03-03,Standard,10,Delivered
O001970,C00579,2023-09-14,Standard,0,Delivered
O001971,C00280,2023-09-08,Standard,5,Returned
O001972,C00124,2024-04-26,Express,5,Delivered
O001973,C00453,2024-09-24,Express,0,Delivered
O001974,C01321,2024-09-10,Standard,5,Delivered
O001975,C00092,2024-10-29,Standard,5,Delivered
O001976,C00846,2023-09-30,,10,Delivered
O001977,C00845,2024-01-09,Express,10,Returned
O001978,C00789,2023-01-10,Standard,5,Delivered
O001979,C00761,2024-08-20,Express,15,Delivered
O001980,C00037,2023-10-06,Standard,5,Delivered
O001981,C00077,2024-03-30,Express,5,Delivered
O001982,C00763,2023-06-16,Express,5,Delivered
O001983,C01462,2024-10-06,Standard,5,Delivered
O001984,C00617,2024-10-05,Express,15,Delivered
O001985,C00720,2024-11-02,Same Day,10,Delivered
O001986,C01477,2024-05-13,Standard,0,Delivered
O001987,C01157,2024-12-27,Standard,5,Delivered
O001988,C01150,2023-08-26,Standard,0,Delivered
O001989,C00761,2023-10-10,Standard,10,Delivered
O001990,C01359,2024-02-29,Same Day,30,Delivered
O001991,C00861,2023-10-17,Standard,10,Delivered
O001992,C00956,2024-03-29,Express,5,delivered
O001993,C01176,2023-08-19,Express,0,Delivered
O001994,C00616,2023-11-24,Standard,0,Delivered
O001995,C01432,2024-06-12,Standard,5,Returned
O001996,C01490,2024-10-14,Express,20,Delivered
O001997,C00867,2024-07-11,Standard,5,Delivered
O001998,C00335,2024-04-26,Standard,30,Delivered
O001999,C01153,2023-05-27,Same Day,5,Delivered
O002000,C00477,2024-10-04,Standard,0,Delivered
O002001,C00857,2023-09-15,Express,10,Delivered
O002002,C00137,2023-09-08,Standard,0,Returned
O002003,C01208,2023-02-28,Express,0,Returned
O002004,C01443,2024-06-22,Express,0,Delivered
O002005,C00149,2023-11-11,Standard,5,Delivered
O002006,C01082,2024-06-09,Standard,0,Delivered
O002007,C01301,2023-11-18,Standard,30,Returned
O002008,C00170,2024-01-01,Express,15,Returned
O002009,C00371,2024-06-10,Standard,10,Delivered
O002010,C00594,2023-11-12,Standard,5,Delivered
O002011,C01273,2023-12-16,Standard,0,Delivered
O002012,C00747,2024-06-01,Same Day,10,Delivered
O002013,C00210,2024-03-17,Standard,0,Delivered
O002014,C00385,2023-03-18,Express,5,Delivered
O002015,C00704,2024-06-22,Same Day,0,Delivered
O002016,C00066,2023-10-09,Standard,10,Delivered
O002017,C00921,2023-01-15,Same Day,10,Delivered
O002018,C00042,2023-06-03,Standard,5,Delivered
O002019,C01160,2024-02-04,Express,10,Delivered
O002020,C01087,2023-10-10,Express,0,Delivered
O002021,C01306,2024-07-13,Standard,0,Cancelled
O002022,C00233,2023-08-20,Standard,5,Delivered
O002023,C00882,2024-09-07,Express,10,Delivered
O002024,C01161,2023-09-25,Standard,0,Delivered
O002025,C00768,2024-05-16,Standard,20,Delivered
O002026,C00206,2024-09-24,Express,0,Delivered
O002027,C00154,2023-11-20,Standard,0,Delivered
O002028,C00889,2023-02-17,Standard,10,Delivered
O002029,C00749,2024-03-08,Standard,0,Delivered
O002030,C01405,2024-12-29,Standard,5,Delivered
O002031,C01269,2024-12-15,Standard,0,Delivered
O002032,C01072,2023-12-17,Standard,5,Delivered
O002033,C01477,2024-08-27,Standard,0,Delivered
O002034,C01015,2023-10-30,Standard,0,Delivered
O002035,C00144,2024-05-17,Same Day,5,Delivered
O002036,C00123,2024-06-20,Express,15,Returned
O002037,C01237,2024-02-07,Standard,15,Delivered
O002038,C00545,2024-03-12,Standard,5,Delivered
O002039,C01398,2024-10-10,,30,Delivered
O002040,C00183,2023-10-25,Standard,0,Delivered
O002041,C00299,2024-06-21,Express,15,Delivered
O002042,C01151,2023-11-10,Standard,30,Delivered
O002043,C01285,2023-02-13,Standard,10,Delivered
O002044,C01312,2023-11-16,Express,0,Returned
O002045,C00154,2024-12-05,Express,20,Delivered
O002046,C00576,2024-01-24,Standard,5,Delivered
O002047,C00948,2023-04-20,Express,0,Delivered
O002048,C01394,2024-07-08,Standard,20,Delivered
O002049,C00356,2024-12-12,Express,5,Delivered
O002050,C00879,2024-11-16,Standard,5,Delivered
O002051,C00219,2024-04-07,Standard,10,Returned
O002052,C01102,2024-02-17,Standard,20,Delivered
O002053,C00198,2024-04-15,Standard,5,Delivered
O002054,C01500,2024-10-04,Standard,20,Delivered
O002055,C00144,2024-10-26,Express,0,Delivered
O002056,C01008,2024-10-05,Standard,10,Delivered
O002057,C01155,2024-01-01,Same Day,5,Delivered
O002058,C00390,2023-08-07,Standard,0,Delivered
O002059,C00383,2024-04-05,Same Day,0,Delivered
O002060,C00874,2023-06-04,Standard,0,Delivered
O002061,C00919,2023-03-04,Standard,0,Delivered
O002062,C01068,2024-02-05,Standard,10,Delivered
O002063,C00860,2024-06-12,Standard,0,Delivered
O002064,C00264,2024-10-22,Standard,10,Cancelled
O002065,C01398,2024-09-14,Express,20,Delivered
O002066,C00250,2024-10-24,Standard,10,Delivered
O002067,C00845,2024-08-30,Standard,15,Delivered
O002068,C01395,2024-07-20,Standard,10,Delivered
O002069,C01388,2023-05-04,Express,20,Delivered
O002070,C00254,2024-05-20,Standard,15,Delivered
O002071,C00356,2023-05-02,Standard,0,Delivered
O002072,C00880,2023-06-21,Standard,10,Delivered
O002073,C00500,2023-06-04,Express,10,Returned
O002074,C01082,2024-10-08,Express,15,Delivered
O002075,C00778,2024-08-18,Standard,0,Delivered
O002076,C00400,2024-12-04,Standard,5,Cancelled
O002077,C00620,2024-12-20,Standard,20,Delivered
O002078,C01013,2024-11-09,Standard,30,Delivered
O002079,C01170,2024-04-03,Express,5,Delivered
O002080,C00559,2024-11-03,Express,5,Delivered
O002081,C00164,2024-10-15,Standard,0,Delivered
O002082,C00534,2024-10-30,Express,10,Delivered
O002083,C00919,2023-05-30,Standard,0,Delivered
O002084,C01124,2023-04-28,Express,30,Delivered
O002085,C01324,2024-11-23,Express,5,Delivered
O002086,C01451,2023-12-02,Express,0,Delivered
O002087,C00788,2023-11-11,Standard,0,Cancelled
O002088,C01325,2024-01-01,Standard,10,Cancelled
O002089,C00397,2023-05-24,Standard,10,Delivered
O002090,C00841,2023-01-21,Standard,10,Delivered
O002091,C00805,2024-12-28,Standard,5,Delivered
O002092,C01147,2024-11-02,Express,5,Delivered
O002093,C01151,2024-11-18,Standard,0,Returned
O002094,C00423,2023-09-24,Standard,0,Delivered
O002095,C01335,2023-08-03,Express,0,Delivered
O002096,C01350,2023-12-13,Standard,5,Delivered
O002097,C01423,2023-12-31,Standard,15,Delivered
O002098,C00685,2023-01-06,Standard,0,Delivered
O002099,C01489,2024-09-11,Express,10,Delivered
O002100,C01170,2024-12-30,Standard,0,Delivered
O002101,C00955,2024-03-03,Standard,0,Delivered
O002102,C00653,2024-04-18,Standard,0,Delivered
O002103,C01281,2023-11-24,Standard,5,Delivered
O002104,C01129,2023-04-08,Same Day,0,Delivered
O002105,C00867,2023-09-09,Express,20,Delivered
O002106,C01500,2024-02-08,Standard,0,Delivered
O002107,C00373,2024-04-25,Standard,5,Delivered
O002108,C00937,2024-03-16,Standard,30,Delivered
O002109,C00473,2024-10-20,Express,0,Delivered
O002110,C00686,2023-08-07,Standard,10,Delivered
O002111,C00502,2024-05-24,Standard,10,Delivered
O002112,C00496,2023-12-23,Standard,0,Returned
O002113,C00572,2023-07-29,Standard,0,Delivered
O002114,C00092,2024-05-27,Same Day,15,Delivered
O002115,C00068,2024-09-30,Standard,0,Delivered
O002116,C01072,2024-11-06,Same Day,0,Delivered
O002117,C00453,2024-06-02,Standard,5,Returned
O002118,C00038,2023-11-29,Standard,0,Delivered
O002119,C00126,2023-06-02,Express,15,Cancelled
O002120,C00294,2023-11-28,Standard,15,Delivered
O002121,C00079,2023-10-23,Express,20,Delivered
O002122,C01418,2024-10-30,Standard,0,Returned
O002123,C00848,2024-01-26,Standard,30,Delivered
O002124,C00599,2023-08-08,Standard,10,Delivered
O002125,C00791,2024-02-16,Same Day,10,Delivered
O002126,C00175,2023-05-17,,10,Delivered
O002127,C01028,2024-11-20,Express,15,Delivered
O002128,C01463,2023-02-21,Express,5,Delivered
O002129,C00206,2024-05-13,Standard,10,Delivered
O002130,C00228,2023-08-14,Express,10,Delivered
O002131,C00916,2024-10-02,Standard,0,Delivered
O002132,C00226,2024-02-27,Express,0,Delivered
O002133,C00197,2024-05-20,Express,5,Delivered
O002134,C00977,2023-12-13,Standard,10,Delivered
O002135,C00902,2023-09-15,Express,10,Delivered
O002136,C00330,2024-10-23,Express,15,Delivered
O002137,C01248,2024-01-22,Standard,10,Delivered
O002138,C00164,2023-02-02,Express,0,Delivered
O002139,C00494,2024-04-08,Standard,10,Delivered
O002140,C01091,2023-08-11,Express,0,Delivered
O002141,C00896,2023-11-12,Express,15,Cancelled
O002142,C00879,2024-09-25,Standard,5,Delivered
O002143,C01009,2024-05-21,Standard,20,Delivered
O002144,C00949,2023-08-20,Standard,0,Delivered
O002145,C01321,2023-11-01,Express,10,Delivered
O002146,C00848,2024-08-08,Express,5,Delivered
O002147,C00613,2024-04-09,Express,0,Delivered
O002148,C01135,2023-04-28,Express,10,Delivered
O002149,C00392,2024-05-13,Standard,0,Delivered
O002150,C01124,2024-05-06,Standard,0,Delivered
O002151,C00418,2024-12-17,Same Day,5,Delivered
O002152,C00724,2023-11-14,Standard,5,Delivered
O002153,C01091,2023-08-11,Standard,5,Delivered
O002154,C00915,2024-03-10,Standard,5,Delivered
O002155,C00137,2024-05-30,Standard,0,Cancelled
O002156,C00672,2023-05-19,Express,5,Delivered
O002157,C01224,2024-03-23,Standard,5,Returned
O002158,C01500,2023-07-13,Standard,10,Delivered
O002159,C00703,2024-10-18,Standard,5,Delivered
O002160,C00137,2024-10-13,Standard,0,Delivered
O002161,C00554,2023-12-16,Standard,10,Returned
O002162,C00734,2024-12-14,Express,0,Delivered
O002163,C00120,2024-12-21,Standard,0,Delivered
O002164,C01306,2023-05-10,Express,10,Delivered
O002165,C00805,2023-11-11,Standard,10,Delivered
O002166,C00630,2024-05-01,Standard,0,Delivered
O002167,C00606,2023-03-28,Express,0,Delivered
O002168,C00046,2023-11-19,Standard,5,Delivered
O002169,C00773,2024-05-18,Standard,5,Delivered
O002170,C00723,2024-12-06,Standard,10,Delivered
O002171,C00515,2023-12-30,Express,10,Delivered
O002172,C00958,2024-08-31,Express,0,Delivered
O002173,C00620,2023-11-21,Standard,10,Delivered
O002174,C00850,2023-05-12,Express,20,Delivered
O002175,C01334,2024-10-26,Standard,20,Delivered
O002176,C00549,2023-05-27,Express,0,Delivered
O002177,C00607,2024-02-23,Same Day,20,Delivered
O002178,C01307,2023-11-09,Standard,0,Cancelled
O002179,C00540,2024-07-07,Standard,0,Delivered
O002180,C00660,2023-10-28,Express,5,Delivered
O002181,C01200,2023-03-09,Standard,0,Delivered
O002182,C00872,2023-10-14,Express,0,Delivered
O002183,C01407,2024-06-07,Standard,0,Delivered
O002184,C00716,2023-03-09,Same Day,10,Delivered
O002185,C00724,2024-03-08,Standard,10,Delivered
O002186,C00071,2023-04-28,Express,10,Delivered
O002187,C00295,2023-09-26,Standard,5,Delivered
O002188,C00805,2024-06-01,Express,0,Delivered
O002189,C00280,2024-08-05,Same Day,10,Delivered
O002190,C00681,2023-09-07,Express,10,Delivered
O002191,C00418,2023-10-21,Express,0,Returned
O002192,C00038,2023-08-25,Standard,30,Delivered
O002193,C00723,2024-12-09,Standard,10,Delivered
O002194,C00948,2023-07-06,Standard,10,Cancelled
O002195,C00501,2023-06-29,Standard,10,Delivered
O002196,C01155,2023-12-25,Standard,10,Delivered
O002197,C00221,2023-07-05,Express,10,Cancelled
O002198,C00142,2023-06-04,Express,15,Delivered
O002199,C01407,2024-06-07,Standard,0,Delivered
O002200,C01396,2024-05-31,Standard,0,Delivered
O002201,C00616,2024-05-10,Standard,0,Delivered
O002202,C00633,2024-06-08,Express,30,Delivered
O002203,C01287,2024-09-07,Express,5,Delivered
O002204,C00788,2023-10-19,Standard,0,Delivered
O002205,C00182,2024-11-20,Standard,0,Delivered
O002206,C00175,2024-08-11,Express,5,Delivered
O002207,C00206,2024-09-28,Standard,20,Returned
O002208,C01160,2024-08-02,Express,10,Delivered
O002209,C00880,2023-11-06,Standard,0,Delivered
O002210,C00438,2023-09-23,Same Day,15,Delivered
O002211,C00243,2024-04-06,Express,20,Delivered
O002212,C00196,2023-04-09,Standard,10,Delivered
O002213,C01093,2023-12-29,Standard,10,Delivered
O002214,C01335,2023-02-13,Standard,10,Delivered
O002215,C00789,2023-01-04,Standard,10,Delivered
O002216,C01151,2024-11-26,Standard,15,Delivered
O002217,C00418,2024-07-09,Standard,10,Delivered
O002218,C00867,2024-03-30,Express,5,Delivered
O002219,C00657,2024-03-09,Standard,0,Delivered
O002220,C00140,2024-04-06,Standard,5,Delivered
O002221,C00730,2024-11-08,Express,0,Delivered
O002222,C01282,2024-06-10,Standard,10,Delivered
O002223,C00082,2024-05-02,Standard,30,Delivered
O002224,C00724,2024-01-05,Express,0,Delivered
O002225,C01321,2023-10-30,Express,5,Delivered
O002226,C01179,2024-07-16,Standard,10,Delivered
O002227,C00747,2024-12-21,Same Day,0,Delivered
O002228,C00259,2023-12-13,Standard,5,Delivered
O002229,C01285,2023-11-24,Standard,15,Delivered
O002230,C00228,2023-12-15,Standard,0,Delivered
O002231,C00418,2023-12-13,Standard,10,Delivered
O002232,C00197,2024-12-27,Standard,10,Delivered
O002233,C00690,2024-07-22,Standard,10,Delivered
O002234,C00916,2024-03-23,Express,0,Delivered
O002235,C01254,2024-03-07,Standard,0,Delivered
O002236,C00693,2024-01-16,Express,0,Delivered
O002237,C01464,2024-03-27,Standard,5,Delivered
O002238,C00874,2024-03-02,Express,0,Delivered
O002239,C00888,2024-10-02,Standard,10,Delivered
O002240,C00266,2024-06-16,Standard,5,Delivered
O002241,C00286,2024-06-15,Express,15,Delivered
O002242,C00857,2024-08-07,Standard,15,Delivered
O002243,C01068,2024-08-01,Express,5,Delivered
O002244,C00309,2023-09-07,Express,0,Delivered
O002245,C00726,2024-05-18,Express,0,Delivered
O002246,C00540,2024-05-09,Standard,15,Returned
O002247,C00659,2024-10-15,Express,5,Delivered
O002248,C00335,2023-05-16,Standard,0,Delivered
O002249,C00217,2023-07-10,Same Day,10,Delivered
O002250,C00473,2024-01-26,Standard,0,Delivered
O002251,C01317,2023-08-31,Standard,5,Delivered
O002252,C01204,2023-12-07,Same Day,5,Delivered
O002253,C00157,2024-09-17,Standard,0,Delivered
O002254,C00140,2023-05-28,Express,15,Delivered
O002255,C00746,2024-02-09,Standard,10,Delivered
O002256,C00418,2024-12-26,Express,5,Delivered
O002257,C01248,2024-02-12,Standard,10,Delivered
O002258,C00730,2024-02-05,Standard,0,Delivered
O002259,C01288,2024-03-28,Standard,5,Delivered
O002260,C00167,2023-07-02,Standard,10,Delivered
O002261,C01464,2024-03-27,Express,5,Delivered
O002262,C01139,2024-06-29,Express,10,Delivered
O002263,C01082,2024-03-10,Express,5,Delivered
O002264,C01416,2023-09-28,Express,5,Delivered
O002265,C00716,2023-03-09,Express,5,Delivered
O002266,C00224,2024-10-18,Standard,10,Delivered
O002267,C00749,2023-02-01,Standard,0,Delivered
O002268,C01236,2024-08-23,Express,15,Cancelled
O002269,C01298,2023-11-18,Express,0,Delivered
O002270,C00731,2024-04-29,Standard,0,Delivered
O002271,C01085,2023-08-26,Standard,15,Delivered
O002272,C00371,2024-06-10,Standard,5,Delivered
O002273,C00346,2024-03-07,Express,5,Delivered
O002274,C00867,2024-07-14,Standard,5,Delivered
O002275,C00637,2023-07-11,Express,0,Delivered
O002276,C00239,2024-06-16,Express,10,Returned
O002277,C01126,2024-03-25,Same Day,10,Delivered
O002278,C00790,2023-10-29,Standard,0,Delivered
O002279,C00774,2024-04-02,Express,15,Delivered
O002280,C00285,2023-05-25,Express,0,Delivered
O002281,C00364,2024-02-15,Standard,15,Delivered
O002282,C01013,2023-10-31,Standard,10,Delivered
O002283,C01287,2024-01-25,Standard,20,Delivered
O002284,C00267,2023-10-11,Standard,15,Cancelled
O002285,C01227,2023-12-30,Standard,15,Delivered
O002286,C01176,2023-12-18,Standard,30,Delivered
O002287,C01236,2024-11-16,Express,15,Delivered
O002288,C00862,2024-01-29,Standard,15,Delivered
O002289,C00528,2024-10-05,Standard,0,Delivered
O002290,C01151,2023-08-07,Express,15,Delivered
O002291,C00724,2023-11-03,Express,10,Delivered
O002292,C00335,2023-03-18,Same Day,30,Delivered
O002293,C00614,2023-12-10,Express,10,Delivered
O002294,C00686,2024-06-23,Express,0,Delivered
O002295,C00761,2024-10-15,Standard,0,Delivered
O002296,C01356,2024-04-03,Standard,0,Delivered
O002297,C00621,2024-05-31,Standard,5,Delivered
O002298,C00422,2023-06-24,Same Day,10,Delivered
O002299,C01451,2023-12-02,Standard,0,Delivered
O002300,C00366,2024-09-19,Standard,0,Delivered
O002301,C00032,2023-10-01,Standard,0,Delivered
O002302,C01287,2023-08-16,Express,15,Delivered
O002303,C01434,2024-11-29,Standard,5,Returned
O002304,C01007,2024-12-12,Express,0,Delivered
O002305,C00617,2024-05-13,Same Day,5,Delivered
O002306,C00812,2024-01-02,Standard,0,Delivered
O002307,C01263,2024-10-12,Express,10,Cancelled
O002308,C01335,2023-07-20,Standard,15,Delivered
O002309,C00159,2023-12-16,Standard,0,Delivered
O002310,C01313,2023-11-05,Standard,15,Delivered
O002311,C00899,2024-11-18,Express,10,Delivered
O002312,C00049,2024-11-21,Standard,0,Delivered
O002313,C00170,2024-06-08,Express,0,Returned
O002314,C00075,2024-03-31,Express,0,Returned
O002315,C01423,2024-01-23,Standard,0,Delivered
O002316,C00649,2023-08-24,Standard,0,Delivered
O002317,C01058,2024-11-05,Standard,20,Cancelled
O002318,C00007,2023-05-18,Standard,0,Delivered
O002319,C01189,2023-02-25,Same Day,20,Delivered
O002320,C00726,2024-07-21,Standard,5,Delivered
O002321,C01398,2023-12-31,Express,5,Delivered
O002322,C00777,2024-10-15,Same Day,10,Cancelled
O002323,C01177,2023-11-03,Standard,15,Cancelled
O002324,C00916,2024-09-26,Standard,30,Delivered
O002325,C00774,2023-05-10,Express,0,Delivered
O002326,C01423,2023-01-28,Express,5,Returned
O002327,C00749,2024-01-06,Standard,0,Delivered
O002328,C01351,2023-12-07,Express,0,Delivered
O002329,C00057,2024-04-25,Same Day,0,Delivered
O002330,C00957,2023-01-26,Express,10,Delivered
O002331,C01388,2023-05-04,Express,0,Delivered
O002332,C01362,2024-08-07,Express,15,Delivered
O002333,C00730,2023-07-25,Express,15,Cancelled
O002334,C00717,2024-06-13,Standard,5,Returned
O002335,C01219,2024-08-23,Same Day,5,Delivered
O002336,C00496,2023-12-23,Standard,10,Delivered
O002337,C01410,2024-09-05,Express,0,Delivered
O002338,C00378,2023-09-11,Standard,5,Delivered
O002339,C00122,2023-11-22,Express,0,Delivered
O002340,C01151,2023-06-23,Express,0,Returned
O002341,C00615,2024-10-15,Express,10,Delivered
O002342,C00538,2024-05-06,Standard,0,Delivered
O002343,C00473,2024-02-11,Express,5,Delivered
O002344,C01474,2024-12-15,,10,Delivered
O002345,C00849,2023-10-24,Standard,10,Delivered
O002346,C01495,2024-11-08,Standard,0,Delivered
O002347,C00515,2024-08-01,Same Day,0,Delivered
O002348,C00626,2024-11-25,Same Day,0,Delivered
O002349,C00314,2024-11-16,Standard,5,Delivered
O002350,C00652,2024-12-27,Express,5,Delivered
O002351,C00098,2024-04-06,Standard,15,Delivered
O002352,C00004,2024-09-22,Standard,0,Delivered
O002353,C00680,2024-09-28,Express,15,Delivered
O002354,C01102,2024-06-03,Express,0,Cancelled
O002355,C00656,2024-02-03,Express,5,Delivered
O002356,C00773,2024-12-13,Standard,15,Delivered
O002357,C00669,2023-07-19,Standard,15,Delivered
O002358,C00784,2024-02-06,Standard,5,Delivered
O002359,C01153,2024-02-26,Express,0,Delivered
O002360,C01204,2023-06-09,Standard,10,Delivered
O002361,C01273,2024-08-03,Standard,15,Delivered
O002362,C00317,2023-12-06,Standard,0,Delivered
O002363,C00686,2024-07-12,Standard,0,Delivered
O002364,C01261,2024-10-20,Standard,5,Delivered
O002365,C01416,2023-11-01,Express,10,Delivered
O002366,C00810,2024-07-25,Standard,5,Delivered
O002367,C00747,2023-06-04,Standard,0,Delivered
O002368,C01131,2024-10-18,Same Day,15,Delivered
O002369,C01494,2024-12-06,Standard,20,Delivered
O002370,C00649,2023-05-31,Standard,10,Delivered
O002371,C00246,2024-07-11,Express,0,Delivered
O002372,C01270,2024-02-12,Standard,0,Returned
O002373,C01051,2024-06-11,Same Day,10,Delivered
O002374,C00219,2024-07-22,Standard,15,Delivered
O002375,C00479,2024-01-28,Express,5,Delivered
O002376,C00831,2024-05-01,Standard,0,Delivered
O002377,C01082,2024-03-10,Standard,20,Returned
O002378,C01160,2023-11-16,Standard,5,Delivered
O002379,C00230,2024-10-27,Standard,20,Delivered
O002380,C00326,2023-04-22,Standard,5,Delivered
O002381,C01096,2024-06-16,Standard,10,Delivered
O002382,C00181,2023-06-30,Standard,0,Delivered
O002383,C00751,2024-10-19,Standard,0,Delivered
O002384,C00817,2024-04-13,Standard,30,Delivered
O002385,C00502,2024-05-24,Standard,10,Delivered
O002386,C01195,2023-10-31,Standard,5,Delivered
O002387,C00088,2023-12-20,Express,5,Delivered
O002388,C01155,2024-12-09,Same Day,0,Delivered
O002389,C00948,2024-02-15,Standard,15,Delivered
O002390,C00762,2024-01-12,Same Day,0,Delivered
O002391,C01319,2024-08-20,Express,5,Returned
O002392,C00302,2023-11-17,Same Day,5,Returned
O002393,C01200,2023-12-14,Standard,10,Delivered
O002394,C00280,2023-10-25,Standard,5,Delivered
O002395,C01493,2023-05-30,Express,30,Delivered
O002396,C00049,2024-07-28,Standard,15,Delivered
O002397,C00831,2024-10-31,Express,30,Delivered
O002398,C00255,2024-11-15,Express,5,Delivered
O002399,C00617,2024-11-04,Standard,0,Delivered
O002400,C00224,2023-12-30,Standard,30,Delivered
O002401,C00294,2023-10-24,Standard,0,Delivered
O002402,C00097,2024-05-29,Express,20,Delivered
O002403,C00025,2024-12-07,Express,0,Delivered
O002404,C01068,2024-08-07,Express,15,Delivered
O002405,C00681,2024-02-02,Standard,15,Delivered
O002406,C00075,2024-07-08,Same Day,10,Delivered
O002407,C01416,2024-09-07,Standard,15,Delivered
O002408,C00969,2024-11-21,Standard,0,Delivered
O002409,C00397,2024-09-01,Standard,5,Delivered
O002410,C00659,2023-12-18,Standard,0,Delivered
O002411,C00732,2023-09-15,Standard,30,Returned
O002412,C00848,2024-02-06,Standard,5,Delivered
O002413,C01296,2023-10-20,Standard,0,Delivered
O002414,C00871,2024-12-01,Standard,0,Delivered
O002415,C01473,2024-02-14,Standard,15,Delivered
O002416,C01077,2024-01-14,Same Day,20,Delivered
O002417,C01491,2023-11-01,Standard,20,Cancelled
O002418,C00827,2024-05-30,Standard,0,Delivered
O002419,C00993,2024-02-24,Standard,10,Delivered
O002420,C01091,2023-08-11,Express,5,delivered
O002421,C01118,2024-10-29,Standard,10,Delivered
O002422,C00042,2023-11-06,Standard,15,Delivered
O002423,C00198,2023-12-18,Express,0,Delivered
O002424,C00342,2024-06-06,Standard,5,Delivered
O002425,C00410,2024-04-15,Standard,0,Delivered
O002426,C01379,2024-07-19,Same Day,5,Delivered
O002427,C01070,2024-11-04,Standard,0,returned
O002428,C00219,2023-02-22,Standard,0,Delivered
O002429,C00649,2024-12-17,Standard,0,Delivered
O002430,C00367,2024-07-20,Express,0,Delivered
O002431,C01259,2023-09-24,Standard,10,Delivered
O002432,C01393,2023-07-19,Standard,10,Returned
O002433,C00246,2023-10-02,Standard,20,Delivered
O002434,C00630,2024-11-01,Standard,5,Delivered
O002435,C01431,2024-03-19,Standard,10,Delivered
O002436,C00957,2024-01-07,Standard,30,Delivered
O002437,C01313,2024-07-22,Standard,5,Delivered
O002438,C00540,2024-10-31,Standard,15,Delivered
O002439,C00313,2024-06-15,Same Day,30,Delivered
O002440,C01013,2024-08-25,Express,15,Delivered
O002441,C00211,2023-06-20,Standard,0,Delivered
O002442,C01276,2024-11-02,Standard,0,Delivered
O002443,C01118,2023-09-17,Express,0,Delivered
O002444,C00442,2023-05-09,Express,10,Delivered
O002445,C00753,2024-12-19,Standard,10,Cancelled
O002446,C01197,2023-07-17,Standard,0,Delivered
O002447,C01407,2024-06-07,Standard,5,Delivered
O002448,C00530,2024-05-20,Standard,5,Delivered
O002449,C01179,2023-10-15,Standard,10,Delivered
O002450,C00294,2023-10-24,Standard,0,Delivered
O002451,C01376,2024-05-07,Express,0,Returned
O002452,C01009,2024-08-29,Standard,10,Delivered
O002453,C00228,2024-09-20,Standard,0,Delivered
O002454,C01091,2023-08-11,Standard,10,Delivered
O002455,C01072,2024-03-26,Standard,5,Delivered
O002456,C01095,2024-10-03,Standard,5,Delivered
O002457,C00515,2023-12-30,Express,15,Cancelled
O002458,C01091,2023-08-11,Standard,0,Returned
O002459,C01254,2024-03-07,Standard,0,Delivered
O002460,C00520,2024-02-28,Standard,20,Delivered
O002461,C00310,2023-07-10,Same Day,10,Delivered
O002462,C01339,2024-08-05,Express,0,Returned
O002463,C00905,2024-12-11,Standard,10,Delivered
O002464,C00693,2024-01-16,Express,5,Delivered
O002465,C01324,2024-06-07,Standard,10,Delivered
O002466,C00210,2023-07-31,Standard,15,Returned
O002467,C01219,2023-01-18,Standard,0,Delivered
O002468,C00741,2024-08-29,Express,10,Delivered
O002469,C00071,2023-12-18,Same Day,0,Delivered
O002470,C01466,2024-12-03,Express,5,Delivered
O002471,C01156,2024-03-07,Express,5,Delivered
O002472,C00321,2023-11-30,Standard,20,Delivered
O002473,C01398,2023-12-28,Same Day,10,Delivered
O002474,C01407,2024-06-07,Standard,15,Delivered
O002475,C01200,2024-11-02,Same Day,0,Delivered
O002476,C00197,2024-07-10,Standard,5,Delivered
O002477,C00280,2023-10-28,Standard,15,Cancelled
O002478,C01116,2024-04-13,Standard,0,Delivered
O002479,C01388,2024-06-23,Standard,30,Delivered
O002480,C00321,2024-09-14,Standard,10,Delivered
O002481,C00693,2024-01-16,Express,20,Delivered
O002482,C00230,2023-02-11,Express,0,Returned
O002483,C00724,2023-04-26,Standard,5,Delivered
O002484,C00940,2024-05-20,Standard,0,Delivered
O002485,C00037,2024-01-10,Standard,30,Delivered
O002486,C00940,2024-05-20,Standard,0,Delivered
O002487,C00931,2023-12-04,Standard,10,Delivered
O002488,C00681,2023-12-23,Express,10,Returned
O002489,C01353,2023-04-21,Express,15,Delivered
O002490,C00209,2024-11-19,Standard,30,Delivered
O002491,C00080,2024-04-30,Express,15,Delivered
O002492,C00749,2023-11-22,Standard,0,Delivered
O002493,C00791,2024-02-16,Express,15,Delivered
O002494,C00404,2024-04-10,Express,5,Returned
O002495,C01450,2024-10-22,Standard,10,Delivered
O002496,C00381,2024-04-10,Standard,0,Returned
O002497,C00408,2024-02-02,Express,15,Delivered
O002498,C01221,2024-11-17,Express,5,delivered
O002499,C01398,2024-10-15,Express,15,Delivered
O002500,C00797,2024-10-03,Standard,5,Delivered
O002501,C00037,2023-08-07,Standard,10,Delivered
O002502,C00538,2024-05-06,Standard,0,Cancelled
O002503,C00336,2024-07-09,Standard,0,Delivered
O002504,C00763,2024-01-12,Standard,30,Delivered
O002505,C01007,2024-07-04,Standard,10,Delivered
O002506,C00599,2024-08-30,Express,0,Delivered
O002507,C00799,2023-10-02,Standard,10,Delivered
O002508,C01124,2023-09-24,Express,15,Delivered
O002509,C00371,2024-06-10,Standard,10,Delivered
O002510,C00294,2023-10-24,Standard,5,Delivered
O002511,C01204,2024-06-21,Standard,15,Delivered
O002512,C00061,2024-08-20,Express,0,Delivered
O002513,C00224,2024-01-14,Standard,10,Delivered
O002514,C00035,2024-08-04,Standard,5,Delivered
O002515,C00832,2024-02-16,Same Day,10,Delivered
O002516,C00879,2024-07-27,Standard,0,Delivered
O002517,C00789,2023-08-07,Standard,0,Delivered
O002518,C00626,2024-08-15,Express,30,Delivered
O002519,C00788,2024-07-29,Standard,15,Delivered
O002520,C00294,2023-10-24,Express,20,Cancelled
O002521,C01254,2024-03-25,Same Day,15,Delivered
O002522,C01477,2024-10-23,Express,0,Delivered
O002523,C00807,2023-08-27,Standard,10,Delivered
O002524,C00566,2024-08-13,Standard,5,Delivered
O002525,C01185,2024-12-07,Express,0,Delivered
O002526,C00294,2024-10-28,Standard,0,Delivered
O002527,C00473,2023-11-28,Standard,0,Delivered
O002528,C01416,2024-05-06,Same Day,0,Returned
O002529,C00280,2024-12-27,Express,0,Delivered
O002530,C00173,2024-04-16,Standard,10,Delivered
O002531,C00819,2023-10-14,Express,20,Delivered
O002532,C00868,2023-02-16,Standard,5,Delivered
O002533,C00875,2024-09-19,Same Day,0,Returned
O002534,C00246,2023-12-12,Standard,0,Delivered
O002535,C01068,2023-08-25,Standard,10,Delivered
O002536,C00367,2024-01-14,Standard,0,Delivered
O002537,C01423,2024-08-28,Standard,10,Returned
O002538,C00342,2024-06-06,Standard,0,Delivered
O002539,C00037,2024-10-29,Express,15,Delivered
O002540,C00848,2024-08-12,Standard,10,Delivered
O002541,C00304,2024-12-18,Express,0,Delivered
O002542,C00915,2024-11-07,Standard,20,Delivered
O002543,C00343,2023-08-31,Standard,5,Delivered
O002544,C00651,2024-06-15,Standard,0,Delivered
O002545,C00271,2023-04-01,Express,10,Delivered
O002546,C00652,2024-12-27,Standard,5,Delivered
O002547,C00210,2023-09-05,Standard,20,Delivered
O002548,C00501,2024-06-20,Standard,0,Delivered
O002549,C00299,2024-10-20,Express,20,Cancelled
O002550,C01237,2024-01-28,Same Day,10,Delivered
O002551,C01080,2024-10-19,Express,10,Delivered
O002552,C00250,2023-01-13,Express,0,Delivered
O002553,C00133,2024-04-02,Express,0,Delivered
O002554,C00042,2024-01-14,Express,15,Delivered
O002555,C00341,2023-11-14,Express,10,Delivered
O002556,C00724,2024-04-19,Standard,30,Delivered
O002557,C00611,2024-11-19,Standard,5,Delivered
O002558,C01465,2023-10-20,Express,10,Delivered
O002559,C01185,2024-04-13,Express,30,Delivered
O002560,C00123,2024-11-02,Express,10,Delivered
O002561,C00235,2024-09-07,Standard,5,Delivered
O002562,C00044,2023-10-31,Express,15,Delivered
O002563,C00211,2024-12-01,Standard,0,Delivered
O002564,C00788,2023-02-17,Standard,5,Delivered
O002565,C00123,2024-04-21,Standard,0,Returned
O002566,C00096,2024-04-10,Standard,30,Delivered
O002567,C00183,2024-09-16,Standard,20,Delivered
O002568,C00973,2023-05-28,Express,20,Delivered
O002569,C00037,2023-06-26,Express,5,Cancelled
O002570,C01463,2024-08-24,Standard,10,Delivered
O002571,C00576,2023-05-28,Standard,0,Delivered
O002572,C00497,2024-01-12,Express,5,Delivered
O002573,C00721,2024-08-10,Same Day,15,Delivered
O002574,C00773,2024-06-09,Express,0,Delivered
O002575,C00633,2023-07-25,Standard,0,Delivered
O002576,C00730,2023-10-07,Standard,10,Delivered
O002577,C00503,2024-12-15,Express,15,Cancelled
O002578,C00476,2023-12-28,Standard,5,Delivered
O002579,C00044,2023-10-31,Express,10,Delivered
O002580,C00978,2023-08-02,Standard,20,Returned
O002581,C00899,2024-04-24,Express,0,Delivered
O002582,C00973,2024-12-31,Standard,15,Delivered
O002583,C01416,2023-10-06,Standard,10,Delivered
O002584,C00721,2024-02-15,Standard,5,Delivered
O002585,C01329,2024-02-18,Standard,0,Delivered
O002586,C00667,2023-03-27,Standard,5,Delivered
O002587,C00724,2023-09-16,Standard,15,Delivered
O002588,C00922,2024-12-27,Standard,5,Delivered
O002589,C00323,2024-07-21,Standard,0,Delivered
O002590,C00327,2023-02-21,Standard,0,Delivered
O002591,C00763,2023-12-28,Standard,15,Returned
O002592,C00109,2023-07-01,Same Day,5,Delivered
O002593,C00353,2023-05-04,Standard,0,Delivered
O002594,C01189,2024-04-20,Express,30,Delivered
O002595,C00697,2024-03-05,Standard,0,Delivered
O002596,C00044,2024-08-18,Standard,15,Delivered
O002597,C00096,2024-11-09,Express,0,Delivered
O002598,C01394,2023-08-25,Express,0,Delivered
O002599,C01435,2024-11-22,Express,0,Delivered
O002600,C00936,2024-02-23,Standard,15,Delivered
O002601,C00279,2023-09-04,Standard,10,Delivered
O002602,C00555,2024-10-18,Standard,0,Delivered
O002603,C00442,2023-02-05,Standard,15,Delivered
O002604,C01170,2024-04-03,Same Day,15,Delivered
O002605,C00799,2024-08-03,Standard,5,Delivered
O002606,C01159,2023-09-20,Standard,5,Delivered
O002607,C00545,2024-10-27,Standard,5,Delivered
O002608,C01318,2024-03-02,Standard,0,Delivered
O002609,C00652,2024-10-15,Standard,15,Cancelled
O002610,C00630,2023-03-22,Standard,10,Cancelled
O002611,C00731,2023-09-13,Same Day,15,Delivered
O002612,C00872,2023-11-18,Standard,15,Delivered
O002613,C01353,2024-10-22,Standard,15,Delivered
O002614,C00686,2023-05-24,Standard,15,Delivered
O002615,C01405,2024-11-01,Standard,20,Delivered
O002616,C00599,2023-08-11,Standard,10,Delivered
O002617,C00480,2023-12-30,Express,15,Delivered
O002618,C00434,2023-11-03,Standard,15,Delivered
O002619,C00038,2023-04-30,Standard,0,Delivered
O002620,C01285,2024-12-02,Express,10,Returned
O002621,C00124,2023-12-21,Standard,10,Delivered
O002622,C00495,2024-07-10,Standard,0,Delivered
O002623,C00376,2024-04-10,Express,5,Delivered
O002624,C01096,2024-06-16,Standard,0,Delivered
O002625,C01406,2024-05-13,Standard,0,Delivered
O002626,C01239,2024-11-11,Same Day,5,Delivered
O002627,C00472,2024-07-17,Express,0,delivered
O002628,C00681,2024-03-06,Standard,15,Delivered
O002629,C00371,2024-06-10,Express,10,Delivered
O002630,C01398,2024-05-05,Standard,0,Delivered
O002631,C00185,2023-12-18,Express,0,Delivered
O002632,C01429,2024-05-19,Standard,0,Delivered
O002633,C01229,2024-04-04,Standard,5,Delivered
O002634,C01052,2024-08-28,Express,15,Delivered
O002635,C01153,2024-12-15,Standard,10,Delivered
O002636,C00502,2024-12-10,Same Day,0,Delivered
O002637,C00435,2024-10-06,Standard,5,Delivered
O002638,C00576,2024-05-02,Same Day,30,Delivered
O002639,C00272,2024-08-22,Standard,20,Delivered
O002640,C01102,2024-02-17,Standard,10,Delivered
O002641,C00723,2024-01-20,Standard,0,Delivered
O002642,C01335,2023-09-02,,0,Delivered
O002643,C01323,2024-04-02,Standard,5,Returned
O002644,C00230,2024-12-14,Express,5,Cancelled
O002645,C00333,2024-10-27,Express,10,Delivered
O002646,C00620,2024-02-19,Standard,0,Delivered
O002647,C00185,2023-08-31,Standard,20,Delivered
O002648,C01013,2024-07-12,Standard,10,Delivered
O002649,C01091,2023-12-19,Express,30,Returned
O002650,C01068,2024-09-27,Same Day,15,Delivered
O002651,C00716,2024-12-31,Standard,5,Delivered
O002652,C01281,2023-11-01,Standard,10,Delivered
O002653,C00889,2023-08-23,Standard,15,Delivered
O002654,C01496,2024-02-28,Standard,0,Delivered
O002655,C01237,2024-01-28,Standard,0,Delivered
O002656,C01069,2023-11-24,Standard,0,Delivered
O002657,C00196,2023-01-18,Express,5,Delivered
O002658,C01266,2023-06-23,Standard,10,Delivered
O002659,C00442,2023-09-14,Standard,0,Delivered
O002660,C00631,2023-06-07,Standard,5,Delivered
O002661,C00696,2024-08-10,Standard,10,Delivered
O002662,C00491,2024-03-04,Express,15,Delivered
O002663,C00170,2024-10-28,Same Day,0,Delivered
O002664,C00299,2023-08-03,Standard,15,Delivered
O002665,C01203,2023-04-20,Standard,20,Cancelled
O002666,C00955,2023-01-22,Express,5,Delivered
O002667,C01416,2024-07-29,Express,10,Returned
O002668,C01244,2023-09-02,Express,0,Delivered
O002669,C00614,2024-02-15,Standard,10,Delivered
O002670,C01174,2023-04-23,Standard,20,Delivered
O002671,C00857,2024-12-24,Standard,0,Delivered
O002672,C00426,2023-12-13,Standard,15,Delivered
O002673,C01469,2024-03-24,Same Day,0,Delivered
O002674,C01403,2024-10-21,Standard,15,Returned
O002675,C00173,2024-04-16,Standard,5,Delivered
O002676,C01275,2023-09-10,Standard,5,Delivered
O002677,C00123,2024-09-30,Standard,20,Delivered
O002678,C01403,2023-09-15,Same Day,10,delivered
O002679,C00910,2024-06-10,Standard,0,Delivered
O002680,C00250,2023-12-15,Standard,15,Delivered
O002681,C01239,2023-01-13,Express,0,Delivered
O002682,C00768,2024-11-16,Standard,20,Delivered
O002683,C00093,2024-06-01,Standard,0,Delivered
O002684,C01197,2024-04-17,Standard,5,Delivered
O002685,C01176,2023-07-17,Standard,5,Delivered
O002686,C00726,2024-07-17,Standard,10,Delivered
O002687,C01082,2024-06-29,Standard,5,Delivered
O002688,C00070,2024-06-05,Standard,5,Delivered
O002689,C00466,2024-11-04,Express,10,Returned
O002690,C00981,2024-04-14,Same Day,0,Delivered
O002691,C00346,2024-09-20,Standard,15,Delivered
O002692,C00677,2023-12-28,Standard,0,Delivered
O002693,C01405,2023-05-03,Standard,15,Delivered
O002694,C01254,2024-07-19,Standard,10,Delivered
O002695,C00834,2024-09-21,Standard,15,Delivered
O002696,C00857,2023-11-20,Standard,0,Delivered
O002697,C01337,2024-05-22,Standard,15,Delivered
O002698,C01306,2024-10-05,Standard,10,Delivered
O002699,C00140,2023-07-21,Standard,30,Delivered
O002700,C00703,2023-10-26,Express,0,Delivered
O002701,C00287,2024-05-22,Standard,15,Delivered
O002702,C00133,2024-04-02,Express,10,Delivered
O002703,C00427,2024-05-27,Standard,30,Delivered
O002704,C00893,2023-01-26,Standard,5,Delivered
O002705,C01190,2024-11-19,Express,0,Delivered
O002706,C01388,2023-10-11,Standard,20,Delivered
O002707,C00641,2024-06-16,Express,0,Delivered
O002708,C00637,2024-12-26,Standard,10,Delivered
O002709,C00228,2024-06-23,Standard,0,Returned
O002710,C00294,2024-02-29,Standard,20,Delivered
O002711,C00159,2024-02-25,Standard,5,Delivered
O002712,C01470,2023-11-16,Express,0,Returned
O002713,C00198,2024-04-30,Standard,15,Delivered
O002714,C01120,2024-12-10,Standard,0,Returned
O002715,C00466,2024-09-17,Standard,0,Delivered
O002716,C00799,2023-12-12,Standard,15,Delivered
O002717,C01320,2023-10-23,Standard,0,Delivered
O002718,C01409,2024-11-05,Standard,0,Delivered
O002719,C00360,2023-05-16,Express,10,Delivered
O002720,C01388,2024-10-20,Express,0,Delivered
O002721,C00380,2023-09-01,Standard,30,Delivered
O002722,C01204,2024-07-29,Express,15,Delivered
O002723,C00036,2024-09-29,Express,20,Delivered
O002724,C00797,2024-01-18,Standard,15,Delivered
O002725,C01076,2023-07-08,Express,20,Delivered
O002726,C01274,2024-10-18,Standard,0,Delivered
O002727,C01281,2023-11-11,Standard,10,Delivered
O002728,C00438,2023-10-16,Same Day,20,Delivered
O002729,C01289,2024-02-15,Standard,10,Delivered
O002730,C00479,2023-12-19,Same Day,30,Delivered
O002731,C00352,2024-07-04,Express,15,Delivered
O002732,C00007,2023-05-17,Express,0,Delivered
O002733,C00353,2023-12-19,Standard,5,Delivered
O002734,C00183,2024-11-08,Standard,0,Delivered
O002735,C00987,2023-04-22,Standard,20,Delivered
O002736,C00219,2024-01-03,Standard,20,Delivered
O002737,C00867,2024-06-16,Express,10,Delivered
O002738,C00197,2024-11-07,Standard,0,Delivered
O002739,C01036,2024-04-25,Standard,0,Cancelled
O002740,C00423,2024-10-08,Same Day,0,Delivered
O002741,C00448,2023-09-18,Standard,5,Delivered
O002742,C00935,2023-11-03,,30,Delivered
O002743,C01415,2024-12-01,Standard,0,Delivered
O002744,C01494,2024-11-06,Standard,10,Delivered
O002745,C00540,2024-03-27,Standard,15,Delivered
O002746,C01418,2024-01-17,Standard,15,Delivered
O002747,C00895,2023-12-29,Express,0,Delivered
O002748,C01380,2023-03-02,Standard,0,Cancelled
O002749,C00046,2024-11-09,Standard,0,Delivered
O002750,C00050,2024-10-05,Express,0,Delivered
O002751,C00122,2024-01-02,Standard,0,Delivered
O002752,C01204,2023-09-20,Standard,5,Delivered
O002753,C00211,2023-10-29,Standard,10,Delivered
O002754,C00267,2023-09-15,Same Day,0,Delivered
O002755,C00867,2024-08-03,Same Day,10,Delivered
O002756,C01439,2024-03-26,Standard,5,Returned
O002757,C00848,2023-08-14,Standard,0,Delivered
O002758,C01085,2024-05-18,Same Day,0,Returned
O002759,C00280,2024-12-20,Express,0,Delivered
O002760,C01388,2023-05-04,Standard,5,Delivered
O002761,C00092,2024-05-27,Express,10,Delivered
O002762,C00418,2024-02-01,Standard,0,Delivered
O002763,C00681,2023-06-14,Standard,0,Delivered
O002764,C00341,2024-03-05,Express,0,Delivered
O002765,C00964,2024-05-05,Express,0,Delivered
O002766,C00993,2023-06-05,Standard,10,Delivered
O002767,C00314,2023-06-02,Express,10,Delivered
O002768,C00026,2024-10-23,Standard,10,Delivered
O002769,C00122,2023-10-11,Express,10,Returned
O002770,C00004,2024-05-24,Standard,0,Delivered
O002771,C01379,2024-05-21,Same Day,0,Delivered
O002772,C00908,2024-10-15,Standard,10,Delivered
O002773,C00212,2024-08-16,Standard,10,Delivered
O002774,C00144,2024-10-16,Express,15,Delivered
O002775,C01239,2024-05-20,Standard,10,Delivered
O002776,C01221,2023-12-28,Standard,10,Delivered
O002777,C01403,2023-11-24,Express,15,Delivered
O002778,C00236,2023-11-17,Standard,15,Returned
O002779,C00778,2023-12-09,Express,20,Delivered
O002780,C00190,2023-05-10,Standard,0,Delivered
O002781,C01192,2024-06-16,Standard,0,Delivered
O002782,C00623,2023-12-27,Standard,10,Delivered
O002783,C01016,2023-12-30,Standard,5,Delivered
O002784,C00047,2023-09-16,Standard,0,Delivered
O002785,C01156,2024-08-24,Standard,10,Delivered
O002786,C00343,2024-04-12,Standard,5,Delivered
O002787,C01281,2024-09-29,Standard,5,Delivered
O002788,C00280,2024-03-14,Express,0,Delivered
O002789,C01179,2024-10-22,Standard,5,Delivered
O002790,C00208,2024-09-22,Standard,10,Delivered
O002791,C00963,2023-04-10,Standard,0,Delivered
O002792,C01157,2024-12-19,Express,0,Delivered
O002793,C00585,2023-10-18,Standard,10,Delivered
O002794,C00368,2024-04-28,Same Day,20,Delivered
O002795,C00515,2024-09-20,Standard,0,Delivered
O002796,C00435,2023-10-22,Same Day,0,Delivered
O002797,C00922,2024-04-29,Standard,0,Delivered
O002798,C00073,2023-11-08,Standard,0,Delivered
O002799,C00071,2023-03-04,Standard,10,Delivered
O002800,C00426,2023-12-13,Same Day,0,Returned
O002801,C00418,2023-04-07,Standard,5,Delivered
O002802,C00267,2023-09-15,Express,20,Delivered
O002803,C01063,2024-05-30,Standard,0,Cancelled
O002804,C00042,2024-02-29,Standard,5,Delivered
O002805,C01398,2024-01-01,Express,20,Delivered
O002806,C01122,2024-07-11,Standard,5,Delivered
O002807,C00614,2023-01-17,Express,0,Delivered
O002808,C01298,2023-09-13,Express,0,Delivered
O002809,C00900,2024-09-10,Standard,20,Delivered
O002810,C00848,2024-11-16,Standard,20,Delivered
O002811,C00453,2024-06-02,Standard,0,Delivered
O002812,C00962,2023-03-24,Express,10,Delivered
O002813,C00215,2024-09-24,Standard,0,Delivered
O002814,C00783,2024-11-06,Express,0,Delivered
O002815,C00181,2023-12-06,Standard,20,Delivered
O002816,C00667,2023-08-22,Same Day,5,Delivered
O002817,C00899,2024-04-24,Express,0,Delivered
O002818,C00230,2024-04-23,Standard,5,Delivered
O002819,C00335,2024-11-16,Express,15,Delivered
O002820,C01229,2024-06-30,Express,15,Delivered
O002821,C00383,2023-10-14,Standard,10,Delivered
O002822,C00152,2024-06-02,Standard,15,Delivered
O002823,C00489,2024-10-12,Standard,15,Delivered
O002824,C01407,2024-06-07,Standard,30,Cancelled
O002825,C01015,2024-10-06,Standard,10,Delivered
O002826,C00857,2023-11-23,Standard,10,Delivered
O002827,C01281,2023-11-01,Standard,20,Delivered
O002828,C00959,2024-04-16,Standard,5,Delivered
O002829,C01221,2024-01-09,Standard,5,Delivered
O002830,C00957,2024-12-19,Standard,15,Delivered
O002831,C01306,2024-02-21,Standard,30,Delivered
O002832,C00910,2024-06-10,Standard,5,Delivered
O002833,C00397,2023-11-25,Standard,10,Returned
O002834,C00071,2024-03-19,Express,15,Delivered
O002835,C00164,2023-11-04,,5,Delivered
O002836,C00763,2024-08-04,Express,5,Delivered
O002837,C01465,2023-11-18,Same Day,0,Cancelled
O002838,C01124,2023-11-19,Standard,0,Delivered
O002839,C01153,2024-05-13,Express,0,Delivered
O002840,C00964,2023-09-27,Standard,5,Delivered
O002841,C01376,2024-06-12,Express,15,Delivered
O002842,C01089,2024-02-11,Standard,0,Delivered
O002843,C00391,2023-12-30,Express,0,Delivered
O002844,C00753,2024-08-01,Standard,10,Delivered
O002845,C00615,2024-08-28,Same Day,0,Delivered
O002846,C00246,2024-10-18,Standard,20,Delivered
O002847,C00335,2023-11-14,Express,0,Delivered
O002848,C00422,2023-10-20,Same Day,15,Delivered
O002849,C00262,2024-07-28,Express,5,Delivered
O002850,C00327,2024-04-16,Standard,30,Delivered
O002851,C01389,2024-05-25,Standard,5,Delivered
O002852,C00515,2024-03-25,,30,Delivered
O002853,C01256,2024-09-07,Standard,5,Delivered
O002854,C00099,2023-12-12,Standard,10,Returned
O002855,C01477,2024-05-13,Express,0,Delivered
O002856,C01132,2024-01-01,Same Day,5,Delivered
O002857,C01381,2023-12-01,Standard,0,Returned
O002858,C00784,2024-06-19,Standard,15,Delivered
O002859,C00923,2024-01-31,Express,5,Delivered
O002860,C00545,2023-11-17,Standard,10,Delivered
O002861,C00652,2024-11-05,Same Day,0,Delivered
O002862,C01107,2024-09-07,Express,0,Delivered
O002863,C00080,2024-03-01,Standard,10,Delivered
O002864,C00061,2024-12-05,Express,5,Delivered
O002865,C01321,2023-12-12,Express,5,Delivered
O002866,C00171,2024-09-17,Standard,30,Cancelled
O002867,C01068,2023-06-15,Standard,0,Delivered
O002868,C00300,2023-09-25,Express,10,Delivered
O002869,C00554,2023-10-26,Standard,0,Delivered
O002870,C00430,2023-04-18,,10,Delivered
O002871,C00738,2024-02-08,Standard,10,Delivered
O002872,C01254,2024-03-07,Standard,10,Delivered
O002873,C01321,2024-05-26,Same Day,15,Delivered
O002874,C00335,2023-07-06,Standard,0,Delivered
O002875,C00501,2023-05-05,Standard,0,Delivered
O002876,C01273,2024-12-15,Standard,0,Delivered
O002877,C00140,2024-06-14,Same Day,10,Delivered
O002878,C00182,2024-11-28,Same Day,0,Delivered
O002879,C00724,2024-01-29,Standard,5,Returned
O002880,C01179,2023-02-03,Express,5,Delivered
O002881,C00496,2024-04-09,Express,10,Returned
O002882,C00110,2024-03-27,Standard,5,Delivered
O002883,C01462,2024-04-22,Standard,20,Delivered
O002884,C01415,2024-10-26,Express,30,Delivered
O002885,C00955,2024-05-16,Standard,5,Delivered
O002886,C01004,2024-08-19,Standard,20,Delivered
O002887,C01407,2024-06-07,Standard,15,Delivered
O002888,C00942,2024-05-14,Standard,0,Delivered
O002889,C01176,2023-09-03,Standard,10,Delivered
O002890,C00696,2024-12-18,Standard,5,Delivered
O002891,C00342,2024-06-06,Standard,15,Delivered
O002892,C01266,2023-06-23,Same Day,20,Delivered
O002893,C01007,2023-07-04,Standard,10,Returned
O002894,C00426,2024-05-28,Standard,10,Delivered
O002895,C00908,2024-12-23,Standard,10,Delivered
O002896,C01239,2024-11-10,Standard,5,Delivered
O002897,C00408,2024-07-19,Express,5,Delivered
O002898,C01142,2024-12-27,Standard,10,Cancelled
O002899,C00119,2024-08-04,Express,15,Delivered
O002900,C00913,2023-10-27,Standard,10,Delivered
O002901,C01500,2024-05-01,Express,0,Delivered
O002902,C01312,2023-03-23,Express,0,Delivered
O002903,C01321,2023-08-04,Standard,5,Delivered
O002904,C00996,2023-12-08,Express,10,Delivered
O002905,C00693,2024-01-16,Express,5,Delivered
O002906,C00992,2024-12-07,Same Day,5,Delivered
O002907,C00473,2024-12-29,Same Day,20,Delivered
O002908,C00829,2023-11-12,Express,15,Delivered
O002909,C00805,2024-07-24,Standard,5,Delivered
O002910,C00812,2024-01-02,Standard,10,Delivered
O002911,C00622,2024-04-20,Express,5,Delivered
O002912,C00530,2023-10-25,Same Day,10,Delivered
O002913,C00489,2023-08-14,Standard,0,Delivered
O002914,C00338,2023-10-20,Standard,5,Returned
O002915,C00659,2023-07-29,Standard,10,Delivered
O002916,C00183,2023-04-24,Standard,5,Returned
O002917,C01369,2023-07-31,Standard,15,Delivered
O002918,C00111,2024-11-15,Standard,0,Delivered
O002919,C01273,2023-05-26,Express,0,Delivered
O002920,C00364,2023-10-18,Standard,20,Delivered
O002921,C01289,2024-03-03,Express,5,Delivered
O002922,C01068,2023-11-04,Standard,0,Delivered
O002923,C01395,2024-02-22,Express,5,Delivered
O002924,C01318,2024-03-02,Standard,0,Delivered
O002925,C01025,2024-06-07,Standard,10,Delivered
O002926,C00225,2024-04-01,Express,0,Delivered
O002927,C00824,2024-07-02,Express,30,Delivered
O002928,C00503,2024-04-04,Standard,0,Delivered
O002929,C01335,2023-12-21,Standard,5,Delivered
O002930,C01319,2023-11-02,Same Day,5,Delivered
O002931,C00455,2023-08-08,Standard,0,Delivered
O002932,C00978,2024-02-07,Standard,0,Delivered
O002933,C00501,2023-01-26,Same Day,0,Delivered
O002934,C00993,2023-10-20,Express,0,Delivered
O002935,C00896,2024-06-30,Standard,15,Delivered
O002936,C00763,2023-04-20,Express,20,Delivered
O002937,C01323,2024-04-02,Standard,5,Delivered
O002938,C00371,2024-06-10,Express,5,Delivered
O002939,C01196,2024-03-05,Express,10,Delivered
O002940,C01013,2024-09-26,Standard,0,Delivered
O002941,C00418,2024-11-28,Same Day,5,Delivered
O002942,C00637,2024-12-09,Express,30,Delivered
O002943,C00110,2023-12-13,Standard,0,Delivered
O002944,C00875,2023-09-08,Express,0,Delivered
O002945,C01339,2024-05-07,Express,0,Delivered
O002946,C00183,2024-05-22,Standard,5,Delivered
O002947,C00207,2024-05-17,Standard,15,Delivered
O002948,C00721,2024-02-15,Standard,5,Delivered
O002949,C00418,2023-03-07,Same Day,0,Delivered
O002950,C00418,2023-07-24,Standard,0,Cancelled
O002951,C00930,2023-11-08,Standard,15,Delivered
O002952,C00619,2023-05-05,Standard,5,Cancelled
O002953,C01281,2024-11-24,Standard,0,Delivered
O002954,C00652,2024-02-02,Standard,0,Delivered
O002955,C00897,2024-05-02,Standard,0,Delivered
O002956,C00607,2024-12-03,Standard,30,Delivered
O002957,C00385,2023-11-07,Express,5,Delivered
O002958,C00716,2024-03-01,Standard,0,Delivered
O002959,C01068,2024-07-14,Standard,20,Cancelled
O002960,C01431,2024-03-19,Standard,30,Delivered
O002961,C00071,2024-01-19,Express,0,Delivered
O002962,C00790,2024-10-05,Standard,0,Delivered
O002963,C00923,2024-08-19,Standard,30,Delivered
O002964,C00137,2024-09-30,Express,0,Delivered
O002965,C01259,2024-12-25,Standard,0,Delivered
O002966,C00417,2023-11-12,Standard,5,Delivered
O002967,C01321,2024-08-21,Standard,15,Delivered
O002968,C00829,2024-05-02,Express,5,Delivered
O002969,C00226,2024-06-21,Standard,0,Delivered
O002970,C01091,2024-08-16,Express,10,Delivered
O002971,C00233,2024-08-22,Same Day,15,Delivered
O002972,C01068,2024-11-06,Express,0,Delivered
O002973,C01213,2023-11-01,Standard,0,Delivered
O002974,C00857,2024-06-11,Express,10,Delivered
O002975,C00410,2024-04-15,Standard,0,Delivered
O002976,C00656,2024-04-26,Standard,10,Delivered
O002977,C00784,2024-08-23,Standard,0,Delivered
O002978,C00969,2024-09-19,Standard,15,Delivered
O002979,C00923,2023-12-10,Same Day,0,Delivered
O002980,C00612,2024-02-14,Express,0,Delivered
O002981,C01123,2023-10-23,Express,0,Delivered
O002982,C01151,2023-06-23,Express,0,Delivered
O002983,C01018,2023-09-06,Express,10,Delivered
O002984,C00410,2024-11-17,Express,10,Delivered
O002985,C00712,2023-10-09,Standard,15,Delivered
O002986,C00655,2024-12-18,Standard,10,Returned
O002987,C01239,2023-08-20,Standard,5,Delivered
O002988,C01213,2024-08-04,Express,15,Delivered
O002989,C01311,2024-04-09,,0,Delivered
O002990,C00348,2024-07-15,Same Day,10,Delivered
O002991,C01104,2024-06-03,Express,5,Delivered
O002992,C01318,2024-07-22,Standard,0,Delivered
O002993,C00250,2024-11-15,Standard,10,Delivered
O002994,C00069,2024-04-01,Standard,30,Delivered
O002995,C00164,2023-03-11,Express,0,Delivered
O002996,C00890,2024-03-02,Standard,10,Delivered
O002997,C00637,2024-07-24,Standard,5,Delivered
O002998,C00294,2024-02-01,,5,Delivered
O002999,C00786,2024-05-26,Express,0,Delivered
O003000,C01172,2024-04-28,Standard,0,Delivered
O003001,C01291,2023-11-19,Express,0,Cancelled
O003002,C01110,2024-09-08,Standard,15,Delivered
O003003,C01335,2024-08-04,Standard,0,Delivered
O003004,C00886,2024-07-28,Express,5,Delivered
O003005,C01273,2024-07-29,Standard,0,Delivered
O003006,C00630,2024-11-08,Express,0,Delivered
O003007,C01288,2024-04-27,Express,10,Delivered
O003008,C01353,2024-12-14,Standard,10,Delivered
O003009,C01011,2023-05-01,Express,5,Delivered
O003010,C00652,2024-05-25,Express,10,Delivered
O003011,C00418,2024-07-30,Standard,10,Delivered
O003012,C00480,2024-01-19,Standard,0,Delivered
O003013,C00208,2023-11-16,Standard,0,Delivered
O003014,C00077,2024-03-20,Standard,0,Delivered
O003015,C00626,2023-11-09,Standard,5,Delivered
O003016,C00071,2024-11-16,Express,0,Delivered
O003017,C01326,2024-03-12,Same Day,5,Delivered
O003018,C00951,2023-09-13,Standard,0,Delivered
O003019,C01281,2024-04-11,Express,5,Cancelled
O003020,C00667,2023-11-25,Express,5,Cancelled
O003021,C00336,2023-04-08,Express,30,Delivered
O003022,C00426,2024-04-02,Express,20,Delivered
O003023,C01289,2024-03-10,Standard,30,Delivered
O003024,C00191,2024-03-22,Standard,10,Delivered
O003025,C01024,2024-04-28,Standard,30,Delivered
O003026,C00340,2024-04-04,Standard,0,Delivered
O003027,C00533,2024-09-08,Standard,5,Delivered
O003028,C00008,2023-11-08,Standard,10,Delivered
O003029,C00724,2023-08-27,Standard,5,Delivered
O003030,C00199,2024-12-05,Standard,0,Delivered
O003031,C01298,2024-03-30,Standard,10,Delivered
O003032,C00154,2023-01-27,Standard,30,Delivered
O003033,C00376,2024-10-06,Standard,5,Delivered
O003034,C00036,2023-07-12,Standard,0,Returned
O003035,C01495,2024-09-16,Express,0,Delivered
O003036,C00936,2024-07-21,Express,0,Delivered
O003037,C00941,2024-12-15,Same Day,15,Delivered
O003038,C00773,2024-12-13,Same Day,5,Delivered
O003039,C01313,2023-09-16,Express,0,Delivered
O003040,C00219,2024-09-03,Express,15,Returned
O003041,C01188,2023-10-14,Standard,5,Delivered
O003042,C01207,2024-06-07,Standard,15,Delivered
O003043,C00057,2024-04-28,Same Day,15,Delivered
O003044,C00208,2023-11-16,Same Day,10,Delivered
O003045,C00821,2023-12-12,Standard,30,Delivered
O003046,C00140,2023-03-01,Standard,20,Delivered
O003047,C00418,2023-05-09,Standard,0,Returned
O003048,C00614,2023-09-03,Standard,0,Delivered
O003049,C00233,2024-11-15,Standard,30,Delivered
O003050,C01036,2024-02-23,Standard,10,Delivered
O003051,C00748,2024-09-23,Standard,5,Delivered
O003052,C00931,2024-10-15,Express,15,Delivered
O003053,C00721,2024-08-12,Express,10,Delivered
O003054,C00623,2023-12-27,Express,5,Delivered
O003055,C00746,2024-10-27,Standard,0,Delivered
O003056,C01362,2024-08-17,Standard,15,Delivered
O003057,C00604,2024-08-18,Express,15,Delivered
O003058,C00938,2024-11-13,Standard,20,Delivered
O003059,C01270,2024-04-29,Same Day,15,Delivered
O003060,C00907,2024-03-03,Standard,0,Returned
O003061,C00341,2024-11-08,Standard,5,Delivered
O003062,C00191,2024-03-22,Standard,0,Delivered
O003063,C00871,2024-10-02,Standard,0,Delivered
O003064,C01080,2023-02-25,Standard,15,Delivered
O003065,C01147,2024-03-11,Standard,0,Delivered
O003066,C01015,2024-03-02,Standard,5,Delivered
O003067,C00009,2023-03-17,Standard,15,Delivered
O003068,C01152,2024-12-19,Express,15,Delivered
O003069,C00888,2023-01-06,Standard,0,Cancelled
O003070,C01490,2024-07-31,Express,0,Delivered
O003071,C01131,2023-08-22,Express,5,Delivered
O003072,C00652,2024-12-14,Standard,10,Delivered
O003073,C00989,2023-11-18,Standard,15,Delivered
O003074,C00897,2023-01-27,Standard,5,Delivered
O003075,C00500,2023-03-02,Standard,0,delivered
O003076,C00796,2024-03-23,Express,10,Delivered
O003077,C00308,2024-12-24,Same Day,5,Delivered
O003078,C00140,2024-12-21,Standard,15,Returned
O003079,C01085,2023-10-25,Standard,0,Delivered
O003080,C00583,2024-01-23,Express,5,Delivered
O003081,C01118,2023-07-15,Standard,5,Delivered
O003082,C00731,2024-02-26,Standard,10,Delivered
O003083,C01218,2024-04-30,Standard,5,Delivered
O003084,C01091,2023-08-28,Standard,5,Delivered
O003085,C01129,2024-05-10,Standard,10,Delivered
O003086,C00652,2024-11-12,Same Day,0,Delivered
O003087,C01447,2023-01-01,Express,0,Delivered
O003088,C00616,2023-08-10,Standard,0,Delivered
O003089,C01189,2023-07-24,Same Day,0,Delivered
O003090,C00733,2023-06-12,Standard,5,Delivered
O003091,C00353,2023-06-13,Standard,0,Delivered
O003092,C00916,2024-05-20,Same Day,0,Delivered
O003093,C00709,2023-04-14,Express,30,Delivered
O003094,C00397,2024-08-15,Express,5,Delivered
O003095,C00577,2024-11-06,Standard,15,Delivered
O003096,C00236,2024-11-24,Standard,10,Delivered
O003097,C01489,2024-06-16,Same Day,0,Delivered
O003098,C00940,2024-05-20,Standard,5,Delivered
O003099,C00262,2023-03-28,Express,10,Delivered
O003100,C01131,2023-08-13,Express,0,Delivered
O003101,C00880,2024-12-11,Standard,0,Delivered
O003102,C01070,2024-12-11,Express,0,Delivered
O003103,C00865,2024-03-22,Same Day,0,Delivered
O003104,C00096,2023-10-19,Express,0,Delivered
O003105,C00307,2024-02-15,Standard,0,Delivered
O003106,C01147,2024-03-11,Standard,5,Delivered
O003107,C01116,2024-12-21,Standard,0,Returned
O003108,C01116,2024-04-13,Standard,15,Cancelled
O003109,C00036,2023-11-11,Same Day,0,Delivered
O003110,C01204,2023-12-15,Same Day,10,Delivered
O003111,C00659,2023-06-06,Standard,15,Cancelled
O003112,C01014,2023-11-19,Express,5,Delivered
O003113,C00410,2024-10-23,Same Day,0,Delivered
O003114,C01150,2023-05-20,Express,0,Delivered
O003115,C01477,2024-05-13,Standard,0,Delivered
O003116,C00381,2023-12-01,Standard,0,Delivered
O003117,C01168,2023-10-13,Standard,10,Delivered
O003118,C00889,2023-01-13,Same Day,10,Delivered
O003119,C00411,2024-02-03,Standard,5,Delivered
O003120,C00432,2023-11-05,Standard,30,Delivered
O003121,C01082,2024-03-10,Express,20,Delivered
O003122,C00421,2024-10-01,Express,0,Delivered
O003123,C00079,2024-08-01,Same Day,10,Delivered
O003124,C01321,2024-12-03,Express,0,Delivered
O003125,C00871,2023-12-14,Standard,15,Delivered
O003126,C01123,2024-07-23,Same Day,10,Delivered
O003127,C00883,2024-06-20,Express,5,Delivered
O003128,C00771,2023-07-31,Express,5,Delivered
O003129,C01150,2023-10-06,Standard,10,Delivered
O003130,C00049,2024-03-04,Standard,0,Delivered
O003131,C00453,2024-09-23,Standard,10,Delivered
O003132,C00915,2024-01-06,Express,20,Delivered
O003133,C01417,2024-01-04,Standard,5,Returned
O003134,C00599,2024-12-28,Standard,0,Delivered
O003135,C01470,2023-04-27,Same Day,10,Returned
O003136,C01118,2024-12-08,Express,10,Delivered
O003137,C00730,2024-10-01,Express,5,Delivered
O003138,C00652,2024-10-15,Express,0,Delivered
O003139,C00206,2024-09-22,Standard,10,Delivered
O003140,C00897,2023-07-23,Standard,0,Delivered
O003141,C00087,2024-05-25,Express,5,Delivered
O003142,C00652,2024-08-27,Express,5,Delivered
O003143,C00356,2024-08-20,Standard,15,Delivered
O003144,C01434,2023-10-20,Standard,15,Delivered
O003145,C00548,2023-10-01,Standard,15,Delivered
O003146,C00732,2023-10-20,Standard,15,Delivered
O003147,C00568,2024-01-21,Standard,0,Delivered
O003148,C00211,2024-04-09,Standard,10,Delivered
O003149,C00530,2024-10-14,Standard,10,Delivered
O003150,C01157,2024-09-05,Standard,15,Delivered
O003151,C00907,2024-06-28,Express,15,Returned
O003152,C00656,2024-02-03,Standard,0,Delivered
O003153,C01243,2024-01-20,Standard,0,Delivered
O003154,C00011,2023-10-24,Standard,15,Delivered
O003155,C01254,2024-03-07,Express,0,Delivered
O003156,C00093,2023-01-11,Standard,0,Delivered
O003157,C01318,2024-03-02,Same Day,30,Delivered
O003158,C01422,2024-02-20,Standard,30,Delivered
O003159,C01241,2024-04-07,Express,0,Delivered
O003160,C00037,2023-06-09,Standard,0,Delivered
O003161,C00784,2023-09-21,Express,5,Delivered
O003162,C01259,2023-02-15,Express,0,Delivered
O003163,C00815,2024-06-01,Standard,0,Delivered
O003164,C00543,2024-04-04,Standard,0,Delivered
O003165,C00716,2023-10-26,Standard,15,Delivered
O003166,C00126,2023-05-26,Standard,5,delivered
O003167,C00749,2024-12-09,Same Day,0,Delivered
O003168,C00046,2024-04-18,Standard,10,Delivered
O003169,C00943,2024-07-01,Express,0,Delivered
O003170,C00593,2024-03-05,Standard,20,Returned
O003171,C00288,2024-09-29,Standard,0,Delivered
O003172,C00037,2024-11-10,Express,0,Delivered
O003173,C01396,2023-11-19,Standard,5,Delivered
O003174,C00834,2024-07-09,Standard,0,Delivered
O003175,C00949,2023-08-11,Standard,0,Delivered
O003176,C01157,2024-06-09,Standard,20,Delivered
O003177,C00914,2024-04-23,Same Day,15,Delivered
O003178,C00625,2023-04-23,Standard,20,Delivered
O003179,C00915,2024-12-08,Standard,10,Delivered
O003180,C00380,2024-10-29,Standard,0,Delivered
O003181,C00842,2024-02-14,Standard,30,Delivered
O003182,C00310,2024-12-30,Standard,10,Returned
O003183,C01392,2023-10-14,Standard,5,Delivered
O003184,C00763,2024-01-04,Standard,10,Delivered
O003185,C00352,2024-10-21,Standard,10,Delivered
O003186,C00930,2023-11-08,Express,10,Delivered
O003187,C00142,2023-12-29,Standard,15,Delivered
O003188,C00656,2024-06-20,Express,20,Returned
O003189,C01308,2023-05-11,Standard,15,Delivered
O003190,C01139,2023-12-11,Standard,20,Delivered
O003191,C01033,2024-04-04,Same Day,10,Delivered
O003192,C00716,2024-06-29,Standard,0,Delivered
O003193,C00673,2023-05-16,Standard,10,Delivered
O003194,C00032,2023-10-01,Standard,10,Delivered
O003195,C00879,2024-07-26,Standard,0,Delivered
O003196,C00857,2023-09-15,Standard,10,Delivered
O003197,C00014,2023-12-11,Standard,5,Cancelled
O003198,C00211,2024-07-27,Standard,5,Delivered
O003199,C00035,2024-09-02,Standard,10,Delivered
O003200,C00380,2023-04-07,Standard,20,Delivered
O003201,C00010,2024-10-21,Standard,0,Delivered
O003202,C00630,2024-08-04,Express,15,Delivered
O003203,C00724,2023-10-27,Express,0,Delivered
O003204,C00656,2024-09-01,Standard,10,Delivered
O003205,C00300,2024-08-07,Standard,15,Delivered
O003206,C00778,2024-05-01,Express,20,Delivered
O003207,C01231,2024-03-27,Standard,0,Delivered
O003208,C00427,2024-08-12,Same Day,15,Delivered
O003209,C00453,2024-12-31,Express,20,Returned
O003210,C00810,2024-04-13,Standard,0,Cancelled
O003211,C00352,2024-10-01,Express,5,Delivered
O003212,C00501,2024-08-19,Standard,15,Delivered
O003213,C00680,2024-10-23,Standard,0,Delivered
O003214,C00585,2024-12-07,Same Day,10,Delivered
O003215,C01239,2023-07-09,Express,5,Cancelled
O003216,C01285,2023-06-13,Standard,5,Delivered
O003217,C00614,2024-04-19,Express,5,Delivered
O003218,C00673,2023-12-28,Standard,0,Delivered
O003219,C01436,2024-04-06,Express,0,Delivered
O003220,C00759,2024-09-24,Same Day,15,Delivered
O003221,C01496,2024-11-26,Express,10,Delivered
O003222,C01128,2023-12-08,Standard,5,Delivered
O003223,C00397,2024-07-31,Standard,10,Delivered
O003224,C00343,2023-08-16,Express,0,Delivered
O003225,C00235,2024-03-08,Standard,0,Delivered
O003226,C01206,2023-03-28,Same Day,5,Delivered
O003227,C00445,2024-02-10,Standard,0,Delivered
O003228,C00988,2024-03-17,Standard,0,Delivered
O003229,C00805,2024-08-12,Standard,10,Delivered
O003230,C01254,2024-06-07,Standard,20,Returned
O003231,C01107,2023-11-06,Standard,0,Delivered
O003232,C00098,2024-04-06,Standard,5,Returned
O003233,C00502,2024-05-24,Same Day,10,Delivered
O003234,C00773,2024-12-17,Standard,15,Delivered
O003235,C01203,2024-11-22,Express,0,Delivered
O003236,C01057,2023-10-19,Standard,15,Cancelled
O003237,C00826,2023-09-04,Express,30,Delivered
O003238,C01214,2023-12-20,Standard,0,Returned
O003239,C00656,2024-07-09,Express,0,Delivered
O003240,C00089,2023-11-05,Standard,10,Delivered
O003241,C01318,2024-03-02,Standard,0,Delivered
O003242,C00784,2023-11-29,Standard,0,Delivered
O003243,C01214,2023-09-05,Standard,15,Returned
O003244,C00596,2023-10-18,Standard,10,Delivered
O003245,C00871,2023-06-10,Standard,10,Delivered
O003246,C00490,2024-06-15,Standard,10,Delivered
O003247,C00617,2024-03-01,Express,5,Delivered
O003248,C00223,2023-09-13,Standard,15,Delivered
O003249,C01093,2024-03-24,Express,15,Delivered
O003250,C00418,2024-01-31,Standard,15,Returned
O003251,C00438,2024-09-22,Express,5,Delivered
O003252,C00538,2024-12-08,Same Day,15,Delivered
O003253,C00653,2024-04-18,Standard,15,Delivered
O003254,C00857,2024-11-05,Standard,5,Delivered
O003255,C01007,2024-07-21,Express,0,Delivered
O003256,C00988,2024-07-11,Standard,5,Delivered
O003257,C00644,2023-11-14,Standard,5,Delivered
O003258,C00726,2023-10-29,Standard,0,Delivered
O003259,C00216,2023-08-05,Standard,0,Delivered
O003260,C00778,2024-12-22,Express,0,Delivered
O003261,C01321,2024-05-05,Standard,0,Delivered
O003262,C00693,2024-01-16,Standard,10,Delivered
O003263,C01415,2024-03-15,Standard,10,Delivered
O003264,C00230,2023-02-11,Standard,10,Delivered
O003265,C01090,2023-06-20,Express,10,Delivered
O003266,C01049,2024-05-18,Express,5,Delivered
O003267,C00999,2024-02-19,Express,15,Delivered
O003268,C00961,2024-09-16,Standard,10,Delivered
O003269,C00038,2024-06-15,Standard,10,Returned
O003270,C01095,2024-05-27,Standard,15,Delivered
O003271,C00753,2024-10-04,Standard,0,Delivered
O003272,C00780,2023-03-11,Express,10,Returned
O003273,C00080,2024-07-10,Express,15,Delivered
O003274,C00280,2024-07-29,Express,0,Delivered
O003275,C01388,2023-09-16,Standard,0,Delivered
O003276,C00461,2023-07-11,Same Day,5,Delivered
O003277,C00599,2023-07-28,Same Day,5,Delivered
O003278,C00285,2023-07-13,Standard,20,Returned
O003279,C00922,2024-02-28,Standard,15,Delivered
O003280,C01092,2023-05-16,Express,0,Delivered
O003281,C01395,2024-06-15,Standard,5,Delivered
O003282,C00844,2023-04-17,Standard,15,Delivered
O003283,C00416,2023-01-27,Standard,10,Delivered
O003284,C00116,2023-10-15,Standard,5,delivered
O003285,C00400,2024-04-18,Express,0,Delivered
O003286,C00901,2024-12-25,Express,20,Delivered
O003287,C01469,2024-03-24,Same Day,5,Delivered
O003288,C00124,2023-08-04,Standard,0,Delivered
O003289,C00587,2023-07-12,Express,0,Delivered
O003290,C00970,2023-11-14,Standard,15,Delivered
O003291,C00854,2024-05-05,Standard,10,Delivered
O003292,C00955,2024-09-13,,0,Delivered
O003293,C00696,2023-11-09,Express,5,Delivered
O003294,C00404,2024-05-20,Express,20,Delivered
O003295,C00726,2024-01-23,,5,delivered
O003296,C00576,2024-10-19,Standard,5,Delivered
O003297,C01049,2024-04-05,Express,0,Delivered
O003298,C00259,2023-10-22,Standard,0,Delivered
O003299,C00749,2024-07-20,Standard,20,Delivered
O003300,C01443,2024-10-06,Express,0,Delivered
O003301,C00790,2024-01-09,Standard,0,Delivered
O003302,C00354,2024-12-25,Standard,0,Delivered
O003303,C01409,2024-11-03,Standard,0,Returned
O003304,C00368,2023-07-12,Standard,5,Delivered
O003305,C01108,2024-09-16,Standard,20,Delivered
O003306,C00170,2024-05-01,Standard,0,Returned
O003307,C01288,2024-03-08,Standard,0,Cancelled
O003308,C00272,2024-02-19,Standard,5,Delivered
O003309,C00599,2024-10-22,Standard,20,Delivered
O003310,C01456,2024-05-09,Express,20,Delivered
O003311,C00860,2024-03-10,Standard,30,Delivered
O003312,C00397,2023-05-24,Express,0,Delivered
O003313,C00004,2023-12-27,Express,10,Delivered
O003314,C00020,2024-11-16,Standard,10,Delivered
O003315,C00413,2024-07-26,Standard,0,Delivered
O003316,C00784,2023-09-21,Same Day,10,Delivered
O003317,C00730,2024-11-05,Standard,10,Delivered
O003318,C01396,2024-10-09,Standard,10,Delivered
O003319,C01129,2024-03-18,Standard,0,Delivered
O003320,C01399,2023-01-23,Express,0,Delivered
O003321,C00763,2024-03-31,Standard,10,Delivered
O003322,C00672,2023-02-25,Standard,0,Delivered
O003323,C00846,2023-10-16,Standard,0,Delivered
O003324,C00562,2024-05-22,Express,10,Delivered
O003325,C00314,2024-11-18,Standard,0,Delivered
O003326,C01273,2023-11-06,,0,Delivered
O003327,C00996,2024-10-25,Express,0,Delivered
O003328,C00481,2024-11-20,Standard,0,Delivered
O003329,C00672,2023-01-21,Standard,0,Delivered
O003330,C00340,2023-08-19,Same Day,15,Delivered
O003331,C00845,2024-07-25,Standard,15,Delivered
O003332,C00543,2024-08-27,Standard,0,Delivered
O003333,C01321,2023-11-24,Standard,10,delivered
O003334,C00787,2024-06-13,Standard,0,Delivered
O003335,C00622,2024-05-10,Standard,0,Cancelled
O003336,C01105,2024-08-15,Express,15,Delivered
O003337,C01379,2024-08-01,Express,30,Delivered
O003338,C01239,2023-03-29,Standard,0,Delivered
O003339,C00748,2023-06-06,Standard,15,Delivered
O003340,C00540,2023-05-13,Standard,0,Delivered
O003341,C00961,2024-11-26,Express,15,Delivered
O003342,C01239,2024-11-18,Standard,10,Delivered
O003343,C01473,2024-09-23,Same Day,5,Delivered
O003344,C00685,2023-04-28,Express,15,Delivered
O003345,C00973,2024-04-09,Express,10,Delivered
O003346,C00430,2023-07-03,Standard,30,Delivered
O003347,C00140,2023-11-11,Standard,5,delivered
O003348,C00380,2023-09-10,Standard,30,Delivered
O003349,C00036,2024-10-10,Express,15,Delivered
O003350,C00763,2023-05-24,Same Day,5,Delivered
O003351,C00563,2024-06-05,Same Day,5,Delivered
O003352,C00993,2024-12-23,Standard,20,Delivered
O003353,C00897,2024-07-07,Express,10,Delivered
O003354,C00254,2023-05-03,Standard,0,Delivered
O003355,C00986,2024-11-16,Standard,0,Delivered
O003356,C00280,2024-06-02,Express,0,Delivered
O003357,C00016,2024-01-02,Same Day,0,Delivered
O003358,C01464,2024-06-15,Express,0,Returned
O003359,C00044,2024-11-03,Express,10,Delivered
O003360,C00505,2024-01-19,Standard,5,Delivered
O003361,C00926,2024-03-05,Express,0,Delivered
O003362,C00561,2023-12-30,Express,0,Delivered
O003363,C00576,2023-03-16,Standard,0,Delivered
O003364,C01070,2024-09-16,Standard,10,Delivered
O003365,C00880,2023-06-21,Standard,5,Delivered
O003366,C00773,2024-05-18,Standard,20,Delivered
O003367,C01335,2023-11-21,Express,10,Delivered
O003368,C00167,2023-09-20,Same Day,15,Delivered
O003369,C00713,2023-11-29,Express,0,Delivered
O003370,C00356,2024-05-14,Standard,15,Delivered
O003371,C00061,2023-10-11,Standard,10,Delivered
O003372,C01473,2023-06-19,Standard,30,Delivered
O003373,C01087,2024-10-29,Express,10,Delivered
O003374,C00323,2024-12-16,Standard,20,Delivered
O003375,C00614,2024-01-04,Standard,15,Delivered
O003376,C00341,2023-10-20,Express,20,Delivered
O003377,C01007,2023-07-04,Standard,10,Cancelled
O003378,C00524,2023-09-19,Express,0,Delivered
O003379,C01395,2023-11-24,Express,10,Delivered
O003380,C00310,2024-11-25,Express,20,Delivered
O003381,C00522,2024-08-09,Same Day,30,Delivered
O003382,C01405,2023-11-01,Express,20,Delivered
O003383,C01334,2024-12-14,Standard,5,Delivered
O003384,C00430,2023-12-15,Standard,15,Delivered
O003385,C00726,2023-09-18,Standard,5,Delivered
O003386,C01333,2023-12-14,,10,Delivered
O003387,C00977,2023-12-13,Express,5,Delivered
O003388,C00926,2024-11-06,Standard,0,Delivered
O003389,C00959,2023-11-07,Standard,5,Delivered
O003390,C01395,2024-06-14,Express,0,Returned
O003391,C00772,2023-11-22,Standard,5,Delivered
O003392,C00272,2024-11-13,Standard,10,Delivered
O003393,C00721,2024-06-02,Express,0,Delivered
O003394,C01080,2024-01-28,Standard,10,Delivered
O003395,C00745,2024-02-21,Standard,0,Delivered
O003396,C00453,2024-11-13,Standard,0,Delivered
O003397,C00969,2024-03-18,Express,0,Delivered
O003398,C00676,2024-03-05,Express,0,Delivered
O003399,C01452,2024-11-02,Express,15,Delivered
O003400,C00530,2023-02-25,Standard,15,Delivered
O003401,C01066,2023-10-12,Express,10,Delivered
O003402,C00831,2024-03-10,Standard,10,Delivered
O003403,C00123,2023-12-24,Standard,10,Delivered
O003404,C00713,2024-01-18,Standard,15,Delivered
O003405,C00046,2023-09-08,Standard,5,Delivered
O003406,C01179,2023-05-11,Standard,0,Delivered
O003407,C01087,2023-02-07,Standard,15,Delivered
O003408,C00080,2023-07-26,Standard,5,Delivered
O003409,C00753,2024-12-06,Standard,20,Delivered
O003410,C01449,2024-04-10,Express,20,Delivered
O003411,C00421,2024-01-28,Standard,5,Cancelled
O003412,C01378,2023-11-19,Express,20,Cancelled
O003413,C00225,2024-07-24,Standard,0,Delivered
O003414,C00020,2023-11-07,Standard,10,Delivered
O003415,C00788,2023-09-17,Same Day,10,Delivered
O003416,C00356,2024-06-12,Standard,15,Delivered
O003417,C01324,2024-03-28,Express,5,Delivered
O003418,C00986,2024-09-05,Express,0,Returned
O003419,C01012,2024-11-11,Standard,0,Delivered
O003420,C00982,2024-10-08,Express,5,Delivered
O003421,C00993,2023-06-30,Express,5,Cancelled
O003422,C01102,2024-02-17,Express,5,Returned
O003423,C00977,2023-12-13,Standard,10,Delivered
O003424,C01270,2024-09-14,Standard,5,Cancelled
O003425,C00834,2024-11-18,Standard,0,Delivered
O003426,C00524,2024-11-23,Standard,0,Delivered
O003427,C00703,2023-10-03,Standard,20,Delivered
O003428,C00662,2024-10-16,Express,10,Delivered
O003429,C00494,2024-03-09,Standard,5,Delivered
O003430,C00627,2024-10-07,Express,5,Delivered
O003431,C00584,2024-03-19,Same Day,0,Delivered
O003432,C00172,2023-05-25,Standard,0,Delivered
O003433,C01261,2023-03-22,Standard,15,Delivered
O003434,C01120,2024-12-09,Standard,0,delivered
O003435,C00501,2023-12-13,Standard,0,Delivered
O003436,C01418,2023-11-02,Standard,10,Delivered
O003437,C01425,2024-05-11,Same Day,15,delivered
O003438,C01295,2023-11-17,Standard,5,Delivered
O003439,C00046,2024-12-02,Standard,10,Returned
O003440,C00562,2023-08-22,Standard,20,Cancelled
O003441,C00685,2023-04-30,Standard,20,Delivered
O003442,C01067,2024-09-18,Express,5,Delivered
O003443,C00923,2024-03-20,Express,0,Delivered
O003444,C00993,2023-05-09,Standard,10,Delivered
O003445,C01139,2023-02-04,Standard,20,Delivered
O003446,C01423,2023-08-06,,10,Delivered
O003447,C00829,2023-09-05,Express,30,Delivered
O003448,C01378,2023-07-08,Standard,10,Delivered
O003449,C01234,2023-07-30,Standard,0,Delivered
O003450,C00501,2024-08-14,Standard,5,Delivered
O003451,C01229,2024-10-23,Standard,20,Delivered
O003452,C00183,2024-11-11,Standard,0,Delivered
O003453,C00235,2023-11-22,Express,10,Delivered
O003454,C01495,2024-02-14,Standard,5,Delivered
O003455,C00652,2024-12-31,Express,5,Delivered
O003456,C00693,2024-09-05,Express,10,Delivered
O003457,C01428,2024-03-10,Express,5,Delivered
O003458,C00546,2023-08-31,Standard,20,Delivered
O003459,C00354,2024-02-20,Standard,0,Delivered
O003460,C00123,2024-02-20,Express,15,Delivered
O003461,C00778,2024-03-14,Express,0,Delivered
O003462,C00300,2023-01-14,Standard,0,Delivered
O003463,C00099,2024-12-10,Express,0,Delivered
O003464,C01228,2024-04-10,Same Day,0,Delivered
O003465,C00487,2024-04-22,Express,10,Delivered
O003466,C00860,2024-01-10,Standard,0,Delivered
O003467,C00164,2024-09-02,Express,0,Delivered
O003468,C00761,2024-08-14,Standard,15,Delivered
O003469,C00922,2023-04-07,Standard,10,Delivered
O003470,C00676,2024-04-26,Standard,30,Delivered
O003471,C00500,2024-06-14,Express,15,Delivered
O003472,C00453,2024-10-13,Standard,10,Delivered
O003473,C00170,2023-11-16,Standard,5,Delivered
O003474,C00179,2024-11-02,Standard,20,Returned
O003475,C00749,2024-01-06,Standard,5,Delivered
O003476,C00212,2023-09-01,Standard,5,Delivered
O003477,C00336,2023-04-17,Standard,0,Delivered
O003478,C00246,2023-07-13,Standard,0,Delivered
O003479,C01201,2023-09-22,Standard,15,Delivered
O003480,C00675,2024-02-03,Standard,0,Delivered
O003481,C00829,2024-08-22,Express,0,Returned
O003482,C00863,2023-07-03,Standard,10,Delivered
O003483,C00604,2024-12-28,Express,15,Delivered
O003484,C00437,2024-01-07,Standard,20,Delivered
O003485,C00577,2024-04-30,Standard,10,Delivered
O003486,C00796,2024-11-25,Standard,0,Delivered
O003487,C00543,2024-10-12,Standard,5,Delivered
O003488,C00210,2024-06-06,Standard,0,Delivered
O003489,C01388,2024-07-29,Express,0,Delivered
O003490,C01085,2023-05-14,Standard,20,Delivered
O003491,C00102,2024-03-08,Standard,15,Delivered
O003492,C01379,2023-12-19,Standard,0,Cancelled
O003493,C00255,2023-04-01,Standard,5,Delivered
O003494,C00154,2023-11-06,Standard,30,Delivered
O003495,C00260,2024-04-29,Standard,5,Delivered
O003496,C01407,2024-11-19,Standard,0,Delivered
O003497,C00335,2024-11-03,Express,0,Delivered
O003498,C01176,2024-10-05,Standard,5,Delivered
O003499,C00940,2024-07-28,Standard,5,Delivered
O003500,C00773,2024-05-18,Express,10,Delivered
O003501,C00553,2023-02-19,Standard,0,Delivered
O003502,C00146,2024-06-11,Express,5,Delivered
O003503,C01051,2024-06-11,Express,0,Delivered
O003504,C00599,2023-11-12,Standard,0,delivered
O003505,C00797,2024-01-15,Standard,0,Delivered
O003506,C00082,2024-01-28,Standard,5,Delivered
O003507,C01154,2024-01-09,Express,5,Delivered
O003508,C01013,2023-10-31,Standard,0,Delivered
O003509,C00788,2023-12-09,Express,20,Returned
O003510,C00749,2024-05-03,Standard,0,Delivered
O003511,C00500,2024-12-08,Express,15,Delivered
O003512,C00507,2024-05-03,Same Day,20,Delivered
O003513,C00109,2024-08-09,Standard,0,Returned
O003514,C01011,2024-09-29,Standard,0,Delivered
O003515,C00075,2024-03-31,Standard,0,Delivered
O003516,C00007,2024-06-10,Standard,20,Delivered
O003517,C00048,2024-01-23,Standard,5,Delivered
O003518,C00307,2024-04-08,Standard,0,Delivered
O003519,C00848,2023-02-08,Express,0,Delivered
O003520,C00998,2024-11-15,Same Day,0,Delivered
O003521,C00637,2024-12-06,Express,10,Delivered
O003522,C00617,2023-03-01,Express,10,Delivered
O003523,C00857,2023-09-15,Standard,5,Returned
O003524,C00875,2023-06-27,Standard,0,Delivered
O003525,C01281,2024-09-13,Express,15,Delivered
O003526,C01241,2024-04-29,Express,15,Delivered
O003527,C01248,2024-01-22,Express,5,Delivered
O003528,C01281,2024-10-03,Standard,10,Delivered
O003529,C01324,2024-03-28,Standard,15,Delivered
O003530,C00832,2024-01-05,Standard,5,Delivered
O003531,C00874,2023-11-21,Standard,0,Delivered
O003532,C01078,2024-02-25,Standard,5,Delivered
O003533,C00299,2024-01-21,Standard,0,Delivered
O003534,C00545,2023-09-16,Standard,0,Cancelled
O003535,C01388,2023-12-12,Standard,15,Delivered
O003536,C00778,2024-11-16,Standard,15,Delivered
O003537,C00082,2024-02-09,Same Day,10,Returned
O003538,C00616,2024-11-19,Express,15,Delivered
O003539,C00238,2024-03-21,Standard,20,Cancelled
O003540,C00540,2024-09-04,Express,10,Delivered
O003541,C00815,2023-10-01,Standard,20,Delivered
O003542,C00761,2024-09-19,Same Day,20,Delivered
O003543,C00738,2023-09-08,Express,0,Delivered
O003544,C00037,2023-06-09,Standard,20,Delivered
O003545,C00667,2023-06-08,Standard,30,Delivered
O003546,C00046,2023-03-03,Same Day,0,Delivered
O003547,C00616,2024-12-03,Same Day,10,Delivered
O003548,C00949,2024-12-31,Standard,0,Delivered
O003549,C00197,2024-08-31,Standard,5,Delivered
O003550,C01389,2023-04-20,Standard,10,Delivered
O003551,C00919,2024-11-12,Express,0,Delivered
O003552,C00330,2024-08-18,Standard,10,Delivered
O003553,C00599,2023-10-23,Standard,5,Delivered
O003554,C00154,2024-02-09,Standard,0,Delivered
O003555,C00038,2024-06-17,Standard,10,Returned
O003556,C01388,2023-05-04,Standard,20,Delivered
O003557,C00987,2024-02-08,Express,0,Delivered
O003558,C01158,2024-08-10,Same Day,5,Delivered
O003559,C00908,2023-07-04,Standard,0,Delivered
O003560,C01381,2023-12-25,Express,0,Delivered
O003561,C01353,2024-03-06,Express,5,Delivered
O003562,C00093,2024-08-13,Standard,0,Delivered
O003563,C00285,2024-12-13,Standard,10,Delivered
O003564,C00601,2024-10-19,Standard,0,Delivered
O003565,C00505,2024-05-17,Same Day,15,Delivered
O003566,C00784,2024-04-17,Express,0,Cancelled
O003567,C00404,2024-05-03,Standard,20,Delivered
O003568,C01196,2024-03-16,Standard,5,delivered
O003569,C00024,2024-03-11,Standard,0,Delivered
O003570,C01185,2024-07-16,Standard,0,Delivered
O003571,C00599,2024-07-30,Express,5,Delivered
O003572,C00014,2024-02-18,Express,20,Delivered
O003573,C01283,2024-10-30,Standard,5,Delivered
O003574,C00673,2024-06-26,Standard,5,Delivered
O003575,C01072,2023-12-17,Standard,15,Delivered
O003576,C01323,2024-04-02,,0,Delivered
O003577,C00051,2023-03-02,Standard,10,Delivered
O003578,C00397,2023-11-02,Standard,0,Delivered
O003579,C00185,2024-01-06,Express,15,Delivered
O003580,C00154,2023-06-14,Standard,20,Delivered
O003581,C01418,2023-07-05,Express,0,Delivered
O003582,C01204,2023-08-11,Same Day,0,Delivered
O003583,C00553,2024-09-12,Standard,10,Delivered
O003584,C01012,2024-09-06,Express,10,Delivered
O003585,C01394,2023-11-19,Standard,10,Delivered
O003586,C00335,2023-06-19,Standard,5,Delivered
O003587,C00036,2023-04-23,Standard,0,Delivered
O003588,C01249,2023-03-30,Standard,10,Delivered
O003589,C01070,2023-11-23,Express,0,Delivered
O003590,C00236,2023-08-29,Express,5,Delivered
O003591,C00733,2023-10-23,Express,0,Delivered
O003592,C00236,2024-12-11,Standard,0,delivered
O003593,C00882,2024-02-13,Express,15,Delivered
O003594,C00949,2024-10-07,Express,5,Delivered
O003595,C00418,2023-05-10,Express,5,Delivered
O003596,C01160,2023-09-11,Express,20,Delivered
O003597,C00721,2024-12-03,Standard,10,Delivered
O003598,C01046,2023-11-19,Standard,15,Returned
O003599,C00931,2024-06-07,Standard,15,Delivered
O003600,C00678,2024-12-19,Standard,10,Delivered
O003601,C00429,2024-03-21,Express,0,Delivered
O003602,C00308,2023-10-07,Same Day,0,Delivered
O003603,C01102,2024-03-06,Same Day,5,cancelled
O003604,C00937,2023-03-11,Standard,0,Delivered
O003605,C00418,2023-04-24,Standard,0,Delivered
O003606,C01460,2023-11-13,Standard,0,Cancelled
O003607,C01218,2024-11-05,Express,0,Delivered
O003608,C00197,2024-06-25,Express,5,Delivered
O003609,C00245,2023-12-24,Express,0,Cancelled
O003610,C00812,2024-01-02,Same Day,0,Delivered
O003611,C00158,2024-07-04,Standard,10,Delivered
O003612,C01452,2024-11-21,Standard,20,Delivered
O003613,C00927,2023-10-04,Express,10,Delivered
O003614,C00102,2024-03-08,Standard,20,Delivered
O003615,C00667,2024-10-22,Standard,0,Delivered
O003616,C00335,2024-11-09,Standard,15,Delivered
O003617,C00738,2024-11-18,Standard,5,Returned
O003618,C00371,2024-06-10,Same Day,5,Delivered
O003619,C01263,2023-11-10,Standard,10,Returned
O003620,C01068,2023-12-22,Standard,15,Delivered
O003621,C01381,2023-10-02,Same Day,0,Delivered
O003622,C00298,2024-11-05,Standard,5,Returned
O003623,C00584,2023-10-11,Express,15,Returned
O003624,C01204,2024-05-26,Same Day,5,Returned
O003625,C00564,2024-11-15,Standard,0,Delivered
O003626,C00574,2024-12-19,Standard,0,Delivered
O003627,C01488,2024-06-08,Standard,0,Delivered
O003628,C01151,2024-12-05,Standard,5,Delivered
O003629,C01301,2023-11-18,Standard,5,Delivered
O003630,C00617,2023-11-06,Standard,0,Returned
O003631,C00867,2023-02-08,Standard,15,Delivered
O003632,C00678,2024-12-21,Express,10,Delivered
O003633,C00677,2024-11-13,Standard,0,Delivered
O003634,C00198,2023-01-28,Standard,0,Delivered
O003635,C01281,2023-08-04,Standard,15,Delivered
O003636,C00594,2023-11-12,Express,20,Returned
O003637,C00862,2023-09-03,Standard,30,Delivered
O003638,C01295,2024-10-19,Standard,10,Delivered
O003639,C01152,2023-06-08,Same Day,20,Delivered
O003640,C00298,2024-09-19,Express,0,Delivered
O003641,C00901,2024-03-24,Express,0,Delivered
O003642,C00749,2023-11-16,Express,0,Delivered
O003643,C00392,2023-05-25,Standard,5,Delivered
O003644,C00071,2024-12-30,Standard,0,Delivered
O003645,C00918,2024-05-14,Standard,10,Delivered
O003646,C01160,2023-12-22,Express,0,Returned
O003647,C01416,2023-11-13,Same Day,5,Delivered
O003648,C00538,2024-11-15,Express,20,Delivered
O003649,C00609,2024-10-07,Standard,10,Delivered
O003650,C00245,2024-10-02,Express,5,Delivered
O003651,C01483,2024-05-13,Express,0,Delivered
O003652,C01287,2024-11-07,Standard,0,Delivered
O003653,C01439,2023-10-04,Standard,5,Delivered
O003654,C00749,2024-07-20,Standard,0,Cancelled
O003655,C00313,2023-11-30,Standard,15,Delivered
O003656,C00851,2024-04-30,Express,20,Delivered
O003657,C00562,2024-12-31,Standard,0,Delivered
O003658,C00520,2024-12-23,Express,0,Delivered
O003659,C00130,2024-02-18,Standard,0,Returned
O003660,C00120,2024-04-09,Standard,15,Delivered
O003661,C00574,2024-11-11,Express,0,Delivered
O003662,C01400,2024-12-24,Standard,10,Delivered
O003663,C01070,2024-09-11,Express,5,Delivered
O003664,C01125,2023-03-08,Express,5,Delivered
O003665,C00353,2023-10-17,Express,10,Delivered
O003666,C01087,2024-11-11,Standard,0,Delivered
O003667,C00616,2024-09-04,Express,15,Delivered
O003668,C00093,2024-08-17,,0,Returned
O003669,C00600,2024-06-22,Express,10,Delivered
O003670,C00206,2024-05-13,Standard,20,Delivered
O003671,C01289,2023-11-29,Standard,0,Delivered
O003672,C01281,2024-10-01,Standard,10,Delivered
O003673,C00426,2023-12-13,Express,10,Delivered
O003674,C00895,2024-07-05,Standard,0,Delivered
O003675,C00549,2024-08-06,Express,5,Delivered
O003676,C00230,2024-10-18,Express,0,Delivered
O003677,C00951,2023-10-16,Standard,15,Returned
O003678,C01125,2024-08-17,Standard,10,Delivered
O003679,C01153,2023-04-18,Express,5,Delivered
O003680,C00224,2023-05-18,Standard,10,Cancelled
O003681,C00763,2023-12-08,Standard,10,Delivered
O003682,C00042,2023-02-26,Express,0,Delivered
O003683,C00140,2024-12-04,Standard,0,Delivered
O003684,C00126,2024-11-13,Express,0,Delivered
O003685,C00093,2023-02-19,Express,20,Delivered
O003686,C00494,2024-10-15,Standard,5,Delivered
O003687,C00540,2024-02-14,Standard,0,Delivered
O003688,C01021,2024-07-19,Standard,5,Returned
O003689,C00489,2024-11-06,Standard,5,Delivered
O003690,C00216,2024-04-12,Standard,5,Delivered
O003691,C01422,2024-02-20,Same Day,5,Delivered
O003692,C01321,2023-01-03,Standard,0,Delivered
O003693,C00197,2024-02-04,Standard,0,Delivered
O003694,C00548,2024-12-04,Express,15,Delivered
O003695,C00255,2024-04-08,Standard,10,Delivered
O003696,C01443,2023-11-13,Standard,10,Delivered
O003697,C00539,2023-01-31,Same Day,0,Delivered
O003698,C00154,2024-11-19,Express,30,Delivered
O003699,C01077,2024-01-01,Standard,0,Delivered
O003700,C01052,2024-07-21,Standard,10,Delivered
O003701,C00364,2024-07-13,Standard,10,Returned
O003702,C00473,2023-08-31,Standard,0,Delivered
O003703,C00626,2023-05-07,Standard,0,Delivered
O003704,C00406,2024-04-05,Standard,10,Delivered
O003705,C00426,2023-12-13,Express,10,Cancelled
O003706,C01201,2024-07-17,Standard,30,Delivered
O003707,C01110,2024-10-06,Express,10,Delivered
O003708,C01013,2023-10-31,Standard,20,Returned
O003709,C01012,2024-03-02,Standard,10,Delivered
O003710,C00778,2023-02-10,Standard,5,Delivered
O003711,C00527,2023-07-28,Standard,20,Cancelled
O003712,C01068,2024-08-31,Express,15,Delivered
O003713,C00181,2024-09-21,Standard,0,Delivered
O003714,C00217,2024-09-09,Express,10,Returned
O003715,C00197,2023-07-12,Express,0,Delivered
O003716,C01085,2024-03-21,Standard,20,Cancelled
O003717,C00872,2023-12-11,Standard,10,Delivered
O003718,C00676,2024-12-27,Same Day,5,Delivered
O003719,C00723,2024-06-11,Standard,30,Delivered
O003720,C01256,2024-11-28,Standard,0,Delivered
O003721,C00190,2023-05-25,Express,5,Delivered
O003722,C00579,2023-12-29,Standard,5,Delivered
O003723,C01125,2024-09-06,Express,0,Delivered
O003724,C00957,2023-11-11,Standard,0,Delivered
O003725,C00656,2024-05-25,Express,10,Delivered
O003726,C00338,2024-02-17,Standard,0,Cancelled
O003727,C01418,2024-12-27,Standard,20,Delivered
O003728,C00617,2023-06-21,Express,0,Delivered
O003729,C01321,2024-11-28,Standard,0,Delivered
O003730,C01156,2023-11-28,Standard,0,Cancelled
O003731,C01306,2024-01-11,Express,5,Delivered
O003732,C00037,2024-03-03,Standard,10,Delivered
O003733,C00724,2023-09-09,Standard,30,Delivered
O003734,C00392,2024-12-12,Express,0,Returned
O003735,C00413,2024-11-17,Same Day,0,Delivered
O003736,C00408,2024-12-17,Standard,0,Delivered
O003737,C00590,2024-12-30,Express,10,Delivered
O003738,C00620,2024-06-23,Express,0,Delivered
O003739,C00923,2023-12-30,Standard,0,Delivered
O003740,C00438,2024-10-21,Express,10,Delivered
O003741,C00411,2024-02-03,Standard,15,Returned
O003742,C00545,2024-10-13,Express,0,Delivered
O003743,C01011,2024-02-04,Express,10,Delivered
O003744,C00003,2024-06-26,Standard,10,Returned
O003745,C01102,2024-02-17,Standard,0,Delivered
O003746,C00502,2024-05-24,Standard,10,Delivered
O003747,C00857,2023-09-15,Standard,0,Delivered
O003748,C01126,2024-03-25,Same Day,5,Delivered
O003749,C00763,2023-12-02,Express,5,Delivered
O003750,C00949,2023-08-07,Express,10,Delivered
O003751,C01395,2023-08-25,Standard,5,Delivered
O003752,C00046,2024-04-17,Standard,15,Delivered
O003753,C00522,2023-10-14,Express,0,Delivered
O003754,C01401,2024-10-11,Standard,5,Delivered
O003755,C01273,2023-05-26,Standard,20,Delivered
O003756,C00899,2024-04-24,Standard,5,Delivered
O003757,C00343,2023-08-16,Same Day,10,Cancelled
O003758,C00489,2024-03-02,Express,10,Delivered
O003759,C01296,2024-03-23,Standard,20,Cancelled
O003760,C01024,2024-06-02,Same Day,10,Delivered
O003761,C00423,2023-12-14,Express,10,Delivered
O003762,C00208,2024-02-15,Express,15,Delivered
O003763,C01160,2023-06-27,Standard,30,Returned
O003764,C00857,2024-01-07,Standard,20,Delivered
O003765,C01452,2023-12-21,Standard,0,Delivered
O003766,C00616,2024-06-21,Express,10,Delivered
O003767,C00521,2023-12-19,Standard,0,Delivered
O003768,C00426,2024-09-11,Standard,5,Delivered
O003769,C00726,2023-12-13,Standard,10,Returned
O003770,C00479,2023-10-08,Standard,0,Delivered
O003771,C00120,2023-09-15,Express,10,Delivered
O003772,C00453,2024-06-02,Standard,0,Delivered
O003773,C00334,2024-03-12,Express,15,Delivered
O003774,C01237,2024-10-11,Same Day,5,Delivered
O003775,C00353,2024-09-05,Express,0,Delivered
O003776,C00689,2023-12-21,Standard,10,Returned
O003777,C00980,2023-07-12,Express,10,Delivered
O003778,C00224,2024-10-27,Express,10,Returned
O003779,C00789,2023-02-28,Express,15,Delivered
O003780,C01285,2023-11-27,Standard,15,Delivered
O003781,C00865,2024-10-23,Standard,0,Delivered
O003782,C00726,2023-11-24,Standard,0,Delivered
O003783,C01274,2024-01-10,Standard,0,Delivered
O003784,C01422,2024-02-20,Express,0,Delivered
O003785,C01244,2024-04-30,Standard,10,Cancelled
O003786,C00617,2023-05-31,Express,0,Delivered
O003787,C00895,2024-06-12,Express,5,Delivered
O003788,C00784,2023-12-21,Standard,5,Cancelled
O003789,C00441,2024-01-23,Standard,10,Delivered
O003790,C00656,2024-02-03,Standard,30,Delivered
O003791,C01259,2024-10-08,Standard,10,Delivered
O003792,C00438,2023-11-26,Same Day,0,Delivered
O003793,C01343,2024-08-15,Standard,5,Delivered
O003794,C01494,2023-12-22,Standard,0,Delivered
O003795,C00443,2023-05-01,Standard,5,Delivered
O003796,C00194,2023-12-23,Express,10,Returned
O003797,C01436,2024-02-13,Express,20,Cancelled
O003798,C00259,2024-01-03,Same Day,0,Delivered
O003799,C01151,2024-10-04,Standard,0,Delivered
O003800,C00065,2024-11-17,Standard,0,Delivered
O003801,C00353,2024-09-16,Express,10,Cancelled
O003802,C00392,2024-04-16,Standard,30,Delivered
O003803,C00436,2024-03-13,Standard,5,Delivered
O003804,C01394,2024-06-03,Same Day,5,Returned
O003805,C00266,2023-09-26,Standard,0,Delivered
O003806,C00262,2024-10-02,Standard,10,Delivered
O003807,C01013,2024-10-23,Same Day,0,Delivered
O003808,C01431,2024-03-19,Standard,0,Delivered
O003809,C00589,2024-11-13,Standard,10,Delivered
O003810,C01151,2024-10-20,Standard,0,Delivered
O003811,C00048,2023-12-12,Standard,0,Delivered
O003812,C01249,2024-11-16,Standard,0,Returned
O003813,C01071,2023-05-02,Express,0,Returned
O003814,C01355,2024-04-12,Same Day,10,Delivered
O003815,C00926,2023-10-31,Express,0,Delivered
O003816,C01416,2024-04-02,Same Day,10,Delivered
O003817,C00590,2023-11-02,Standard,5,Delivered
O003818,C01085,2024-12-01,Standard,5,Returned
O003819,C01076,2023-08-31,Standard,0,Delivered
O003820,C00406,2024-04-05,Standard,10,Delivered
O003821,C01395,2024-05-27,Standard,5,Delivered
O003822,C01157,2023-10-18,Standard,10,Cancelled
O003823,C01312,2024-08-07,Same Day,5,Delivered
O003824,C00548,2023-11-16,Standard,15,Delivered
O003825,C01281,2024-12-20,Express,5,Cancelled
O003826,C00458,2024-07-10,Standard,15,Delivered
O003827,C01453,2024-02-09,Standard,5,Delivered
O003828,C00042,2023-04-05,Express,30,Delivered
O003829,C00904,2023-05-19,Standard,15,Delivered
O003830,C00173,2024-12-06,Standard,0,Delivered
O003831,C01067,2024-07-05,Standard,10,Delivered
O003832,C00548,2023-12-14,Express,0,Delivered
O003833,C01319,2023-07-16,Standard,20,Delivered
O003834,C01320,2024-10-31,Standard,0,Delivered
O003835,C00555,2023-07-17,Standard,5,Delivered
O003836,C01218,2024-07-22,Standard,0,Delivered
O003837,C00998,2024-09-01,Express,15,Delivered
O003838,C00649,2023-10-01,Standard,20,Delivered
O003839,C00515,2024-02-11,Standard,5,Delivered
O003840,C00314,2023-08-05,Express,0,Delivered
O003841,C00098,2024-04-06,Express,10,Delivered
O003842,C00772,2024-12-13,Standard,0,Delivered
O003843,C00805,2024-07-12,Standard,30,Delivered
O003844,C00667,2024-10-19,Express,0,Delivered
O003845,C01427,2024-03-13,Standard,10,Delivered
O003846,C00036,2023-08-18,Standard,0,Delivered
O003847,C01287,2024-07-27,Express,30,Delivered
O003848,C01200,2024-02-07,Standard,10,Cancelled
O003849,C01123,2023-06-28,Standard,30,Delivered
O003850,C00783,2023-12-05,Standard,0,Delivered
O003851,C00287,2024-05-27,Standard,5,Delivered
O003852,C01306,2024-08-12,Standard,0,Delivered
O003853,C01096,2024-06-16,Standard,15,Delivered
O003854,C01266,2024-11-01,Standard,0,Delivered
O003855,C00353,2023-11-17,Standard,5,Delivered
O003856,C00831,2023-09-13,Standard,10,Delivered
O003857,C00630,2023-07-11,Standard,0,Delivered
O003858,C00931,2024-09-28,Express,15,Delivered
O003859,C01111,2023-11-04,Express,15,Delivered
O003860,C00262,2024-01-24,Standard,5,Delivered
O003861,C00262,2023-08-05,Standard,10,Delivered
O003862,C00073,2024-07-06,Standard,0,Delivered
O003863,C00233,2024-09-12,Same Day,5,Delivered
O003864,C00360,2023-10-27,Standard,15,Delivered
O003865,C00120,2024-12-02,Standard,0,Delivered
O003866,C00538,2024-05-06,Express,30,Delivered
O003867,C00987,2023-05-13,Express,5,Delivered
O003868,C01189,2024-04-21,Same Day,0,Delivered
O003869,C00515,2024-07-18,Standard,0,Delivered
O003870,C00134,2023-08-28,Same Day,5,Returned
O003871,C01124,2024-03-24,Standard,30,Delivered
O003872,C00594,2023-11-12,Express,10,Delivered
O003873,C00379,2024-03-24,Standard,10,Delivered
O003874,C00716,2024-06-15,Same Day,30,Delivered
O003875,C01464,2024-12-17,Express,0,Delivered
O003876,C00562,2024-01-01,Express,5,Delivered
O003877,C01443,2024-06-06,Express,15,Delivered
O003878,C00380,2024-04-12,Standard,10,Delivered
O003879,C00164,2023-10-14,Standard,0,Delivered
O003880,C00233,2023-08-30,Standard,15,Delivered
O003881,C01152,2024-12-25,Express,0,Delivered
O003882,C00801,2024-02-06,Standard,10,Delivered
O003883,C00862,2024-09-19,Standard,15,Delivered
O003884,C01462,2024-04-22,Standard,0,Delivered
O003885,C00761,2024-09-28,Express,15,Delivered
O003886,C00182,2024-02-27,Standard,15,Delivered
O003887,C01066,2024-12-14,Standard,0,Delivered
O003888,C00310,2024-07-06,Standard,0,Delivered
O003889,C00861,2023-10-17,Standard,15,Delivered
O003890,C01289,2024-07-12,Standard,5,Delivered
O003891,C00724,2024-05-03,Standard,0,Delivered
O003892,C00456,2023-10-26,Express,0,Delivered
O003893,C00857,2023-09-15,Standard,0,Delivered
O003894,C00197,2024-08-01,Same Day,5,Cancelled
O003895,C00446,2024-08-17,Standard,15,Delivered
O003896,C00760,2024-05-08,Standard,5,Delivered
O003897,C00383,2024-11-02,Same Day,0,Delivered
O003898,C00066,2023-09-12,Express,20,Delivered
O003899,C00866,2024-06-05,Standard,5,Delivered
O003900,C00613,2024-04-30,Standard,0,Delivered
O003901,C00594,2023-11-12,Standard,20,Delivered
O003902,C01500,2023-09-18,Standard,5,Cancelled
O003903,C00172,2024-02-13,Standard,5,Delivered
O003904,C00230,2023-09-25,Standard,15,Delivered
O003905,C01321,2023-07-29,Standard,0,Delivered
O003906,C00206,2024-07-20,Standard,5,Delivered
O003907,C01393,2024-03-18,Express,15,Delivered
O003908,C00978,2024-10-15,Standard,0,Delivered
O003909,C00786,2024-05-26,Same Day,20,Delivered
O003910,C00418,2024-01-24,,0,Delivered
O003911,C00543,2023-09-06,Same Day,15,Delivered
O003912,C01254,2024-09-20,Express,5,Delivered
O003913,C00093,2023-07-12,Standard,5,Returned
O003914,C01146,2023-08-21,Standard,10,Delivered
O003915,C01257,2024-10-16,Standard,0,Delivered
O003916,C01044,2024-08-16,Express,0,Delivered
O003917,C00088,2024-05-10,Standard,10,Delivered
O003918,C01095,2024-05-27,Express,15,Delivered
O003919,C01071,2023-05-08,Express,0,Delivered
O003920,C00035,2024-02-07,Standard,15,Delivered
O003921,C01351,2024-08-20,Express,0,Delivered
O003922,C00207,2024-01-08,Express,10,Delivered
O003923,C01445,2023-09-01,Express,5,Delivered
O003924,C00116,2023-06-30,Standard,10,Delivered
O003925,C00356,2024-04-21,Standard,5,Cancelled
O003926,C01013,2024-07-13,Standard,0,Delivered
O003927,C00211,2023-02-03,Standard,0,Delivered
O003928,C00279,2023-02-13,Standard,5,Delivered
O003929,C00032,2023-10-01,Same Day,10,Delivered
O003930,C01254,2024-03-07,Standard,0,Delivered
O003931,C00062,2024-03-14,Standard,0,Delivered
O003932,C00922,2023-05-05,Standard,0,Delivered
O003933,C00862,2024-06-06,Same Day,0,Returned
O003934,C00763,2024-09-10,Standard,5,Delivered
O003935,C00568,2024-12-16,Standard,20,Delivered
O003936,C00438,2024-12-04,Standard,0,Delivered
O003937,C01436,2023-12-23,Standard,0,Delivered
O003938,C01170,2024-04-03,Standard,5,Delivered
O003939,C01398,2023-10-21,Standard,10,Delivered
O003940,C01087,2024-07-24,Standard,10,Delivered
O003941,C01259,2023-03-03,Standard,0,Delivered
O003942,C01452,2023-12-21,Standard,0,Delivered
O003943,C00681,2023-10-03,Express,20,Cancelled
O003944,C01381,2023-09-10,Standard,5,Delivered
O003945,C00072,2024-07-22,Same Day,15,Delivered
O003946,C00167,2024-06-15,Standard,5,Delivered
O003947,C00738,2024-03-08,Standard,15,Delivered
O003948,C00681,2024-11-17,Express,15,Delivered
O003949,C00658,2023-04-15,Standard,0,Returned
O003950,C00799,2023-05-29,Standard,0,Delivered
O003951,C00803,2023-11-19,Standard,0,Delivered
O003952,C01319,2024-06-12,Same Day,15,Delivered
O003953,C00515,2024-04-17,Standard,0,Delivered
O003954,C00463,2023-03-17,Standard,5,Delivered
O003955,C01028,2024-12-09,Standard,10,Delivered
O003956,C00950,2023-10-07,Standard,10,Delivered
O003957,C01259,2023-11-06,Standard,5,Delivered
O003958,C00450,2024-05-18,Express,5,Delivered
O003959,C00020,2024-12-02,Same Day,0,Delivered
O003960,C01417,2024-06-18,Same Day,0,delivered
O003961,C00073,2024-12-07,Standard,0,Delivered
O003962,C00996,2023-11-14,Standard,20,Delivered
O003963,C00473,2024-05-15,Standard,30,Delivered
O003964,C00644,2024-10-10,Standard,15,Delivered
O003965,C01273,2024-02-15,Standard,0,Delivered
O003966,C00633,2023-11-08,Standard,0,Delivered
O003967,C00219,2024-12-23,Standard,5,Delivered
O003968,C01116,2024-04-13,Express,0,Delivered
O003969,C00038,2023-12-04,Express,20,Cancelled
O003970,C00414,2024-10-31,Same Day,15,Delivered
O003971,C00801,2024-11-12,Standard,30,Cancelled
O003972,C00657,2024-12-21,Express,15,Delivered
O003973,C00905,2024-11-05,Standard,5,Delivered
O003974,C00576,2023-02-21,Standard,0,Delivered
O003975,C00594,2024-11-25,Standard,15,Delivered
O003976,C00520,2023-12-15,Standard,10,Returned
O003977,C01338,2024-06-09,Standard,20,Delivered
O003978,C00037,2023-11-25,Express,0,Delivered
O003979,C01416,2024-10-03,Standard,5,Delivered
O003980,C00541,2024-04-24,Same Day,5,Delivered
O003981,C00553,2024-10-18,Standard,0,Delivered
O003982,C01076,2023-07-09,Express,5,Delivered
O003983,C00587,2023-07-01,Same Day,0,Delivered
O003984,C00899,2024-04-24,Standard,5,Delivered
O003985,C01376,2024-05-07,Express,5,Delivered
O003986,C01282,2024-07-12,Express,0,Delivered
O003987,C00768,2023-10-02,Standard,15,Delivered
O003988,C01063,2024-05-30,Express,0,Delivered
O003989,C00599,2023-03-13,Express,10,Delivered
O003990,C01154,2024-01-09,Standard,0,Delivered
O003991,C00255,2024-05-18,Standard,10,Delivered
O003992,C00075,2024-03-31,Standard,5,Delivered
O003993,C00807,2023-07-29,Standard,15,Delivered
O003994,C00323,2023-08-10,Same Day,10,Delivered
O003995,C01080,2023-07-29,Same Day,5,Delivered
O003996,C00156,2024-05-18,Express,10,Delivered
O003997,C00025,2023-06-15,Standard,5,Delivered
O003998,C00988,2023-11-08,Standard,5,Delivered
O003999,C00757,2024-07-08,Standard,5,Delivered
O004000,C01429,2024-03-10,Standard,10,Delivered
O004001,C00371,2024-06-10,Express,10,Returned
O004002,C00196,2023-08-28,Standard,20,Delivered
O004003,C00042,2024-11-26,Standard,0,Delivered
O004004,C00667,2023-12-06,Standard,0,Delivered
O004005,C00155,2023-09-26,Same Day,5,Delivered
O004006,C01153,2024-11-14,Standard,10,Delivered
O004007,C00118,2024-06-12,Standard,0,Delivered
O004008,C01395,2024-05-11,Standard,0,Returned
O004009,C00807,2024-11-06,Standard,30,Returned
O004010,C01018,2023-09-06,Standard,0,Delivered
O004011,C00206,2024-10-14,Express,5,Returned
O004012,C00140,2024-06-30,Standard,0,Delivered
O004013,C00536,2023-11-19,Standard,0,Delivered
O004014,C00774,2023-09-02,Same Day,0,Delivered
O004015,C00857,2023-09-15,Express,0,Delivered
O004016,C00489,2024-11-30,Express,5,Delivered
O004017,C00411,2024-02-03,Standard,0,Delivered
O004018,C01477,2024-05-13,Same Day,5,Delivered
O004019,C00411,2024-07-10,Express,0,Delivered
O004020,C00211,2024-07-25,Standard,20,Delivered
O004021,C00543,2023-06-08,Standard,0,Returned
O004022,C00442,2024-10-03,Standard,0,Delivered
O004023,C00637,2024-02-16,Express,15,Delivered
O004024,C00910,2024-10-20,Standard,15,Delivered
O004025,C00883,2023-11-17,Express,10,Delivered
O004026,C01024,2023-09-29,Express,0,Delivered
O004027,C00230,2024-05-29,Express,15,Delivered
O004028,C00076,2023-05-29,Standard,10,Delivered
O004029,C01182,2024-02-29,Same Day,5,Delivered
O004030,C00327,2023-01-14,Standard,5,Delivered
O004031,C00463,2024-09-12,Express,0,Delivered
O004032,C00681,2024-11-12,Standard,0,Delivered
O004033,C01063,2024-10-15,Standard,0,Delivered
O004034,C00245,2024-12-09,Standard,0,Returned
O004035,C01376,2024-11-13,Express,20,Delivered
O004036,C00473,2023-12-25,Express,15,Delivered
O004037,C01478,2023-12-18,Standard,0,Delivered
O004038,C00423,2024-11-10,Standard,0,Delivered
O004039,C01076,2024-11-24,Express,10,Delivered
O004040,C00570,2024-12-17,Standard,5,Delivered
O004041,C01273,2024-09-04,Standard,15,Delivered
O004042,C00696,2023-07-17,Express,30,Delivered
O004043,C01318,2024-12-02,Standard,5,Delivered
O004044,C01116,2024-12-03,Standard,0,Delivered
O004045,C00867,2024-06-21,Standard,20,Delivered
O004046,C00375,2024-10-24,Standard,5,Delivered
O004047,C00392,2024-03-30,Express,5,Delivered
O004048,C01494,2024-12-02,Standard,10,Delivered
O004049,C01399,2023-04-06,Standard,5,Delivered
O004050,C00212,2024-10-27,Standard,0,Delivered
O004051,C00308,2023-02-26,Standard,10,Delivered
O004052,C00165,2023-10-26,Standard,0,Delivered
O004053,C00302,2023-05-15,Standard,0,Delivered
O004054,C00426,2024-01-20,Express,5,Delivered
O004055,C01273,2023-08-13,Standard,0,Delivered
O004056,C00151,2024-12-06,Same Day,15,Delivered
O004057,C01331,2024-03-28,Same Day,30,Delivered
O004058,C01465,2024-11-11,Standard,20,Delivered
O004059,C00418,2023-09-19,Express,0,Returned
O004060,C00682,2023-01-26,Express,20,Delivered
O004061,C00788,2024-09-09,Standard,0,Delivered
O004062,C00310,2024-07-19,Standard,5,Delivered
O004063,C01082,2024-03-17,Same Day,0,Delivered
O004064,C00860,2024-10-04,Standard,15,Delivered
O004065,C00173,2024-10-16,Standard,0,Delivered
O004066,C01353,2024-04-20,Standard,10,Delivered
O004067,C00438,2024-12-13,Standard,15,Delivered
O004068,C00230,2024-08-01,Standard,5,Delivered
O004069,C01477,2024-06-29,Same Day,15,Delivered
O004070,C00159,2023-11-27,Standard,0,Delivered
O004071,C00093,2023-01-03,Standard,0,Delivered
O004072,C00356,2023-08-20,Standard,5,Delivered
O004073,C00470,2024-09-01,Express,10,Delivered
O004074,C00656,2024-07-25,Standard,0,Delivered
O004075,C01008,2023-10-22,Standard,15,Delivered
O004076,C00553,2024-05-20,Express,0,Cancelled
O004077,C00841,2023-07-11,Same Day,10,Returned
O004078,C00015,2023-09-07,Standard,0,Delivered
O004079,C00584,2024-12-03,Express,5,Delivered
O004080,C01418,2023-12-05,Standard,5,Returned
O004081,C01153,2023-08-23,Standard,5,Delivered
O004082,C01092,2024-01-27,Standard,0,Delivered
O004083,C00442,2023-11-21,Standard,5,Delivered
O004084,C00730,2024-08-08,Express,0,Delivered
O004085,C01281,2024-12-11,Standard,0,Delivered
O004086,C01325,2024-04-24,Express,0,Delivered
O004087,C01051,2024-06-11,Standard,20,Delivered
O004088,C00682,2023-11-09,Standard,0,Delivered
O004089,C00120,2024-04-01,Same Day,5,Returned
O004090,C00189,2023-10-15,Express,0,Returned
O004091,C00004,2023-06-19,Standard,10,Delivered
O004092,C00543,2024-10-28,Standard,0,Cancelled
O004093,C00042,2023-12-16,Standard,0,Delivered
O004094,C00656,2024-02-03,Same Day,30,Delivered
O004095,C00875,2023-03-26,Standard,30,Delivered
O004096,C00874,2024-10-14,Standard,0,Delivered
O004097,C00832,2023-06-17,Express,10,Delivered
O004098,C00341,2023-12-04,Same Day,20,Cancelled
O004099,C00773,2024-10-16,Standard,30,Delivered
O004100,C01473,2024-01-03,Express,0,Returned
O004101,C00667,2024-11-26,Standard,15,Delivered
O004102,C01321,2023-07-24,Express,0,Delivered
O004103,C00576,2024-07-29,Standard,10,delivered
O004104,C00908,2024-12-20,Express,5,Delivered
O004105,C00726,2024-03-20,Express,10,Cancelled
O004106,C01012,2024-07-11,Same Day,20,Delivered
O004107,C01355,2024-04-12,Standard,0,Delivered
O004108,C00664,2024-08-24,Express,0,Delivered
O004109,C01122,2024-11-16,Standard,10,Delivered
O004110,C01332,2024-07-20,Standard,5,Delivered
O004111,C01178,2024-11-28,Standard,10,Delivered
O004112,C00042,2024-04-21,Express,15,Delivered
O004113,C00003,2024-04-12,Standard,10,delivered
O004114,C01333,2023-10-07,Express,15,Delivered
O004115,C01080,2024-07-25,Express,0,Delivered
O004116,C01439,2024-11-04,Express,0,Delivered
O004117,C00428,2024-06-05,Standard,20,Delivered
O004118,C01176,2023-08-13,Express,5,Returned
O004119,C01201,2024-03-16,Standard,10,Delivered
O004120,C01296,2024-08-27,Express,0,Delivered
O004121,C01013,2024-11-29,Standard,10,delivered
O004122,C00211,2023-06-04,Express,0,Delivered
O004123,C00997,2023-05-08,Express,15,Delivered
O004124,C00888,2023-12-05,Standard,0,Returned
O004125,C00494,2023-05-07,Standard,0,Delivered
O004126,C00312,2024-12-21,Standard,0,Delivered
O004127,C01334,2023-12-12,Express,0,Delivered
O004128,C00218,2024-03-07,Same Day,30,Delivered
O004129,C00637,2023-08-08,Standard,5,Delivered
O004130,C00908,2023-12-28,Same Day,5,Delivered
O004131,C01465,2024-12-23,Standard,0,Returned
O004132,C00977,2024-01-28,Same Day,5,Delivered
O004133,C00442,2023-01-09,Same Day,0,Delivered
O004134,C00096,2023-08-21,Standard,10,Delivered
O004135,C00466,2024-12-20,Same Day,30,Delivered
O004136,C00430,2024-12-26,Standard,0,Delivered
O004137,C01241,2023-07-25,Standard,15,Delivered
O004138,C00570,2024-05-12,Express,30,Delivered
O004139,C00154,2023-03-20,Standard,30,Delivered
O004140,C01318,2024-04-12,Standard,10,Delivered
O004141,C00037,2023-06-09,Standard,15,Delivered
O004142,C00008,2024-10-05,Express,5,Delivered
O004143,C00721,2024-11-29,Express,10,Delivered
O004144,C00110,2023-07-08,Express,10,Delivered
O004145,C00267,2024-01-07,Express,0,Delivered
O004146,C01485,2023-04-14,Express,0,Delivered
O004147,C01281,2023-10-26,Express,5,Delivered
O004148,C01129,2023-03-08,Same Day,0,Delivered
O004149,C00977,2023-12-13,Standard,5,Delivered
O004150,C00079,2024-12-26,Express,15,Delivered
O004151,C01272,2023-02-15,Standard,10,Delivered
O004152,C00716,2024-10-25,Standard,10,Cancelled
O004153,C00154,2023-03-20,Standard,10,Delivered
O004154,C00438,2024-03-03,Standard,0,Delivered
O004155,C00758,2023-12-30,Same Day,0,Delivered
O004156,C00036,2024-11-26,Standard,0,Delivered
O004157,C00380,2023-07-14,Same Day,20,Delivered
O004158,C00496,2023-12-23,Standard,15,Delivered
O004159,C00697,2024-08-22,Express,10,Delivered
O004160,C00007,2024-08-06,Standard,5,Returned
O004161,C00846,2024-07-17,Same Day,30,Delivered
O004162,C00297,2023-01-26,Standard,0,Delivered
O004163,C00875,2023-09-05,Express,0,Delivered
O004164,C00356,2024-10-15,Same Day,10,Delivered
O004165,C00614,2024-05-01,Express,5,Cancelled
O004166,C00909,2024-05-02,Express,30,Cancelled
O004167,C00956,2024-03-29,Standard,15,Delivered
O004168,C00047,2023-09-05,Standard,20,Delivered
O004169,C00797,2024-12-03,Standard,10,Delivered
O004170,C01239,2024-08-07,Standard,20,Returned
O004171,C00310,2023-05-08,Standard,10,Delivered
O004172,C00790,2024-11-29,Express,5,Delivered
O004173,C00673,2024-04-16,Same Day,10,Delivered
O004174,C01287,2023-10-23,Express,20,Delivered
O004175,C00659,2023-11-26,Express,0,Delivered
O004176,C01417,2024-08-05,Standard,10,Delivered
O004177,C00955,2023-11-15,Standard,5,Delivered
O004178,C00842,2024-04-13,Express,10,Delivered
O004179,C00427,2024-07-25,Standard,10,Delivered
O004180,C00874,2023-07-11,Standard,5,Returned
O004181,C00206,2024-12-02,Same Day,10,Delivered
O004182,C00630,2023-11-05,Standard,5,Delivered
O004183,C00421,2023-12-09,Standard,0,Delivered
O004184,C00977,2024-07-16,Standard,10,Delivered
O004185,C01129,2024-05-07,Express,0,Delivered
O004186,C01403,2023-12-22,Standard,15,Delivered
O004187,C00335,2024-06-08,Express,20,Delivered
O004188,C01334,2024-11-13,Standard,0,Delivered
O004189,C01282,2024-09-25,Express,0,Delivered
O004190,C01306,2024-10-08,Express,0,Delivered
O004191,C01092,2023-09-03,Standard,15,Delivered
O004192,C00406,2024-04-05,Express,0,Delivered
O004193,C01321,2024-03-24,Standard,5,Delivered
O004194,C00879,2023-06-20,Standard,5,Delivered
O004195,C01092,2024-09-05,Standard,15,Delivered
O004196,C00310,2023-10-18,Standard,10,Delivered
O004197,C00233,2023-09-22,Same Day,5,Delivered
O004198,C00418,2023-09-04,Express,5,Delivered
O004199,C00763,2023-09-23,Express,15,Delivered
O004200,C00630,2023-10-26,Standard,5,Delivered
O004201,C01338,2024-05-04,Express,5,Cancelled
O004202,C00035,2024-04-17,Express,0,Delivered
O004203,C00125,2023-09-01,Standard,0,Returned
O004204,C00480,2023-07-21,Express,5,Delivered
O004205,C00254,2024-10-09,Express,10,Cancelled
O004206,C00616,2023-04-05,Same Day,10,Delivered
O004207,C01066,2024-02-18,Same Day,30,Delivered
O004208,C01496,2024-02-28,Standard,0,Delivered
O004209,C00302,2024-04-09,Express,5,Delivered
O004210,C00400,2024-11-06,Same Day,15,Cancelled
O004211,C01147,2024-05-19,Express,0,Returned
O004212,C00410,2024-12-17,Standard,5,Delivered
O004213,C01034,2024-10-30,Standard,5,Delivered
O004214,C00865,2024-03-22,Standard,5,Delivered
O004215,C01290,2023-08-20,Standard,0,Delivered
O004216,C00050,2023-10-30,Same Day,0,Delivered
O004217,C01473,2023-11-23,Same Day,0,Delivered
O004218,C01452,2024-03-23,Same Day,20,Delivered
O004219,C00039,2023-08-13,Standard,0,Delivered
O004220,C00753,2023-08-05,Express,0,Delivered
O004221,C00614,2023-11-18,Standard,10,Delivered
O004222,C00383,2024-06-25,Standard,30,Delivered
O004223,C01472,2024-07-08,Standard,0,Delivered
O004224,C00265,2024-12-19,Same Day,10,Delivered
O004225,C00397,2023-07-17,Express,0,Delivered
O004226,C00025,2023-11-24,Express,0,Delivered
O004227,C00860,2024-12-13,Standard,20,Delivered
O004228,C01301,2024-07-09,Standard,10,Delivered
O004229,C00908,2024-04-24,Standard,10,Delivered
O004230,C00955,2024-03-12,Express,0,Cancelled
O004231,C00102,2024-03-08,Express,10,Delivered
O004232,C01058,2024-11-09,Standard,0,Delivered
O004233,C00617,2024-05-20,Standard,5,Delivered
O004234,C00721,2024-04-07,Express,10,Delivered
O004235,C00866,2024-06-05,Standard,10,Delivered
O004236,C01470,2023-11-23,Standard,10,Delivered
O004237,C01103,2023-08-31,Express,0,Delivered
O004238,C01007,2024-08-26,Express,15,Delivered
O004239,C00652,2024-02-15,Express,30,Delivered
O004240,C00051,2023-02-03,Standard,20,Delivered
O004241,C00805,2023-11-27,Express,0,Delivered
O004242,C00959,2024-11-25,Standard,0,Delivered
O004243,C01036,2023-11-14,Express,5,Delivered
O004244,C00891,2023-12-05,Standard,5,Delivered
O004245,C00438,2024-05-19,Standard,15,Delivered
O004246,C00335,2024-09-26,Standard,5,Returned
O004247,C00140,2024-06-22,Standard,5,Delivered
O004248,C01033,2024-10-20,Standard,0,Delivered
O004249,C01464,2024-03-27,Standard,20,Delivered
O004250,C00783,2024-11-23,Express,0,Delivered
O004251,C00980,2024-11-14,Standard,20,Delivered
O004252,C01013,2024-02-24,Standard,20,Delivered
O004253,C00240,2024-05-19,Express,0,Delivered
O004254,C00290,2024-01-15,Express,15,Delivered
O004255,C00310,2023-12-27,Standard,0,Cancelled
O004256,C01407,2024-06-07,Standard,0,Delivered
O004257,C00036,2023-01-22,Standard,5,Delivered
O004258,C00807,2024-12-21,Standard,20,Delivered
O004259,C00574,2023-09-04,Standard,5,Returned
O004260,C00959,2024-04-25,Express,0,Delivered
O004261,C00335,2023-10-05,Standard,5,Delivered
O004262,C01447,2023-11-12,Standard,5,Delivered
O004263,C00491,2024-03-04,Express,0,Delivered
O004264,C01400,2023-10-24,Standard,0,Delivered
O004265,C00871,2024-05-29,Same Day,0,Delivered
O004266,C00626,2024-12-11,Standard,5,Delivered
O004267,C01087,2023-12-15,Standard,10,Delivered
O004268,C00831,2024-12-17,Standard,10,Delivered
O004269,C00212,2024-06-22,Standard,0,Delivered
O004270,C01036,2024-05-06,Standard,15,Delivered
O004271,C00860,2024-01-10,Same Day,5,Delivered
O004272,C00846,2023-08-17,Standard,0,Cancelled
O004273,C01091,2024-10-21,Standard,20,Delivered
O004274,C00955,2024-04-09,Express,10,Delivered
O004275,C00554,2023-12-06,Standard,10,Delivered
O004276,C00467,2024-10-02,,0,Delivered
O004277,C00378,2023-10-10,Same Day,0,Delivered
O004278,C00857,2024-09-14,Standard,10,Delivered
O004279,C00438,2023-10-20,Standard,20,Delivered
O004280,C00190,2024-11-21,Same Day,10,Delivered
O004281,C01163,2023-09-11,Standard,0,Delivered
O004282,C00313,2023-05-18,Express,10,Delivered
O004283,C00246,2024-07-16,Standard,0,Delivered
O004284,C01285,2023-06-10,Standard,0,Delivered
O004285,C01030,2024-12-04,Standard,15,Delivered
O004286,C01135,2024-06-12,Express,10,Delivered
O004287,C00524,2023-09-19,Standard,10,Delivered
O004288,C00899,2024-04-24,Standard,0,Delivered
O004289,C01405,2024-11-23,Standard,0,Returned
O004290,C00418,2024-05-06,Standard,5,Delivered
O004291,C00110,2024-11-09,Standard,5,Delivered
O004292,C00259,2023-10-22,Same Day,10,Delivered
O004293,C01355,2024-11-23,Express,10,Delivered
O004294,C00418,2024-02-24,Standard,10,Delivered
O004295,C00743,2024-06-22,Standard,10,Delivered
O004296,C00796,2023-11-13,Standard,0,Delivered
O004297,C01443,2023-05-25,Standard,5,Delivered
O004298,C00438,2024-12-09,Standard,10,Delivered
O004299,C00778,2024-12-29,Same Day,5,Delivered
O004300,C01439,2023-11-09,Standard,0,Cancelled
O004301,C00302,2024-12-02,Standard,20,Delivered
O004302,C00876,2023-06-15,Express,0,Returned
O004303,C00098,2024-04-06,Standard,30,Delivered
O004304,C00397,2023-05-24,Express,15,Delivered
O004305,C00110,2023-11-23,Express,10,Delivered
O004306,C00489,2023-02-23,Standard,0,Delivered
O004307,C00310,2023-11-25,,10,Delivered
O004308,C01197,2023-05-18,Standard,0,Delivered
O004309,C00696,2024-08-09,Standard,20,Delivered
O004310,C00616,2024-10-12,Express,0,Cancelled
O004311,C01013,2024-07-08,Express,5,Delivered
O004312,C01422,2024-02-20,Standard,10,Delivered
O004313,C00438,2024-09-03,Standard,0,Delivered
O004314,C00105,2024-01-13,Express,5,Delivered
O004315,C00171,2024-08-29,Express,10,Delivered
O004316,C01296,2024-04-04,Standard,0,Delivered
O004317,C01281,2023-11-10,Standard,0,Delivered
O004318,C00723,2023-03-26,Express,5,Delivered
O004319,C00224,2024-10-10,Express,5,Delivered
O004320,C00784,2024-11-29,Standard,5,Delivered
O004321,C00973,2024-06-20,Standard,0,Delivered
O004322,C00493,2024-12-13,Standard,5,Delivered
O004323,C00131,2024-11-27,Express,0,Delivered
O004324,C00475,2023-07-10,Express,0,Delivered
O004325,C01013,2024-08-09,Express,5,Returned
O004326,C01473,2023-11-01,Standard,5,Delivered
O004327,C00286,2024-06-15,Standard,5,Delivered
O004328,C01388,2023-06-04,Express,0,Delivered
O004329,C00682,2024-12-18,Same Day,10,Delivered
O004330,C00962,2024-08-06,Express,0,Delivered
O004331,C01306,2023-09-10,Express,0,Delivered
O004332,C00834,2023-11-13,Same Day,15,Delivered
O004333,C00097,2023-12-11,Standard,30,Returned
O004334,C00400,2024-08-21,Standard,30,Delivered
O004335,C01202,2024-11-23,Standard,10,Delivered
O004336,C00829,2023-10-17,Standard,0,Delivered
O004337,C00489,2024-01-15,Express,15,Delivered
O004338,C00863,2024-04-25,Standard,10,Delivered
O004339,C00406,2024-04-05,Standard,30,Delivered
O004340,C00364,2024-02-10,Standard,5,Delivered
O004341,C01258,2023-08-02,Standard,5,Delivered
O004342,C00611,2023-06-15,Standard,0,Delivered
O004343,C00413,2023-11-28,Standard,0,Delivered
O004344,C00617,2024-11-19,Standard,10,Delivered
O004345,C01395,2023-11-01,Standard,30,Delivered
O004346,C00272,2023-11-16,Express,5,Delivered
O004347,C00280,2024-08-18,Express,0,Delivered
O004348,C00536,2024-12-04,Standard,5,Delivered
O004349,C00096,2024-01-04,Same Day,0,Cancelled
O004350,C00122,2023-06-23,Standard,30,Delivered
O004351,C00031,2024-07-08,Express,0,Delivered
O004352,C00221,2023-12-06,Express,0,Delivered
O004353,C00935,2024-06-26,Express,5,Delivered
O004354,C00294,2023-10-24,Standard,5,Delivered
O004355,C00574,2023-07-20,Standard,10,Returned
O004356,C01042,2023-10-29,Express,5,Delivered
O004357,C00049,2024-07-21,Express,20,Delivered
O004358,C00313,2023-11-24,Express,10,Delivered
O004359,C01499,2023-08-02,Standard,0,Delivered
O004360,C00875,2024-01-08,Same Day,0,Delivered
O004361,C00959,2024-08-24,Same Day,5,Delivered
O004362,C00768,2023-05-17,Express,5,Returned
O004363,C01456,2024-07-11,,5,Delivered
O004364,C00219,2024-06-22,Standard,0,Delivered
O004365,C00105,2024-01-13,Standard,0,Delivered
O004366,C01237,2024-12-16,Express,0,Delivered
O004367,C00011,2024-11-10,Express,10,Delivered
O004368,C00842,2024-02-14,Standard,10,Delivered
O004369,C00007,2023-01-31,Standard,0,Returned
O004370,C00520,2023-10-09,Express,5,Delivered
O004371,C00954,2024-01-15,Standard,20,Delivered
O004372,C00821,2024-03-18,Express,0,Delivered
O004373,C00841,2024-11-20,Same Day,0,Delivered
O004374,C00233,2024-10-30,Standard,5,Delivered
O004375,C00434,2023-10-08,Express,0,Delivered
O004376,C01050,2023-12-15,Standard,0,Delivered
O004377,C00042,2023-02-06,Standard,30,Delivered
O004378,C00874,2024-03-16,Same Day,15,Delivered
O004379,C00772,2023-09-09,Standard,10,Cancelled
O004380,C00515,2024-11-29,Standard,20,Delivered
O004381,C00496,2024-10-28,,0,Delivered
O004382,C01197,2023-07-28,Standard,20,Returned
O004383,C00576,2024-07-17,Standard,30,Delivered
O004384,C00124,2024-04-04,Standard,10,Delivered
O004385,C01451,2024-09-26,Standard,20,Delivered
O004386,C00206,2024-05-13,Standard,15,Returned
O004387,C01196,2024-03-05,Express,0,Delivered
O004388,C00036,2024-05-31,Standard,0,Delivered
O004389,C00552,2024-01-08,Standard,10,Delivered
O004390,C00767,2024-04-18,Express,10,Delivered
O004391,C00046,2023-07-27,Standard,5,Delivered
O004392,C01087,2024-07-05,Standard,0,Delivered
O004393,C00394,2024-10-10,Same Day,0,Delivered
O004394,C00807,2023-04-21,Express,0,Delivered
O004395,C01185,2023-11-28,Standard,5,Delivered
O004396,C00871,2024-08-11,Standard,0,Delivered
O004397,C00681,2023-06-11,Express,0,Delivered
O004398,C00497,2024-04-03,Express,30,Delivered
O004399,C00075,2024-06-25,Standard,5,Returned
O004400,C01388,2023-11-04,Standard,20,Delivered
O004401,C00873,2024-10-12,Standard,0,Delivered
O004402,C00922,2024-02-16,Same Day,5,Delivered
O004403,C00663,2024-05-21,Express,10,Delivered
O004404,C00562,2023-08-22,Standard,30,Delivered
O004405,C00077,2023-01-23,Standard,10,Returned
O004406,C00255,2023-02-21,Same Day,20,Delivered
O004407,C00647,2024-11-14,Standard,0,Delivered
O004408,C00365,2024-11-04,Express,0,Delivered
O004409,C00073,2024-09-30,Express,20,Delivered
O004410,C00817,2024-02-27,Same Day,5,Delivered
O004411,C00698,2024-02-29,Standard,0,Delivered
O004412,C00637,2024-09-22,Express,0,Delivered
O004413,C01168,2024-06-27,Standard,15,Delivered
O004414,C00879,2023-06-20,Same Day,0,Delivered
O004415,C00007,2024-11-10,Standard,5,Delivered
O004416,C01126,2024-03-25,Standard,0,Returned
O004417,C00726,2023-06-19,Standard,0,Delivered
O004418,C00772,2024-11-13,Express,5,Returned
O004419,C01343,2024-01-31,Standard,0,Delivered
O004420,C00170,2023-11-16,Standard,10,Delivered
O004421,C00879,2024-03-23,Express,0,Delivered
O004422,C00418,2024-12-22,Standard,15,Delivered
O004423,C00061,2023-05-01,Standard,5,Delivered
O004424,C00656,2024-08-27,Standard,0,Delivered
O004425,C00418,2023-10-24,Same Day,10,Delivered
O004426,C00007,2023-04-29,Express,5,Delivered
O004427,C00746,2024-02-09,Express,0,Delivered
O004428,C00453,2024-06-02,Express,0,Delivered
O004429,C00656,2024-02-03,Express,5,Delivered
O004430,C00032,2023-11-30,Standard,0,Delivered
O004431,C00614,2024-05-28,Standard,10,Delivered
O004432,C00716,2024-04-11,Express,5,Delivered
O004433,C00703,2024-08-04,Express,0,Delivered
O004434,C01063,2024-10-14,Standard,0,Cancelled
O004435,C01494,2023-12-03,Express,0,Delivered
O004436,C00046,2023-12-11,Standard,0,Delivered
O004437,C00604,2024-02-04,Standard,5,Delivered
O004438,C01295,2024-04-03,Standard,0,Delivered
O004439,C00913,2023-04-20,Same Day,5,Delivered
O004440,C01479,2023-12-16,Standard,0,Delivered
O004441,C01057,2023-06-19,Standard,30,Cancelled
O004442,C01072,2023-12-17,Standard,10,Cancelled
O004443,C00123,2024-12-17,Same Day,15,Delivered
O004444,C00416,2024-04-16,Standard,5,Delivered
O004445,C00865,2024-03-22,Standard,0,Delivered
O004446,C00778,2024-04-03,Same Day,5,Returned
O004447,C01128,2024-06-23,Express,5,Delivered
O004448,C01496,2024-02-28,Standard,10,Delivered
O004449,C00310,2023-12-27,Standard,20,Delivered
O004450,C00651,2024-07-18,Express,0,Returned
O004451,C01312,2023-03-04,Standard,0,Delivered
O004452,C01274,2024-03-12,Standard,10,Delivered
O004453,C01239,2024-03-18,Standard,0,Delivered
O004454,C00905,2024-08-27,Same Day,15,Delivered
O004455,C01496,2024-12-22,Express,10,Delivered
O004456,C00540,2024-09-22,Standard,15,Returned
O004457,C00181,2024-02-10,Standard,0,Delivered
O004458,C00208,2023-11-16,Standard,0,Delivered
O004459,C00656,2024-04-21,Same Day,10,Delivered
O004460,C01204,2024-10-13,Express,0,Delivered
O004461,C00680,2024-11-26,Standard,15,Delivered
O004462,C00895,2024-10-09,Express,5,Delivered
O004463,C00540,2023-07-05,Standard,5,Delivered
O004464,C01058,2024-07-27,Standard,0,Delivered
O004465,C00228,2024-11-03,Standard,10,Delivered
O004466,C00773,2024-07-02,Express,0,Cancelled
O004467,C00280,2024-07-06,Express,5,Delivered
O004468,C00709,2024-02-07,Standard,0,Delivered
O004469,C00652,2024-05-29,Standard,10,Delivered
O004470,C00888,2023-10-01,Express,15,Returned
O004471,C00763,2023-04-01,Standard,0,Delivered
O004472,C01470,2024-10-10,Standard,0,Delivered
O004473,C01365,2024-12-01,Express,10,Delivered
O004474,C00430,2024-10-23,Express,10,Delivered
O004475,C00190,2023-10-24,Standard,0,Delivered
O004476,C00099,2023-12-12,Standard,0,Returned
O004477,C00298,2024-02-12,Express,10,Delivered
O004478,C00335,2024-10-17,Standard,10,Delivered
O004479,C01340,2024-06-12,Express,5,Delivered
O004480,C01399,2024-12-14,Express,0,Delivered
O004481,C00346,2023-10-28,Express,10,Cancelled
O004482,C01123,2024-03-22,Standard,0,Delivered
O004483,C01272,2024-09-18,Express,10,Delivered
O004484,C00574,2023-08-14,Same Day,10,Delivered
O004485,C01319,2024-12-12,Express,5,Delivered
O004486,C01491,2024-04-24,Standard,0,Delivered
O004487,C01462,2024-04-22,Same Day,0,Delivered
O004488,C01094,2023-03-09,Standard,10,Delivered
O004489,C00562,2024-11-04,Standard,20,Delivered
O004490,C00341,2024-06-04,Standard,30,Cancelled
O004491,C01495,2024-09-01,Standard,15,Delivered
O004492,C00417,2024-09-14,Standard,10,Delivered
O004493,C00658,2023-12-10,Express,15,Delivered
O004494,C00397,2024-09-24,Standard,5,Delivered
O004495,C00749,2024-11-29,Standard,20,Delivered
O004496,C00172,2023-06-19,Express,5,Delivered
O004497,C01215,2024-09-01,Standard,10,Delivered
O004498,C00761,2023-10-09,Standard,0,Delivered
O004499,C00633,2023-10-17,Same Day,5,Cancelled
O004500,C00548,2023-12-05,Standard,0,Delivered
O004501,C00860,2024-10-27,Standard,5,Cancelled
O004502,C01160,2023-01-22,Standard,10,Delivered
O004503,C01376,2024-05-07,Express,20,Delivered
O004504,C01281,2024-07-02,Standard,15,Delivered
O004505,C00667,2023-04-22,Same Day,0,Delivered
O004506,C01270,2024-09-20,Express,10,Cancelled
O004507,C00788,2024-11-30,Express,5,Delivered
O004508,C00927,2023-04-03,Same Day,0,Delivered
O004509,C00986,2024-02-10,Standard,20,Delivered
O004510,C00610,2024-12-18,Express,0,Delivered
O004511,C00730,2023-07-13,Express,15,Delivered
O004512,C01013,2023-10-31,Express,0,Delivered
O004513,C00446,2024-12-06,Express,20,Delivered
O004514,C01102,2024-11-09,Standard,10,delivered
O004515,C00537,2024-06-12,Express,5,Delivered
O004516,C00867,2024-03-22,Express,0,Returned
O004517,C01273,2024-11-21,Express,0,Delivered
O004518,C00042,2024-06-12,Express,0,Delivered
O004519,C00360,2024-06-14,Standard,15,Delivered
O004520,C00842,2024-10-17,Same Day,10,Delivered
O004521,C00165,2024-06-10,Standard,0,Delivered
O004522,C00310,2024-02-10,Standard,5,Delivered
O004523,C01105,2023-11-22,,0,Delivered
O004524,C00042,2024-02-09,Standard,10,Returned
O004525,C00893,2024-02-26,Standard,0,Delivered
O004526,C00050,2023-11-07,Standard,15,Delivered
O004527,C00180,2024-04-07,Express,10,Delivered
O004528,C00591,2024-09-26,Same Day,0,Delivered
O004529,C01454,2024-05-15,Express,0,Delivered
O004530,C00817,2024-02-27,Standard,5,Delivered
O004531,C00453,2024-06-02,Same Day,20,Delivered
O004532,C00621,2023-08-12,Express,0,Returned
O004533,C00848,2024-09-21,Express,5,Delivered
O004534,C00905,2023-12-28,Standard,10,Delivered
O004535,C00406,2024-04-05,Express,0,Delivered
O004536,C00295,2024-10-02,Standard,0,Delivered
O004537,C00749,2023-01-19,Standard,5,Returned
O004538,C00947,2023-06-21,Standard,0,Delivered
O004539,C01239,2024-10-09,Express,10,Returned
O004540,C00873,2024-06-10,Standard,20,Delivered
O004541,C01013,2024-09-08,Standard,20,Delivered
O004542,C00726,2024-10-15,Express,5,Delivered
O004543,C00848,2024-11-30,Standard,0,Delivered
O004544,C00923,2023-03-06,Standard,5,Delivered
O004545,C00353,2024-09-24,Express,0,Delivered
O004546,C01407,2024-07-24,Same Day,10,Delivered
O004547,C00515,2023-12-30,Express,0,Delivered
O004548,C00888,2024-11-26,Express,0,Delivered
O004549,C00842,2024-02-14,Standard,0,Delivered
O004550,C01289,2024-11-07,Standard,0,Delivered
O004551,C00175,2024-05-04,Standard,10,Delivered
O004552,C01333,2024-03-01,Same Day,30,Delivered
O004553,C00210,2023-07-31,Standard,10,Delivered
O004554,C00219,2024-11-18,Standard,0,Delivered
O004555,C01306,2024-03-26,Express,5,Delivered
O004556,C00389,2023-01-07,Standard,10,Delivered
O004557,C00895,2023-09-22,Standard,15,Delivered
O004558,C00697,2024-09-10,Express,10,Delivered
O004559,C01407,2024-06-07,Standard,0,Returned
O004560,C01163,2024-04-29,Same Day,10,Delivered
O004561,C00496,2024-07-02,Standard,0,Delivered
O004562,C01229,2024-04-04,Standard,5,Delivered
O004563,C00340,2024-04-05,Standard,30,Delivered
O004564,C00897,2023-08-19,Standard,20,Delivered
O004565,C01109,2024-12-03,Standard,0,Delivered
O004566,C01033,2024-10-25,Standard,10,Delivered
O004567,C00956,2024-03-29,Standard,0,Delivered
O004568,C01259,2024-03-03,Standard,0,Delivered
O004569,C00834,2024-02-07,Standard,15,Delivered
O004570,C01403,2024-12-10,Standard,15,Delivered
O004571,C00219,2023-11-24,Standard,0,Delivered
O004572,C00538,2024-05-06,Standard,15,Delivered
O004573,C01163,2024-11-25,Standard,0,Delivered
O004574,C00447,2023-06-10,Same Day,5,Delivered
O004575,C00666,2024-03-21,Standard,30,Delivered
O004576,C01151,2023-06-23,Express,15,Delivered
O004577,C00805,2024-05-14,Standard,10,Delivered
O004578,C00280,2023-11-10,Standard,5,Delivered
O004579,C00265,2024-12-14,Standard,10,Returned
O004580,C00438,2023-12-07,Standard,30,Delivered
O004581,C00441,2024-01-23,Express,0,Delivered
O004582,C00210,2024-10-13,Express,0,Delivered
O004583,C01270,2024-10-06,Standard,5,Delivered
O004584,C00418,2024-07-13,Standard,5,Delivered
O004585,C01201,2024-08-22,Express,0,Delivered
O004586,C01468,2023-09-08,Express,10,Delivered
O004587,C00493,2024-06-01,Standard,0,Delivered
O004588,C01464,2024-03-27,Standard,30,Delivered
O004589,C00288,2023-07-12,Standard,0,Delivered
O004590,C00949,2024-11-26,Standard,15,Delivered
O004591,C01494,2024-08-15,Standard,30,Delivered
O004592,C01214,2023-08-11,Standard,5,Delivered
O004593,C00343,2023-08-16,Standard,0,Delivered
O004594,C00389,2024-12-04,Standard,20,Delivered
O004595,C00397,2023-05-24,Standard,5,Delivered
O004596,C01416,2023-09-02,Standard,5,Delivered
O004597,C00370,2023-06-29,Express,0,Delivered
O004598,C00763,2023-01-08,Standard,0,Returned
O004599,C00522,2023-10-12,Standard,10,Delivered
O004600,C00546,2024-12-18,Standard,10,Delivered
O004601,C00617,2023-10-28,Standard,30,Delivered
O004602,C00515,2024-02-10,Standard,10,Delivered
O004603,C00879,2024-08-20,Standard,0,Delivered
O004604,C00647,2024-03-21,Standard,10,Delivered
O004605,C00664,2024-08-18,Standard,0,Delivered
O004606,C00762,2024-06-17,Standard,0,Delivered
O004607,C00540,2024-05-07,Standard,5,Delivered
O004608,C01116,2024-06-07,Standard,0,Delivered
O004609,C00759,2024-09-24,Same Day,0,Cancelled
O004610,C00763,2024-07-25,Standard,0,Delivered
O004611,C00313,2024-09-20,Express,0,Delivered
O004612,C00048,2023-05-29,Standard,15,Delivered
O004613,C01215,2024-06-30,Same Day,5,Delivered
O004614,C01291,2024-08-14,Standard,20,Delivered
O004615,C00364,2023-10-04,Standard,20,Delivered
O004616,C00545,2024-11-01,Express,15,Delivered
O004617,C00540,2023-10-07,Standard,0,Delivered
O004618,C01007,2023-08-22,Same Day,0,Delivered
O004619,C00280,2024-10-28,Standard,5,Delivered
O004620,C01473,2023-08-25,Express,5,Delivered
O004621,C00098,2024-04-06,Same Day,0,Delivered
O004622,C01468,2023-11-11,Standard,0,Delivered
O004623,C00110,2024-11-11,Express,10,Delivered
O004624,C00466,2024-01-01,Standard,10,Delivered
O004625,C00378,2024-07-13,Express,5,Returned
O004626,C00392,2024-09-21,Standard,0,Delivered
O004627,C01498,2024-05-22,Standard,10,Delivered
O004628,C00688,2024-12-01,Standard,10,Delivered
O004629,C00189,2024-09-27,Standard,10,Returned
O004630,C01477,2024-05-13,Express,15,Delivered
O004631,C00367,2024-12-05,Standard,10,Delivered
O004632,C00120,2024-02-28,Standard,5,Returned
O004633,C00042,2023-01-23,Standard,0,Delivered
O004634,C00696,2023-09-05,Express,0,Delivered
O004635,C01394,2024-05-17,Standard,5,Delivered
O004636,C00037,2023-06-09,Standard,15,Delivered
O004637,C01073,2024-04-17,Same Day,10,Delivered
O004638,C00394,2023-11-08,Same Day,10,Delivered
O004639,C00334,2024-03-08,Standard,0,Delivered
O004640,C01034,2023-07-03,Standard,10,Delivered
O004641,C01102,2024-10-20,Standard,0,Delivered
O004642,C00840,2024-02-05,Standard,0,Delivered
O004643,C00303,2023-05-20,Standard,10,Returned
O004644,C00020,2023-12-21,Same Day,0,Delivered
O004645,C01090,2024-01-26,Standard,0,Delivered
O004646,C00879,2024-05-29,Standard,0,Returned
O004647,C00638,2024-02-28,Standard,0,Delivered
O004648,C00321,2023-11-30,Express,5,Delivered
O004649,C01126,2024-10-30,Express,10,Delivered
O004650,C00116,2024-01-02,Standard,0,Cancelled
O004651,C00940,2024-05-20,Express,0,Delivered
O004652,C01012,2024-09-07,Express,5,Delivered
O004653,C00336,2024-06-16,Express,0,Delivered
O004654,C00726,2024-06-07,Standard,15,Delivered
O004655,C00773,2024-05-18,Standard,15,Delivered
O004656,C00871,2023-12-04,Express,10,Delivered
O004657,C01367,2024-03-09,Standard,10,Delivered
O004658,C00819,2023-10-14,Standard,10,Delivered
O004659,C00105,2024-01-13,Express,5,Returned
O004660,C00515,2024-12-25,Express,10,Delivered
O004661,C00915,2024-06-17,Standard,5,Delivered
O004662,C00494,2023-12-09,Standard,5,Delivered
O004663,C01139,2023-08-05,Standard,15,Delivered
O004664,C00286,2024-08-19,Standard,15,Delivered
O004665,C00218,2023-09-05,Standard,5,Delivered
O004666,C00348,2024-06-05,Standard,20,Delivered
O004667,C01321,2023-06-02,Standard,5,Delivered
O004668,C00997,2024-08-08,Standard,5,Delivered
O004669,C00773,2024-06-02,Same Day,5,Returned
O004670,C00438,2023-03-13,Standard,15,Delivered
O004671,C01394,2023-04-27,Standard,30,Delivered
O004672,C01341,2024-05-26,Standard,10,Delivered
O004673,C00610,2024-04-07,Standard,0,Delivered
O004674,C01113,2024-07-06,Standard,5,Delivered
O004675,C01388,2023-06-25,Express,0,Returned
O004676,C00453,2024-08-06,Express,10,Delivered
O004677,C00488,2024-11-28,Standard,30,Delivered
O004678,C00817,2024-05-01,Standard,15,Delivered
O004679,C00617,2023-07-12,Standard,5,Delivered
O004680,C01126,2024-07-01,Standard,0,Delivered
O004681,C00799,2023-10-29,Standard,5,Delivered
O004682,C00314,2023-02-20,Standard,0,Delivered
O004683,C00540,2023-10-06,Standard,30,Cancelled
O004684,C00977,2024-11-15,Standard,0,Delivered
O004685,C00087,2023-12-04,Express,15,Delivered
O004686,C00507,2024-10-27,Standard,5,Delivered
O004687,C00036,2024-02-14,Same Day,10,Delivered
O004688,C01244,2024-02-22,Standard,20,Delivered
O004689,C00182,2024-02-27,Express,10,Delivered
O004690,C00123,2024-05-29,Express,10,Delivered
O004691,C01175,2023-04-19,Express,0,delivered
O004692,C00140,2024-01-20,Express,0,Delivered
O004693,C01007,2023-09-05,Standard,5,Delivered
O004694,C00574,2023-11-24,Standard,5,Delivered
O004695,C01246,2024-03-10,Same Day,10,Delivered
O004696,C00276,2023-01-15,Standard,5,Delivered
O004697,C00134,2023-09-24,Express,0,Delivered
O004698,C00343,2024-12-26,Express,15,Delivered
O004699,C01405,2023-02-28,Standard,15,Delivered
O004700,C01259,2023-10-15,Express,30,Returned
O004701,C00425,2024-05-23,Standard,0,Returned
O004702,C00310,2023-11-17,Standard,0,Returned
O004703,C00230,2024-07-05,Express,0,Delivered
O004704,C00335,2023-08-26,Express,20,Delivered
O004705,C00310,2024-01-05,Standard,10,Delivered
O004706,C01339,2024-06-04,Standard,20,Delivered
O004707,C00037,2023-10-17,Express,20,Delivered
O004708,C01325,2024-12-04,Express,0,Delivered
O004709,C00071,2024-12-21,Express,5,Delivered
O004710,C01254,2024-03-07,Standard,5,Delivered
O004711,C00648,2023-12-23,Standard,5,Delivered
O004712,C00123,2023-12-24,Standard,30,Returned
O004713,C01197,2023-07-03,Standard,0,Delivered
O004714,C00385,2024-01-30,Express,15,Delivered
O004715,C01322,2024-04-01,Standard,0,Delivered
O004716,C01110,2023-12-13,Standard,10,Delivered
O004717,C01477,2024-05-13,Express,0,Delivered
O004718,C01263,2023-11-10,Standard,5,Delivered
O004719,C00364,2024-12-27,Express,10,Delivered
O004720,C00617,2024-11-22,Standard,5,Returned
O004721,C01018,2023-09-06,Standard,30,Delivered
O004722,C00463,2024-06-13,Express,10,Returned
O004723,C00819,2024-01-02,Express,0,Delivered
O004724,C00356,2024-07-08,Express,5,Delivered
O004725,C00961,2024-04-28,Standard,0,Delivered
O004726,C00506,2024-11-07,Standard,0,Delivered
O004727,C00088,2023-03-10,Express,0,Delivered
O004728,C01462,2024-04-22,Standard,0,Delivered
O004729,C01281,2024-12-24,Standard,20,Delivered
O004730,C00442,2023-06-29,Standard,30,Delivered
O004731,C00206,2024-05-13,Standard,0,Delivered
O004732,C01088,2024-08-08,Standard,15,Delivered
O004733,C00335,2024-09-10,Same Day,0,Delivered
O004734,C00889,2024-06-25,Standard,5,Delivered
O004735,C01157,2024-09-09,Standard,0,Delivered
O004736,C00410,2024-07-12,Express,0,Cancelled
O004737,C00421,2023-07-19,Same Day,5,Delivered
O004738,C00098,2024-05-07,Express,10,Delivered
O004739,C00472,2024-09-10,Express,5,Delivered
O004740,C00875,2024-10-28,Same Day,15,Cancelled
O004741,C00230,2023-08-24,Standard,0,Delivered
O004742,C01431,2024-03-19,Express,10,Delivered
O004743,C01069,2024-09-13,Standard,0,Delivered
O004744,C00308,2023-09-02,Standard,0,Delivered
O004745,C00788,2023-02-01,Standard,0,Delivered
O004746,C00594,2024-10-08,Standard,0,Cancelled
O004747,C00577,2024-02-12,Express,15,Delivered
O004748,C00841,2023-10-19,Express,5,Delivered
O004749,C00167,2023-01-12,Standard,10,Delivered
O004750,C00323,2023-02-05,Express,0,Delivered
O004751,C00224,2024-09-20,Express,0,Delivered
O004752,C00262,2024-01-29,,5,Delivered
O004753,C00955,2023-05-29,Express,0,Delivered
O004754,C01499,2023-11-06,Standard,0,Delivered
O004755,C00954,2024-01-15,Standard,0,Delivered
O004756,C01483,2023-04-24,Standard,20,Delivered
O004757,C00857,2023-09-17,Same Day,5,Delivered
O004758,C00418,2024-03-20,Standard,0,Delivered
O004759,C01319,2023-07-24,Standard,5,Delivered
O004760,C00105,2024-01-13,Standard,20,Delivered
O004761,C00158,2024-01-19,Express,0,Cancelled
O004762,C01422,2024-02-20,Same Day,0,Delivered
O004763,C00953,2023-12-27,Standard,30,Delivered
O004764,C01404,2023-02-08,Express,15,Delivered
O004765,C00208,2023-11-16,Express,5,Delivered
O004766,C01143,2024-06-17,Standard,0,Delivered
O004767,C00353,2024-08-01,Standard,0,Delivered
O004768,C00515,2023-12-30,Standard,15,Delivered
O004769,C01362,2024-09-16,Express,10,Delivered
O004770,C00621,2024-07-29,Standard,5,Delivered
O004771,C00977,2023-12-13,Standard,0,Delivered
O004772,C01338,2023-01-27,Same Day,0,Delivered
O004773,C01319,2023-07-11,Same Day,10,Delivered
O004774,C00026,2023-11-17,Standard,10,Delivered
O004775,C00235,2024-03-05,Express,5,Delivered
O004776,C01394,2023-02-09,Same Day,10,Delivered
O004777,C00845,2024-09-27,Standard,15,Delivered
O004778,C00724,2024-01-31,Express,10,Delivered
O004779,C00102,2024-08-07,Standard,0,Delivered
O004780,C00042,2024-08-23,Express,30,Delivered
O004781,C01432,2024-02-13,Standard,0,Delivered
O004782,C00721,2024-11-23,Express,10,Delivered
O004783,C01174,2024-12-26,Standard,0,Delivered
O004784,C00334,2023-11-06,Standard,10,Delivered
O004785,C00354,2024-02-20,Express,10,Delivered
O004786,C00841,2023-11-08,Standard,0,Delivered
O004787,C01321,2023-08-05,Same Day,5,Delivered
O004788,C00426,2024-03-05,Standard,5,Delivered
O004789,C00488,2023-11-16,Standard,5,Delivered
O004790,C00827,2024-01-21,Express,0,Delivered
O004791,C00069,2024-09-01,Standard,0,Delivered
O004792,C00574,2023-09-16,Express,30,Delivered
O004793,C00834,2024-03-10,Standard,0,delivered
O004794,C00014,2023-10-24,Standard,5,Delivered
O004795,C00926,2024-09-15,Express,0,Delivered
O004796,C00080,2024-05-30,Standard,15,Delivered
O004797,C01068,2023-01-09,Standard,10,Delivered
O004798,C01201,2024-06-16,Standard,10,Delivered
O004799,C01274,2024-01-10,Same Day,10,Delivered
O004800,C00982,2024-08-05,Standard,5,Delivered
O004801,C00842,2024-04-04,Standard,30,Delivered
O004802,C00446,2023-11-28,Standard,10,Delivered
O004803,C00645,2024-07-13,Express,10,Delivered
O004804,C00138,2024-10-23,Standard,10,Cancelled
O004805,C01048,2024-09-11,Standard,5,Delivered
O004806,C00042,2024-03-17,Express,10,Delivered
O004807,C00625,2024-08-04,Same Day,10,Delivered
O004808,C00762,2023-12-06,Express,20,Delivered
O004809,C00951,2024-09-18,Standard,30,Delivered
O004810,C00514,2024-10-10,Standard,5,Delivered
O004811,C00666,2023-05-17,Standard,10,Delivered
O004812,C00868,2023-08-18,Standard,0,Returned
O004813,C01398,2023-09-12,Express,15,Delivered
O004814,C00978,2023-06-13,Standard,10,Delivered
O004815,C00383,2023-11-24,Standard,20,Delivered
O004816,C01285,2023-07-09,Standard,10,Delivered
O004817,C00088,2024-04-27,Express,10,Delivered
O004818,C00410,2024-04-15,Standard,0,Returned
O004819,C00167,2023-09-12,Express,10,Delivered
O004820,C00673,2024-06-20,Standard,5,Delivered
O004821,C00925,2023-11-27,Standard,5,Delivered
O004822,C00789,2023-12-10,Same Day,0,Delivered
O004823,C01221,2024-09-24,Standard,0,Delivered
O004824,C00848,2024-12-23,Express,15,Delivered
O004825,C00352,2024-04-02,Express,10,Delivered
O004826,C00797,2023-03-22,Same Day,0,Delivered
O004827,C01089,2023-04-15,Standard,15,Delivered
O004828,C00759,2024-12-15,Standard,0,Delivered
O004829,C00665,2024-07-01,Standard,0,Cancelled
O004830,C00788,2024-08-24,Express,0,Delivered
O004831,C00822,2024-06-28,Standard,0,Delivered
O004832,C00453,2024-06-02,Standard,15,Returned
O004833,C01289,2023-12-27,Same Day,10,Delivered
O004834,C00310,2024-09-24,Standard,10,Delivered
O004835,C00049,2024-10-28,Standard,10,Delivered
O004836,C01093,2023-08-17,Express,5,Delivered
O004837,C01281,2024-04-27,Standard,10,Delivered
O004838,C00940,2024-05-20,Standard,10,Delivered
O004839,C00709,2024-12-09,Standard,5,Delivered
O004840,C01470,2023-08-29,Standard,5,Delivered
O004841,C00561,2024-08-06,Standard,0,Delivered
O004842,C00616,2023-08-12,Express,0,Delivered
O004843,C00871,2024-05-13,Standard,0,Delivered
O004844,C00652,2024-06-15,Standard,10,Returned
O004845,C00832,2023-10-20,Same Day,0,Delivered
O004846,C01458,2024-10-05,Express,10,Delivered
O004847,C00355,2024-11-06,Standard,5,Delivered
O004848,C00224,2024-10-23,Same Day,5,Delivered
O004849,C00644,2023-10-22,Standard,10,Delivered
O004850,C00760,2024-08-19,Standard,0,Delivered
O004851,C01057,2024-03-28,Same Day,30,Delivered
O004852,C01434,2024-04-24,Standard,0,Delivered
O004853,C01012,2024-01-19,Standard,15,Delivered
O004854,C01489,2024-05-01,Express,0,Delivered
O004855,C00371,2024-06-10,Standard,5,Delivered
O004856,C00313,2023-12-02,Standard,5,Delivered
O004857,C00442,2023-06-24,Express,0,Delivered
O004858,C01176,2023-09-20,Standard,0,Delivered
O004859,C00280,2023-05-09,Standard,5,Delivered
O004860,C00294,2023-10-24,Standard,15,Delivered
O004861,C00622,2024-09-13,Standard,5,Delivered
O004862,C00466,2024-03-20,Standard,0,Delivered
O004863,C00949,2023-01-24,Express,0,Delivered
O004864,C01344,2024-09-17,Standard,30,Cancelled
O004865,C00212,2024-11-16,Express,0,Delivered
O004866,C00821,2024-11-03,Standard,10,Delivered
O004867,C00140,2024-10-07,Standard,0,Returned
O004868,C00335,2024-12-27,Same Day,5,Delivered
O004869,C00450,2024-04-19,Standard,5,Delivered
O004870,C00860,2024-12-12,Standard,30,Delivered
O004871,C00831,2024-12-04,Same Day,10,Delivered
O004872,C00940,2024-05-20,Standard,0,Delivered
O004873,C01241,2024-10-27,Standard,10,Delivered
O004874,C00280,2024-09-20,Standard,0,Delivered
O004875,C01096,2024-09-09,Express,20,Delivered
O004876,C00970,2024-11-10,Standard,0,Delivered
O004877,C00124,2023-11-19,Express,20,Delivered
O004878,C00515,2023-12-30,Express,15,Delivered
O004879,C00045,2024-05-31,Express,0,Returned
O004880,C00140,2024-08-14,Standard,30,Delivered
O004881,C00418,2024-11-03,Standard,30,Delivered
O004882,C00367,2024-11-01,Express,15,Delivered
O004883,C01364,2024-08-03,Same Day,5,Delivered
O004884,C01353,2024-12-09,Standard,10,Delivered
O004885,C00858,2024-04-11,Standard,0,Delivered
O004886,C01087,2024-12-05,Express,20,Returned
O004887,C01500,2023-03-07,Express,0,Cancelled
O004888,C00619,2024-03-25,Same Day,10,Delivered
O004889,C00778,2023-04-02,Express,15,Delivered
O004890,C00954,2024-04-04,Standard,30,Delivered
O004891,C01395,2023-11-22,Express,15,Delivered
O004892,C01195,2023-10-31,Express,15,Delivered
O004893,C00099,2024-06-06,Standard,10,Delivered
O004894,C01057,2024-08-09,Standard,10,Delivered
O004895,C00379,2023-06-21,Standard,0,Delivered
O004896,C00383,2024-07-13,Standard,30,Delivered
O004897,C00821,2023-12-12,Express,5,Delivered
O004898,C01018,2023-09-06,Standard,15,Delivered
O004899,C00236,2023-08-29,Express,5,Delivered
O004900,C00458,2024-04-30,Standard,5,Delivered
O004901,C01063,2024-09-11,Standard,5,Delivered
O004902,C00226,2024-04-28,Standard,30,Delivered
O004903,C01287,2024-10-01,Standard,0,Delivered
O004904,C00681,2024-04-23,Express,5,Delivered
O004905,C00867,2024-09-23,Standard,0,Delivered
O004906,C00126,2024-12-19,Express,5,Delivered
O004907,C01434,2023-11-23,Same Day,5,Returned
O004908,C01381,2023-09-10,Standard,0,Returned
O004909,C00286,2024-06-15,Standard,10,Delivered
O004910,C00962,2024-04-28,Express,15,Returned
O004911,C01189,2024-03-18,Standard,15,Delivered
O004912,C00191,2024-03-22,Standard,10,Delivered
O004913,C00857,2024-11-04,Express,0,Delivered
O004914,C01287,2024-12-08,Standard,10,Delivered
O004915,C00762,2023-08-30,Express,10,Delivered
O004916,C01398,2023-07-22,Standard,15,Delivered
O004917,C00079,2023-07-28,Express,10,Delivered
O004918,C01394,2023-11-21,Express,10,Delivered
O004919,C01471,2024-10-22,Standard,10,Delivered
O004920,C00230,2024-04-27,Standard,15,Delivered
O004921,C00652,2024-02-02,Standard,10,Delivered
O004922,C00905,2024-01-15,Standard,0,Delivered
O004923,C01351,2023-12-07,Express,15,Delivered
O004924,C00236,2023-12-01,Express,10,Delivered
O004925,C00494,2023-11-29,Express,10,Delivered
O004926,C01197,2024-06-06,Express,0,Delivered
O004927,C00619,2024-03-20,Standard,0,Delivered
O004928,C00889,2024-11-01,Standard,15,Delivered
O004929,C00841,2023-01-17,Express,0,Delivered
O004930,C01467,2024-09-08,Standard,5,Cancelled
O004931,C00218,2023-01-23,Standard,5,Delivered
O004932,C01423,2023-10-07,Standard,0,Delivered
O004933,C00845,2024-11-03,Standard,10,Delivered
O004934,C01378,2024-07-10,Express,0,Cancelled
O004935,C00183,2023-06-19,Standard,0,Cancelled
O004936,C00937,2024-01-30,Express,30,Delivered
O004937,C01277,2024-08-03,Same Day,10,Delivered
O004938,C01176,2024-11-28,Same Day,30,Delivered
O004939,C00029,2024-05-27,Express,5,Delivered
O004940,C00680,2023-04-14,Express,15,Delivered
O004941,C00177,2024-02-06,Standard,0,Delivered
O004942,C00228,2023-08-14,Express,0,Delivered
O004943,C01046,2023-02-18,Express,0,Delivered
O004944,C01435,2024-04-29,Same Day,0,Delivered
O004945,C00923,2024-09-10,Standard,30,Delivered
O004946,C00158,2023-07-02,Standard,5,Delivered
O004947,C00368,2024-09-14,Express,10,Delivered
O004948,C00574,2024-07-22,Express,5,Delivered
O004949,C00197,2024-08-24,Standard,0,Delivered
O004950,C01285,2023-08-23,Standard,20,Delivered
O004951,C00294,2023-11-24,Standard,10,Delivered
O004952,C00206,2024-05-13,Express,0,Delivered
O004953,C01076,2023-08-18,Same Day,5,Delivered
O004954,C00197,2023-10-06,Express,0,Delivered
O004955,C00619,2023-10-15,Express,10,Delivered
O004956,C00768,2023-06-22,Standard,5,Delivered
O004957,C00126,2023-07-05,Standard,20,Delivered
O004958,C00833,2024-11-13,Standard,20,Delivered
O004959,C00724,2024-09-14,Standard,0,Delivered
O004960,C00973,2023-10-29,Express,0,Delivered
O004961,C00334,2024-12-04,Express,20,Delivered
O004962,C00540,2023-08-18,Standard,5,Delivered
O004963,C00959,2023-12-01,Standard,5,Delivered
O004964,C00057,2024-10-03,Same Day,10,Delivered
O004965,C00179,2023-12-24,Standard,5,Delivered
O004966,C00418,2023-08-15,Standard,10,Cancelled
O004967,C00165,2023-11-11,Express,20,Delivered
O004968,C00067,2024-02-07,Express,10,Delivered
O004969,C01489,2024-05-16,Standard,0,Delivered
O004970,C00681,2023-11-30,Standard,0,Delivered
O004971,C00796,2023-12-17,Standard,30,Delivered
O004972,C00383,2023-09-08,Standard,10,Delivered
O004973,C00025,2024-03-08,Standard,10,Delivered
O004974,C01106,2023-08-02,Standard,0,Delivered
O004975,C01072,2024-10-29,Standard,20,Delivered
O004976,C01466,2024-08-21,Standard,5,Delivered
O004977,C00038,2023-12-03,Express,30,Delivered
O004978,C00210,2024-08-21,Standard,0,Delivered
O004979,C01055,2024-04-19,Standard,0,Cancelled
O004980,C00489,2023-10-29,Standard,0,Delivered
O004981,C00098,2024-04-06,Standard,5,Delivered
O004982,C00438,2024-01-13,Express,30,Delivered
O004983,C00140,2024-08-22,Standard,5,Returned
O004984,C01273,2024-12-12,Same Day,15,Delivered
O004985,C01321,2023-11-17,Express,15,Delivered
O004986,C00925,2023-11-02,Standard,0,Delivered
O004987,C00584,2024-05-08,Same Day,10,Delivered
O004988,C01147,2024-03-11,Standard,15,Delivered
O004989,C00922,2023-05-21,Standard,10,Delivered
O004990,C01185,2024-12-11,Standard,0,Delivered
O004991,C00763,2024-10-01,Express,15,Delivered
O004992,C01441,2024-12-09,Express,10,Delivered
O004993,C00426,2023-12-13,Express,30,Returned
O004994,C00886,2023-01-18,Same Day,10,Delivered
O004995,C01213,2023-12-20,Same Day,5,Delivered
O004996,C01353,2024-11-27,Standard,5,Delivered
O004997,C01420,2023-10-23,Same Day,20,Delivered
O004998,C00600,2023-04-29,Standard,30,Delivered
O004999,C01024,2023-09-29,Same Day,5,Delivered
O005000,C00426,2024-09-02,Standard,0,Delivered
O005001,C00951,2024-09-16,,0,Delivered
O005002,C00277,2024-07-14,Standard,0,Delivered
O005003,C00637,2023-02-24,Standard,0,Delivered
O005004,C01395,2024-08-04,Express,5,Delivered
O005005,C01221,2023-12-28,Standard,0,Delivered
O005006,C00749,2023-06-05,Standard,5,Returned
O005007,C00223,2023-10-02,Same Day,20,Delivered
O005008,C00609,2024-02-08,Express,0,Delivered
O005009,C00212,2023-10-21,Express,10,Delivered
O005010,C00109,2024-12-15,Same Day,0,Delivered
O005011,C01380,2024-01-17,Standard,10,Cancelled
O005012,C00744,2023-11-13,Standard,20,Delivered
O005013,C00140,2024-06-26,Standard,0,Delivered
O005014,C01063,2024-06-08,Standard,15,Delivered
O005015,C00122,2023-06-23,Standard,0,Delivered
O005016,C00604,2024-05-14,Express,5,Delivered
O005017,C00344,2023-08-28,Standard,0,Returned
O005018,C00246,2023-11-15,Express,5,Delivered
O005019,C00796,2024-07-22,Express,0,Delivered
O005020,C01068,2024-03-27,Standard,10,Delivered
O005021,C00730,2023-11-11,Standard,0,Delivered
O005022,C01243,2023-06-14,Standard,15,Delivered
O005023,C01391,2024-06-10,Express,0,Delivered
O005024,C01207,2024-06-07,Standard,0,Returned
O005025,C01435,2024-11-18,Express,5,Delivered
O005026,C01404,2024-03-07,Standard,10,Delivered
O005027,C01266,2024-10-28,Express,20,Delivered
O005028,C00428,2023-11-22,Standard,15,Delivered
O005029,C00262,2024-10-10,Standard,5,Delivered
O005030,C01077,2024-01-01,Standard,30,Returned
O005031,C01281,2023-10-03,Express,0,Delivered
O005032,C01248,2024-01-22,Standard,30,Delivered
O005033,C00941,2024-01-05,Express,5,Cancelled
O005034,C01259,2024-11-20,Standard,0,Delivered
O005035,C01048,2024-07-30,Same Day,5,Returned
O005036,C00969,2024-05-20,Same Day,10,Delivered
O005037,C00077,2024-03-06,Standard,5,Delivered
O005038,C00693,2024-04-06,Standard,0,Delivered
O005039,C00050,2024-05-30,Standard,5,Delivered
O005040,C00144,2024-10-09,Standard,5,Delivered
O005041,C00807,2024-04-28,Standard,10,Delivered
O005042,C00077,2024-08-22,Standard,30,Delivered
O005043,C01388,2023-09-21,Express,30,Delivered
O005044,C00677,2024-12-19,Standard,5,Delivered
O005045,C01024,2023-09-29,Same Day,10,Delivered
O005046,C00224,2023-11-21,Standard,10,Delivered
O005047,C01285,2024-11-04,Standard,15,Delivered
O005048,C00724,2023-06-27,Standard,10,Delivered
O005049,C00839,2023-05-21,Same Day,10,Delivered
O005050,C00950,2023-11-10,Express,5,Delivered
O005051,C00805,2023-12-15,Standard,15,Delivered
O005052,C00845,2024-11-27,Express,10,Delivered
O005053,C01096,2024-10-14,Standard,0,Delivered
O005054,C01206,2024-01-08,Standard,10,Delivered
O005055,C00442,2024-12-17,Standard,0,Delivered
O005056,C01396,2024-06-02,Express,0,Delivered
O005057,C00536,2024-10-31,Standard,10,Delivered
O005058,C00410,2024-04-15,Standard,10,Delivered
O005059,C00453,2024-06-02,Standard,30,Returned
O005060,C00543,2023-01-30,Same Day,30,Delivered
O005061,C00466,2023-04-12,Same Day,5,Cancelled
O005062,C01281,2024-07-21,Standard,0,Cancelled
O005063,C00842,2024-02-14,Express,0,Delivered
O005064,C01461,2024-03-19,Express,30,Delivered
O005065,C00134,2024-07-14,Same Day,5,Delivered
O005066,C00896,2023-11-12,Standard,0,Delivered
O005067,C00152,2024-03-27,Standard,10,Delivered
O005068,C00688,2024-07-05,Standard,0,Delivered
O005069,C00577,2024-11-08,Express,10,Delivered
O005070,C00997,2023-10-04,Standard,20,Delivered
O005071,C01097,2024-12-18,Standard,10,Delivered
O005072,C00356,2024-10-18,Express,5,Delivered
O005073,C00294,2024-06-08,Express,0,Delivered
O005074,C00633,2023-11-23,Standard,0,Delivered
O005075,C00366,2024-07-26,Standard,0,Delivered
O005076,C00991,2024-10-04,Standard,5,Delivered
O005077,C00773,2024-05-18,Standard,0,Delivered
O005078,C01254,2024-12-28,Standard,10,Delivered
O005079,C01477,2024-11-16,Standard,5,Delivered
O005080,C00574,2024-01-25,Standard,5,Delivered
O005081,C01388,2024-08-04,Same Day,0,Delivered
O005082,C01155,2024-02-28,Standard,5,Delivered
O005083,C00224,2024-08-30,Standard,10,Returned
O005084,C01272,2024-10-09,Standard,0,Delivered
O005085,C00726,2023-06-11,Express,5,Delivered
O005086,C01049,2023-12-21,Standard,10,Delivered
O005087,C01033,2024-04-04,Standard,10,Delivered
O005088,C01335,2024-11-20,,20,Delivered
O005089,C01126,2024-03-25,Standard,15,Delivered
O005090,C01251,2024-11-07,Standard,10,Delivered
O005091,C00473,2024-01-07,Express,15,Delivered
O005092,C01467,2023-09-27,Standard,20,Delivered
O005093,C00959,2024-11-12,Express,15,Delivered
O005094,C01152,2024-03-29,Standard,10,Delivered
O005095,C01298,2023-11-07,Express,15,Delivered
O005096,C00196,2023-02-14,Same Day,0,Delivered
O005097,C00497,2023-07-06,Standard,30,Returned
O005098,C01272,2023-05-19,Express,0,Delivered
O005099,C01396,2023-11-09,Standard,0,Delivered
O005100,C01120,2024-05-06,Express,0,Delivered
O005101,C00726,2023-10-09,Standard,15,delivered
O005102,C00378,2023-03-09,Same Day,5,Delivered
O005103,C00783,2023-09-08,Standard,10,Delivered
O005104,C00606,2023-12-02,Standard,5,Delivered
O005105,C01335,2024-12-27,Standard,5,Delivered
O005106,C00848,2023-11-24,Standard,20,Returned
O005107,C00596,2023-04-01,Express,5,Delivered
O005108,C00751,2024-04-15,Express,10,Delivered
O005109,C01407,2024-11-21,Standard,15,Delivered
O005110,C00895,2024-09-16,Express,0,Delivered
O005111,C00343,2024-10-14,Standard,5,Delivered
O005112,C00755,2024-11-24,Express,0,Delivered
O005113,C00703,2024-05-28,Standard,5,Delivered
O005114,C00453,2024-12-29,Standard,15,Delivered
O005115,C01089,2023-02-02,Standard,0,Delivered
O005116,C00406,2024-10-13,Standard,0,Delivered
O005117,C00746,2024-10-24,Express,10,Delivered
O005118,C00664,2024-11-19,Same Day,10,Delivered
O005119,C00703,2024-01-19,Standard,5,Delivered
O005120,C00848,2024-09-17,Standard,5,Delivered
O005121,C01007,2023-07-11,Standard,0,Delivered
O005122,C00218,2024-05-03,Express,0,Returned
O005123,C00426,2023-12-13,Standard,5,Delivered
O005124,C01151,2024-04-27,Express,10,Delivered
O005125,C01382,2024-06-28,Express,15,Delivered
O005126,C00075,2024-03-31,Standard,5,Delivered
O005127,C00120,2023-07-30,Same Day,0,Delivered
O005128,C01407,2024-06-07,Standard,0,Delivered
O005129,C00224,2024-06-19,Express,15,Delivered
O005130,C01473,2024-06-29,Standard,10,Delivered
O005131,C01257,2024-08-17,Standard,15,Delivered
O005132,C00190,2023-05-07,Standard,5,Delivered
O005133,C00159,2024-10-05,Express,0,Delivered
O005134,C01472,2024-07-08,Standard,20,Delivered
O005135,C00383,2023-07-01,Express,0,Delivered
O005136,C00805,2023-10-24,Standard,0,Delivered
O005137,C00353,2024-01-10,Standard,10,Delivered
O005138,C00880,2023-11-07,Express,10,Delivered
O005139,C01277,2023-04-29,Standard,5,Delivered
O005140,C00957,2023-07-22,Standard,10,Delivered
O005141,C00077,2023-01-25,Standard,5,Delivered
O005142,C00874,2023-04-05,Standard,15,Delivered
O005143,C00959,2023-09-10,Standard,15,Delivered
O005144,C00301,2024-10-06,Standard,10,Delivered
O005145,C01126,2024-03-25,Express,0,Delivered
O005146,C00914,2024-04-23,Express,5,Delivered
O005147,C00029,2024-06-17,Standard,15,Delivered
O005148,C01427,2024-03-13,Express,0,Delivered
O005149,C00668,2023-05-12,Standard,0,Delivered
O005150,C00352,2023-08-05,Standard,20,Cancelled
O005151,C00137,2023-08-05,Standard,15,Delivered
O005152,C00566,2024-04-30,Standard,30,Delivered
O005153,C00446,2024-01-06,Standard,5,Delivered
O005154,C00436,2023-11-21,Standard,0,Delivered
O005155,C01189,2024-03-26,Standard,0,Returned
O005156,C00948,2024-12-16,Standard,10,Delivered
O005157,C00208,2023-11-16,Standard,15,Delivered
O005158,C01049,2024-02-24,Standard,5,Cancelled
O005159,C01071,2024-01-21,Standard,5,Delivered
O005160,C00765,2024-07-30,Express,15,Delivered
O005161,C01499,2024-08-09,Standard,0,Delivered
O005162,C00418,2024-08-08,Standard,0,Delivered
O005163,C00093,2023-07-17,Standard,30,Delivered
O005164,C00046,2023-12-28,Standard,5,Delivered
O005165,C00473,2024-10-02,Express,15,Delivered
O005166,C00750,2023-11-18,Express,30,Delivered
O005167,C00123,2024-12-23,Standard,15,Delivered
O005168,C00846,2023-11-09,Standard,5,Returned
O005169,C01366,2024-02-05,Standard,10,Delivered
O005170,C01195,2024-01-16,Express,10,Delivered
O005171,C00979,2023-12-18,Express,20,Returned
O005172,C00961,2024-10-18,Standard,0,Delivered
O005173,C01081,2023-06-03,Same Day,10,Delivered
O005174,C00747,2024-04-04,Standard,15,Delivered
O005175,C00614,2024-05-15,Same Day,5,Delivered
O005176,C00442,2024-10-21,Standard,10,Delivered
O005177,C00154,2024-05-07,Standard,0,Delivered
O005178,C00845,2024-12-10,Standard,0,Delivered
O005179,C00721,2024-10-31,Standard,0,Delivered
O005180,C00185,2023-11-01,Express,5,Delivered
O005181,C00406,2024-10-25,Standard,0,Delivered
O005182,C01176,2024-12-09,Standard,10,Cancelled
O005183,C00383,2023-09-02,Standard,5,Cancelled
O005184,C00648,2024-05-08,Same Day,0,Delivered
O005185,C00240,2023-09-22,Same Day,0,Returned
O005186,C00255,2024-06-07,Standard,10,Delivered
O005187,C01120,2023-04-08,,5,Delivered
O005188,C00105,2024-08-12,Standard,10,Delivered
O005189,C00422,2023-12-09,Standard,15,Delivered
O005190,C01477,2024-05-13,Same Day,15,Cancelled
O005191,C00723,2023-01-26,Express,10,Delivered
O005192,C00890,2024-07-14,Express,10,Delivered
O005193,C00936,2024-02-03,Standard,10,Delivered
O005194,C00294,2024-05-20,Express,5,Delivered
O005195,C00559,2024-05-08,Same Day,0,Delivered
O005196,C00612,2023-05-25,Same Day,30,Delivered
O005197,C00346,2023-12-19,Standard,15,Delivered
O005198,C00352,2024-12-02,Standard,10,Delivered
O005199,C00891,2023-08-09,Same Day,10,Returned
O005200,C00170,2024-06-28,Standard,10,Delivered
O005201,C00204,2023-02-20,Standard,0,Delivered
O005202,C00851,2024-07-31,Standard,0,Delivered
O005203,C00675,2023-08-18,Standard,0,Delivered
O005204,C00895,2023-12-29,Express,15,Delivered
O005205,C00044,2023-11-11,Same Day,10,Delivered
O005206,C01039,2023-12-30,Same Day,5,Delivered
O005207,C01287,2023-10-30,Standard,0,Delivered
O005208,C00780,2023-11-02,Same Day,15,Delivered
O005209,C01281,2024-02-26,Standard,15,Delivered
O005210,C00610,2024-12-17,Standard,15,Delivered
O005211,C00124,2024-01-13,Standard,5,Delivered
O005212,C00574,2024-11-18,Express,5,Delivered
O005213,C00672,2024-01-06,Same Day,10,Returned
O005214,C01307,2023-05-02,Express,0,Delivered
O005215,C00496,2023-12-23,Same Day,5,Delivered
O005216,C00460,2023-12-02,Standard,5,Delivered
O005217,C01339,2023-10-19,Express,10,Delivered
O005218,C00378,2024-10-28,Standard,5,Delivered
O005219,C00939,2024-06-30,Express,0,Delivered
O005220,C00486,2024-04-13,Express,5,Delivered
O005221,C01428,2024-01-30,Standard,5,Delivered
O005222,C00285,2023-11-26,Standard,10,Delivered
O005223,C01072,2024-05-10,Standard,15,Delivered
O005224,C00826,2023-05-06,Express,0,Delivered
O005225,C01473,2023-06-10,Standard,10,Delivered
O005226,C01498,2023-10-06,Standard,5,Delivered
O005227,C01189,2023-06-18,Same Day,10,Delivered
O005228,C00161,2024-06-29,Standard,20,Delivered
O005229,C00709,2023-01-25,Standard,5,Delivered
O005230,C01289,2023-06-08,Express,15,Delivered
O005231,C00929,2024-11-13,Standard,0,Delivered
O005232,C01323,2024-12-30,Standard,20,Delivered
O005233,C01197,2024-01-27,Express,15,Returned
O005234,C00453,2024-06-02,Standard,0,Delivered
O005235,C00294,2024-09-07,Standard,10,Returned
O005236,C00479,2023-10-08,Standard,5,Delivered
O005237,C01017,2023-12-14,Express,30,Delivered
O005238,C00726,2023-06-11,Standard,0,Delivered
O005239,C00073,2023-11-28,Express,10,Delivered
O005240,C01095,2024-12-23,Express,5,Delivered
O005241,C00075,2024-08-25,Standard,0,Delivered
O005242,C00617,2024-12-24,Standard,15,Delivered
O005243,C00696,2024-08-20,Standard,10,Delivered
O005244,C00759,2024-05-07,Express,5,Returned
O005245,C00214,2024-08-26,Standard,20,Delivered
O005246,C01102,2024-06-15,Express,20,Delivered
O005247,C01286,2024-01-08,Express,15,Delivered
O005248,C01021,2023-09-30,Standard,0,Delivered
O005249,C01428,2024-02-24,Express,20,Delivered
O005250,C00390,2023-09-03,Standard,0,Cancelled
O005251,C00238,2024-01-26,Express,10,Delivered
O005252,C00105,2024-01-13,Standard,30,Delivered
O005253,C01068,2024-04-02,Standard,0,Delivered
O005254,C00243,2024-04-06,Express,0,Delivered
O005255,C01415,2023-10-01,Standard,15,Delivered
O005256,C00878,2024-02-06,Express,0,Delivered
O005257,C01204,2023-06-10,Express,0,Delivered
O005258,C00656,2024-12-11,Express,0,Delivered
O005259,C01087,2023-12-27,Standard,10,Delivered
O005260,C00667,2023-11-03,Same Day,5,Delivered
O005261,C00805,2023-02-01,Same Day,5,Delivered
O005262,C01152,2024-10-17,Standard,20,Delivered
O005263,C00356,2024-05-20,Standard,15,Delivered
O005264,C01334,2023-12-07,Same Day,10,Delivered
O005265,C01063,2024-05-30,Standard,0,Delivered
O005266,C01102,2024-08-19,Standard,15,Delivered
O005267,C00356,2024-12-02,Same Day,0,Delivered
O005268,C00140,2023-11-18,Standard,20,Returned
O005269,C00120,2023-05-15,Same Day,0,Cancelled
O005270,C00949,2023-04-21,Standard,15,Delivered
O005271,C00224,2023-01-07,Standard,20,Delivered
O005272,C01500,2024-08-18,Standard,0,Delivered
O005273,C01447,2024-12-22,Standard,0,Delivered
O005274,C00046,2024-12-28,Same Day,0,Returned
O005275,C01072,2024-09-15,Express,0,Returned
O005276,C00395,2023-06-09,Same Day,5,Delivered
O005277,C00503,2024-12-20,Standard,0,Delivered
O005278,C00360,2023-10-20,Same Day,0,Delivered
O005279,C01261,2023-10-23,Express,5,Delivered
O005280,C01353,2024-07-07,Standard,0,Delivered
O005281,C00070,2024-06-05,Standard,15,Delivered
O005282,C00408,2024-10-09,Standard,0,Delivered
O005283,C00674,2024-12-30,Standard,0,Delivered
O005284,C00778,2024-09-09,Same Day,0,Delivered
O005285,C00140,2024-09-13,Same Day,0,Delivered
O005286,C01261,2023-11-23,Standard,0,Delivered
O005287,C01407,2024-06-07,Standard,0,Cancelled
O005288,C00614,2024-09-20,Standard,0,Delivered
O005289,C01296,2024-04-28,Express,5,Delivered
O005290,C00991,2024-11-16,Express,5,Delivered
O005291,C00872,2023-05-21,Standard,10,Delivered
O005292,C01241,2023-10-07,Standard,20,Delivered
O005293,C00721,2024-02-15,Same Day,10,Returned
O005294,C00821,2024-07-04,Standard,0,Delivered
O005295,C00414,2024-09-17,Standard,5,Delivered
O005296,C01055,2024-12-11,Express,10,Delivered
O005297,C00235,2023-11-18,Same Day,10,Delivered
O005298,C00368,2024-02-01,Express,0,Delivered
O005299,C00724,2023-01-29,Express,15,Delivered
O005300,C00584,2023-10-11,Express,0,Delivered
O005301,C00356,2023-11-14,Standard,0,Delivered
O005302,C00293,2024-04-25,Express,10,Delivered
O005303,C01301,2024-01-14,Express,30,Returned
O005304,C00871,2023-11-09,Standard,20,Delivered
O005305,C00574,2024-05-19,Express,30,Delivered
O005306,C01281,2024-10-10,Standard,5,Delivered
O005307,C01253,2023-11-30,Express,5,Delivered
O005308,C00172,2023-10-29,Standard,0,Delivered
O005309,C00848,2024-07-21,Standard,5,Delivered
O005310,C00442,2024-09-10,Express,15,Delivered
O005311,C00807,2024-10-09,Standard,0,Delivered
O005312,C01066,2023-07-24,Standard,0,Delivered
O005313,C00025,2024-03-12,Standard,20,Returned
O005314,C00764,2024-11-12,Express,0,Returned
O005315,C00427,2024-05-27,Same Day,0,Delivered
O005316,C00796,2023-12-16,Express,20,Delivered
O005317,C00171,2024-12-23,Standard,0,Delivered
O005318,C01239,2023-04-25,Express,15,Delivered
O005319,C00811,2024-07-22,Express,0,Delivered
O005320,C00314,2024-10-20,Standard,0,Delivered
O005321,C01150,2023-05-30,Standard,0,Delivered
O005322,C00062,2024-07-28,Standard,0,Delivered
O005323,C00873,2024-06-10,Standard,5,Delivered
O005324,C00758,2024-10-22,Express,10,Delivered
O005325,C00067,2024-11-15,Standard,5,Delivered
O005326,C00375,2024-10-31,Standard,5,Delivered
O005327,C00123,2023-12-24,Standard,0,Delivered
O005328,C01085,2024-08-27,Express,10,Delivered
O005329,C01042,2024-11-22,Standard,0,Delivered
O005330,C00140,2024-05-17,Standard,0,Delivered
O005331,C00170,2024-05-01,Standard,30,Delivered
O005332,C01325,2023-03-06,Standard,20,Delivered
O005333,C00301,2024-10-23,Standard,0,Delivered
O005334,C00442,2023-02-17,Standard,0,Delivered
O005335,C01007,2023-10-12,Standard,10,Delivered
O005336,C00096,2024-11-23,Standard,5,Cancelled
O005337,C01422,2024-12-05,Standard,20,Cancelled
O005338,C00042,2024-12-27,Standard,5,Delivered
O005339,C01285,2024-01-18,Express,0,Delivered
O005340,C00546,2023-08-01,Standard,5,Delivered
O005341,C00224,2024-01-27,Express,0,Returned
O005342,C00574,2023-07-20,Standard,5,Delivered
O005343,C01466,2024-10-31,Express,10,Delivered
O005344,C00788,2024-03-29,Standard,20,Delivered
O005345,C00093,2023-11-30,Express,0,Returned
O005346,C01416,2023-08-27,Standard,10,Delivered
O005347,C00219,2023-11-30,Standard,0,Delivered
O005348,C00088,2024-10-28,Express,20,Returned
O005349,C00075,2024-07-20,Standard,0,Delivered
O005350,C01254,2024-03-07,Standard,0,Delivered
O005351,C00228,2023-08-14,Standard,0,Delivered
O005352,C00269,2023-11-24,Same Day,15,Delivered
O005353,C01418,2023-04-13,Same Day,0,Delivered
O005354,C00895,2024-11-27,Express,10,Delivered
O005355,C00423,2024-06-10,Standard,0,Delivered
O005356,C00867,2023-04-07,Standard,10,Delivered
O005357,C00367,2024-09-17,Express,30,Delivered
O005358,C00747,2023-11-11,Standard,0,Delivered
O005359,C00496,2023-12-23,Standard,10,Delivered
O005360,C00908,2024-04-06,Express,5,Delivered
O005361,C01123,2023-06-28,Standard,5,Delivered
O005362,C00520,2024-01-09,Express,0,Delivered
O005363,C00219,2024-10-17,Express,0,Delivered
O005364,C00538,2024-11-24,Express,15,Delivered
O005365,C01123,2023-10-28,Express,0,Delivered
O005366,C01176,2024-06-02,Standard,0,Delivered
O005367,C01172,2023-12-22,Express,0,Delivered
O005368,C01469,2024-03-29,Express,10,Delivered
O005369,C01251,2023-08-31,Express,30,Delivered
O005370,C01463,2024-04-07,Express,15,Cancelled
O005371,C00914,2024-04-23,Same Day,15,Delivered
O005372,C00343,2024-11-30,Express,20,Delivered
O005373,C00891,2024-11-06,Same Day,10,Delivered
O005374,C00297,2023-10-25,Standard,5,Delivered
O005375,C00136,2024-09-10,Same Day,5,Delivered
O005376,C00438,2023-04-07,Same Day,20,Delivered
O005377,C00548,2024-08-16,Standard,0,Delivered
O005378,C01049,2023-12-21,Standard,5,Delivered
O005379,C00548,2023-10-01,Standard,15,Delivered
O005380,C00008,2024-06-30,Express,0,Delivered
O005381,C01389,2024-01-13,Standard,15,Delivered
O005382,C00871,2024-03-04,Standard,15,Delivered
O005383,C00314,2024-02-25,,5,Delivered
O005384,C00380,2023-03-02,Standard,15,Delivered
O005385,C00196,2023-02-22,Same Day,0,Delivered
O005386,C01380,2024-05-01,Standard,20,Delivered
O005387,C00343,2024-05-19,Standard,0,Delivered
O005388,C01416,2023-08-27,Express,0,Delivered
O005389,C00397,2023-11-16,Standard,5,Delivered
O005390,C01197,2024-05-10,Standard,10,Delivered
O005391,C00029,2024-06-13,Standard,10,Delivered
O005392,C00726,2024-10-10,Same Day,10,Delivered
O005393,C00559,2024-05-08,Express,15,Delivered
O005394,C00496,2024-03-19,Express,10,Delivered
O005395,C01495,2024-04-13,Standard,15,delivered
O005396,C01068,2023-10-11,Standard,0,Delivered
O005397,C00384,2023-02-25,Standard,30,Delivered
O005398,C01110,2023-01-05,Standard,20,Delivered
O005399,C00206,2024-10-14,Standard,20,Delivered
O005400,C01400,2023-07-15,Standard,5,Delivered
O005401,C00649,2024-05-23,Same Day,20,Delivered
O005402,C00287,2024-04-12,Express,0,Delivered
O005403,C00411,2024-02-03,Standard,0,Delivered
O005404,C00230,2024-10-12,Same Day,5,Cancelled
O005405,C01405,2024-07-16,Standard,20,Returned
O005406,C00442,2023-01-23,Express,30,Delivered
O005407,C00218,2024-09-10,Standard,5,Delivered
O005408,C01228,2024-03-12,Same Day,15,Delivered
O005409,C00320,2023-10-31,Standard,5,Delivered
O005410,C00149,2024-08-06,Same Day,0,Delivered
O005411,C00973,2024-07-06,Express,10,Delivered
O005412,C00024,2024-03-11,Standard,0,Delivered
O005413,C01264,2024-12-22,Standard,10,Delivered
O005414,C00845,2024-06-07,Express,0,Delivered
O005415,C00371,2024-06-10,Standard,0,Delivered
O005416,C00721,2024-02-15,Standard,10,Delivered
O005417,C00397,2023-09-20,Express,5,Delivered
O005418,C00791,2024-02-16,Standard,15,Delivered
O005419,C00849,2024-05-24,Standard,10,Delivered
O005420,C01151,2024-02-18,Standard,0,Delivered
O005421,C00703,2024-09-01,Standard,15,Delivered
O005422,C01175,2023-09-07,Standard,0,Delivered
O005423,C00110,2024-07-19,Standard,10,Delivered
O005424,C01395,2024-10-04,Same Day,5,Delivered
O005425,C00280,2024-09-02,Standard,0,Delivered
O005426,C01273,2024-09-06,Express,5,Delivered
O005427,C00748,2024-11-07,Express,20,Delivered
O005428,C00164,2023-03-27,Express,0,Delivered
O005429,C00543,2024-07-15,Standard,30,Delivered
O005430,C01394,2024-12-15,Standard,10,Delivered
O005431,C01270,2024-04-09,Standard,0,Delivered
O005432,C01069,2023-07-31,Express,10,Delivered
O005433,C00574,2024-12-31,Express,10,Delivered
O005434,C00871,2023-06-21,Standard,5,Delivered
O005435,C00351,2023-10-24,Express,0,Delivered
O005436,C00950,2023-06-19,Standard,15,Returned
O005437,C00395,2024-01-08,Standard,15,Delivered
O005438,C01259,2023-12-09,Standard,15,Delivered
O005439,C01036,2024-01-30,Standard,15,Delivered
O005440,C00584,2024-11-24,Same Day,5,Delivered
O005441,C00959,2024-01-20,Express,5,Returned
O005442,C00480,2024-02-20,Standard,10,Returned
O005443,C00230,2024-11-06,Standard,0,Delivered
O005444,C00353,2024-10-05,Express,10,Delivered
O005445,C00410,2024-04-15,Express,0,Delivered
O005446,C00341,2023-01-13,Standard,15,Delivered
O005447,C00993,2024-05-23,Standard,0,Delivered
O005448,C01091,2024-10-18,Express,15,Delivered
O005449,C00685,2024-03-23,Standard,0,Delivered
O005450,C01490,2023-07-26,Standard,20,Delivered
O005451,C01348,2024-08-17,Standard,10,Delivered
O005452,C00138,2024-06-23,Standard,5,Delivered
O005453,C00693,2024-04-02,Standard,0,Delivered
O005454,C01382,2024-10-27,Standard,10,Delivered
O005455,C00335,2024-09-15,Standard,5,Returned
O005456,C00574,2024-06-22,Standard,15,Delivered
O005457,C01422,2024-06-19,Same Day,15,Delivered
O005458,C01154,2024-06-17,Standard,10,Delivered
O005459,C01263,2024-02-29,Standard,0,Returned
O005460,C01324,2024-03-28,Express,0,Delivered
O005461,C00259,2024-07-25,Same Day,5,Delivered
O005462,C01024,2024-05-08,Express,5,Delivered
O005463,C01202,2024-01-29,Standard,10,Delivered
O005464,C00341,2023-05-08,Express,5,Delivered
O005465,C00073,2024-07-19,Express,5,Delivered
O005466,C00269,2024-06-05,Express,5,Delivered
O005467,C01093,2023-10-28,Standard,5,Delivered
O005468,C01015,2023-11-05,Standard,20,Delivered
O005469,C01350,2023-12-13,Standard,0,Delivered
O005470,C00466,2024-12-11,Express,0,Delivered
O005471,C00908,2024-10-25,Standard,0,Delivered
O005472,C00044,2024-03-30,Standard,0,Delivered
O005473,C01407,2024-06-07,Express,10,Delivered
O005474,C00831,2024-08-13,Express,15,Delivered
O005475,C01104,2024-03-02,Same Day,10,Delivered
O005476,C00418,2024-12-19,Express,30,Delivered
O005477,C00128,2024-03-05,Standard,0,Delivered
O005478,C00098,2024-04-06,Express,0,Delivered
O005479,C01234,2024-04-05,Standard,0,Returned
O005480,C00226,2023-10-03,Standard,10,Delivered
O005481,C01249,2024-05-04,Standard,5,Delivered
O005482,C00397,2024-09-13,Express,0,Delivered
O005483,C00807,2023-05-18,Standard,0,Delivered
O005484,C00396,2023-12-23,Standard,20,Delivered
O005485,C00080,2024-07-08,Standard,0,Delivered
O005486,C00808,2024-10-13,Express,0,Delivered
O005487,C00554,2024-02-03,Express,5,Delivered
O005488,C00656,2024-02-03,Standard,5,Delivered
O005489,C00880,2024-04-19,Standard,10,Delivered
O005490,C00453,2024-06-02,Express,10,Delivered
O005491,C00845,2024-09-06,Standard,15,Delivered
O005492,C00957,2024-03-25,Standard,15,delivered
O005493,C00140,2023-09-20,Standard,5,Delivered
O005494,C00524,2024-08-26,Express,15,Delivered
O005495,C00140,2024-02-22,Express,10,Delivered
O005496,C00020,2023-11-07,Standard,15,Delivered
O005497,C00080,2024-03-31,Express,5,Delivered
O005498,C00873,2024-12-04,Standard,0,Delivered
O005499,C00134,2024-07-21,Same Day,10,Delivered
O005500,C01313,2023-10-04,Standard,30,Delivered
O005501,C01124,2024-07-26,Standard,20,Delivered
O005502,C00026,2023-11-17,Standard,0,Delivered
O005503,C00851,2024-03-14,Standard,5,Delivered
O005504,C00029,2024-03-01,Standard,20,Delivered
O005505,C00170,2023-11-16,Express,5,Delivered
O005506,C01490,2023-10-31,Express,5,Delivered
O005507,C00685,2024-12-01,Standard,30,Delivered
O005508,C00044,2023-10-31,Express,5,Delivered
O005509,C01287,2024-09-26,Express,0,Delivered
O005510,C01391,2024-06-22,Same Day,0,Delivered
O005511,C00822,2024-03-06,Standard,5,Delivered
O005512,C01044,2024-02-21,Standard,5,Delivered
O005513,C01160,2023-07-19,Same Day,20,Delivered
O005514,C01087,2023-06-25,Standard,15,Delivered
O005515,C00747,2024-04-20,Standard,0,Delivered
O005516,C01266,2024-12-17,Standard,15,Delivered
O005517,C00784,2024-11-02,Standard,0,Delivered
O005518,C00392,2023-01-25,Standard,0,Delivered
O005519,C00011,2023-09-15,Standard,5,Delivered
O005520,C00543,2023-06-05,Standard,5,Delivered
O005521,C00131,2024-12-19,Standard,0,Delivered
O005522,C00098,2024-04-06,Standard,5,Delivered
O005523,C00709,2023-07-16,Standard,20,Delivered
O005524,C01416,2024-05-16,Standard,10,Delivered
O005525,C00164,2024-03-26,Standard,0,Delivered
O005526,C00413,2023-08-07,Standard,20,Delivered
O005527,C01261,2024-06-24,Express,0,Delivered
O005528,C00614,2023-04-09,Standard,0,Returned
O005529,C01123,2023-06-28,Standard,0,delivered
O005530,C00808,2024-03-27,Standard,0,Delivered
O005531,C00884,2023-11-09,Express,0,Delivered
O005532,C00240,2024-12-18,Standard,0,Delivered
O005533,C00530,2024-03-18,Express,5,Delivered
O005534,C00908,2024-08-26,Standard,0,Delivered
O005535,C00044,2023-10-31,Standard,0,Delivered
O005536,C00280,2024-08-01,Standard,10,Delivered
O005537,C00586,2024-12-13,,5,Delivered
O005538,C00986,2024-02-10,Express,10,delivered
O005539,C00763,2024-12-31,Express,0,Delivered
O005540,C01067,2024-05-30,Standard,15,Delivered
O005541,C01077,2024-08-22,Standard,30,Delivered
O005542,C00048,2023-08-29,Express,0,Delivered
O005543,C01370,2024-06-02,Standard,10,Delivered
O005544,C01250,2024-02-16,Standard,15,Delivered
O005545,C00410,2024-12-08,Standard,5,Delivered
O005546,C00727,2024-11-14,Standard,0,Returned
O005547,C00447,2023-11-26,Express,0,Delivered
O005548,C01381,2024-12-03,Standard,10,Returned
O005549,C00578,2024-11-05,Express,5,Cancelled
O005550,C00604,2024-04-23,Express,15,Delivered
O005551,C01388,2023-05-04,Standard,0,Delivered
O005552,C00880,2023-06-21,Standard,0,Delivered
O005553,C00211,2023-03-20,Standard,5,Returned
O005554,C00914,2024-04-23,Standard,5,Delivered
O005555,C01190,2024-12-19,Standard,10,Delivered
O005556,C00501,2023-07-27,Standard,0,Delivered
O005557,C00784,2024-07-10,Express,10,Cancelled
O005558,C00914,2024-05-28,Standard,15,Delivered
O005559,C00763,2024-05-24,Standard,20,Returned
O005560,C01500,2023-07-21,Standard,20,Delivered
O005561,C00762,2024-04-14,Express,5,Returned
O005562,C00941,2024-05-20,Standard,20,Delivered
O005563,C01189,2024-04-06,Same Day,5,cancelled
O005564,C00210,2023-07-31,Express,0,Delivered
O005565,C00073,2024-08-04,Express,30,Delivered
O005566,C01466,2023-06-01,Express,0,Delivered
O005567,C01085,2024-04-23,Express,0,Delivered
O005568,C00599,2023-12-20,Standard,0,Delivered
O005569,C00037,2023-08-28,Express,5,Delivered
O005570,C00250,2024-09-30,Standard,10,Delivered
O005571,C00029,2023-06-22,Standard,10,Delivered
O005572,C00604,2024-11-27,Same Day,0,Delivered
O005573,C00831,2024-11-05,Standard,0,Delivered
O005574,C00236,2023-11-07,Standard,0,Delivered
O005575,C00931,2023-10-07,Standard,0,Returned
O005576,C01434,2023-10-20,Standard,0,Delivered
O005577,C01493,2024-11-19,Express,0,returned
O005578,C01268,2024-05-21,Express,30,Delivered
O005579,C00667,2023-02-01,Standard,15,Delivered
O005580,C00821,2024-02-16,Standard,5,Delivered
O005581,C00759,2023-03-29,Standard,5,Delivered
O005582,C00230,2024-04-09,Express,20,Delivered
O005583,C01289,2024-02-15,Standard,10,Delivered
O005584,C00988,2023-07-04,Express,15,Delivered
O005585,C00926,2024-10-04,Standard,15,Delivered
O005586,C00335,2023-09-06,Standard,0,Delivered
O005587,C00228,2024-03-13,Standard,0,Returned
O005588,C01321,2024-05-30,Standard,0,Delivered
O005589,C00271,2024-12-11,Express,10,Delivered
O005590,C00120,2024-02-01,Standard,20,Delivered
O005591,C00913,2024-11-20,Same Day,0,Delivered
O005592,C01036,2023-11-04,,15,Delivered
O005593,C00189,2024-10-24,Same Day,10,Delivered
O005594,C00310,2023-08-16,Standard,10,returned
O005595,C01177,2024-07-23,Standard,10,Returned
O005596,C01405,2023-04-01,Standard,5,Returned
O005597,C00724,2024-12-24,Standard,10,Delivered
O005598,C01185,2024-12-07,Standard,15,Delivered
O005599,C00472,2023-12-24,Standard,10,Returned
O005600,C01033,2024-04-04,Standard,0,Delivered
O005601,C00834,2024-04-28,Express,5,Delivered
O005602,C01281,2023-09-16,Express,10,Delivered
O005603,C01154,2024-06-27,Express,20,Delivered
O005604,C00418,2024-07-16,Express,0,Delivered
O005605,C00224,2024-02-29,Same Day,0,Delivered
O005606,C01209,2023-05-27,Standard,5,Delivered
O005607,C00049,2024-11-21,Same Day,15,Delivered
O005608,C00993,2023-04-27,Standard,5,Delivered
O005609,C00723,2024-05-23,Standard,0,Delivered
O005610,C00122,2023-06-23,Standard,10,Delivered
O005611,C01012,2023-05-26,Standard,5,Delivered
O005612,C00726,2023-06-11,Standard,10,Delivered
O005613,C01301,2023-11-18,Standard,5,Cancelled
O005614,C00312,2024-05-31,Express,10,Delivered
O005615,C00008,2024-02-26,Express,0,Delivered
O005616,C00206,2024-06-27,Standard,0,Delivered
O005617,C00408,2024-06-28,Standard,10,Delivered
O005618,C00955,2023-05-20,Express,0,Delivered
O005619,C00548,2023-10-01,Standard,0,Delivered
O005620,C00183,2024-05-20,Standard,5,Delivered
O005621,C01477,2024-06-10,Standard,10,Delivered
O005622,C00167,2024-03-26,Express,15,Delivered
O005623,C00538,2024-05-06,Standard,15,Delivered
O005624,C01321,2024-10-02,Standard,0,Delivered
O005625,C00955,2023-03-19,Standard,0,Delivered
O005626,C00472,2024-05-25,Standard,30,Delivered
O005627,C01464,2024-03-27,Standard,0,Delivered
O005628,C00757,2024-06-11,Standard,15,Delivered
O005629,C00025,2023-12-08,Express,0,Delivered
O005630,C00019,2024-07-31,Standard,5,Delivered
O005631,C01416,2023-08-27,Standard,10,Returned
O005632,C00418,2024-03-25,Standard,5,Delivered
O005633,C01226,2023-07-08,Same Day,10,Delivered
O005634,C00073,2024-07-03,Standard,0,Delivered
O005635,C00223,2023-09-05,Express,0,Delivered
O005636,C01295,2023-03-17,Express,10,Delivered
O005637,C01498,2024-07-27,Same Day,15,Delivered
O005638,C00084,2024-04-11,Express,5,Delivered
O005639,C00253,2023-08-06,Standard,5,Returned
O005640,C01070,2024-10-08,Standard,30,Delivered
O005641,C00788,2024-10-01,Same Day,5,Delivered
O005642,C00616,2024-10-22,Express,5,Delivered
O005643,C00294,2023-10-24,Express,0,Delivered
O005644,C01418,2024-03-02,Same Day,15,Delivered
O005645,C00260,2024-09-07,Express,0,Delivered
O005646,C00397,2023-05-24,Express,0,Delivered
O005647,C00480,2024-08-05,Standard,0,Delivered
O005648,C00212,2023-09-01,Standard,0,Delivered
O005649,C00797,2024-11-18,Standard,5,Delivered
O005650,C00505,2024-05-29,Express,0,Delivered
O005651,C00891,2024-02-01,Same Day,5,Delivered
O005652,C00555,2024-01-25,Same Day,5,Delivered
O005653,C00181,2023-06-28,Standard,0,Delivered
O005654,C01320,2023-10-30,Express,0,Delivered
O005655,C00763,2024-08-07,Standard,0,Returned
O005656,C00473,2024-03-13,Standard,10,Delivered
O005657,C00037,2024-03-03,Same Day,10,Delivered
O005658,C00876,2023-07-11,Same Day,0,Delivered
O005659,C01163,2024-07-10,Express,0,Delivered
O005660,C00951,2023-11-23,Express,0,Delivered
O005661,C01176,2023-06-29,Standard,20,Delivered
O005662,C00230,2024-12-01,Express,20,Delivered
O005663,C01465,2024-02-13,Standard,5,Delivered
O005664,C00314,2024-03-02,Standard,20,Delivered
O005665,C00404,2024-12-22,Express,0,Delivered
O005666,C00763,2023-11-10,Standard,10,Delivered
O005667,C00014,2024-12-01,Express,10,Delivered
O005668,C00665,2024-07-13,Standard,5,Delivered
O005669,C00294,2024-05-26,Standard,10,Delivered
O005670,C01104,2023-08-15,Standard,5,Delivered
O005671,C01122,2023-10-02,Standard,15,Delivered
O005672,C00897,2023-12-21,Standard,0,Delivered
O005673,C00637,2023-01-11,Express,0,Delivered
O005674,C00451,2023-12-11,Standard,5,Delivered
O005675,C01256,2024-04-27,Standard,0,Delivered
O005676,C00762,2024-08-05,Express,0,Delivered
O005677,C00749,2023-06-15,Express,0,Delivered
O005678,C00175,2024-08-10,Express,5,Delivered
O005679,C00331,2024-12-05,Standard,10,Returned
O005680,C00545,2024-08-18,Express,10,Delivered
O005681,C01024,2024-09-15,Standard,5,Delivered
O005682,C01281,2024-07-18,Standard,0,Delivered
O005683,C01495,2024-02-14,Standard,5,Delivered
O005684,C00651,2023-11-07,Express,0,Cancelled
O005685,C00681,2024-12-04,Standard,0,Delivered
O005686,C01135,2024-06-17,Same Day,5,Delivered
O005687,C00473,2024-09-18,Standard,0,Delivered
O005688,C00807,2024-12-15,Standard,0,Delivered
O005689,C00991,2023-08-12,Standard,20,Delivered
O005690,C00353,2023-10-17,Express,10,Delivered
O005691,C00418,2024-06-04,Standard,30,Delivered
O005692,C00540,2023-01-25,Express,10,Delivered
O005693,C00857,2024-04-07,Standard,0,Delivered
O005694,C00409,2024-10-01,Standard,10,Returned
O005695,C00310,2024-05-08,Express,15,Delivered
O005696,C00224,2023-10-02,Express,20,Delivered
O005697,C01215,2024-08-04,Express,10,Delivered
O005698,C01335,2023-05-25,Standard,0,Delivered
O005699,C01379,2024-11-10,Express,10,Delivered
O005700,C01246,2023-04-13,Express,0,Delivered
O005701,C00211,2024-10-27,Same Day,0,Delivered
O005702,C00154,2024-02-05,Standard,0,Delivered
O005703,C00753,2023-12-15,Same Day,0,Delivered
O005704,C00778,2024-02-07,Express,5,Delivered
O005705,C01085,2023-07-15,Standard,20,Delivered
O005706,C00336,2024-01-03,Express,10,Delivered
O005707,C01405,2024-10-20,Standard,10,Delivered
O005708,C00451,2024-09-26,Standard,15,Delivered
O005709,C00858,2024-04-11,Express,0,Returned
O005710,C01306,2024-06-26,Standard,10,Delivered
O005711,C00778,2024-10-23,Standard,10,Delivered
O005712,C01116,2024-10-06,Express,0,Delivered
O005713,C01104,2023-12-13,Same Day,5,Delivered
O005714,C01179,2023-02-18,Standard,10,Delivered
O005715,C01221,2024-11-26,Standard,15,Delivered
O005716,C00599,2023-11-25,Standard,5,Delivered
O005717,C00548,2023-11-07,Standard,10,Delivered
O005718,C01203,2024-08-29,,10,Returned
O005719,C00860,2024-01-10,Standard,20,Delivered
O005720,C00891,2024-10-13,Express,15,Delivered
O005721,C00622,2024-04-20,Standard,0,Returned
O005722,C00302,2024-08-16,Same Day,10,Delivered
O005723,C00685,2024-12-13,Standard,30,Delivered
O005724,C01463,2024-12-29,Same Day,5,Delivered
O005725,C00426,2024-11-23,Express,15,Delivered
O005726,C00410,2024-10-30,Same Day,5,Delivered
O005727,C00206,2024-05-13,Standard,5,Delivered
O005728,C00726,2024-12-14,Express,10,Returned
O005729,C00426,2024-11-24,Standard,5,Delivered
O005730,C01012,2024-03-08,Express,0,Delivered
O005731,C00210,2023-11-29,Express,15,Delivered
O005732,C00371,2024-06-10,Standard,5,Delivered
O005733,C00098,2024-04-23,Standard,20,Delivered
O005734,C00071,2024-07-18,Standard,0,Delivered
O005735,C01231,2023-11-30,Same Day,15,Delivered
O005736,C01379,2023-12-01,Standard,0,Delivered
O005737,C01129,2024-04-09,Standard,15,Delivered
O005738,C01306,2023-01-28,Express,20,Returned
O005739,C00137,2024-12-09,Express,15,Delivered
O005740,C01360,2023-09-28,Standard,10,Delivered
O005741,C00703,2023-05-21,Standard,0,Delivered
O005742,C01146,2023-01-06,Standard,30,Delivered
O005743,C00897,2024-10-24,Express,0,Delivered
O005744,C00522,2024-10-27,Standard,0,Cancelled
O005745,C00397,2023-05-24,Standard,0,Delivered
O005746,C00183,2023-05-31,Express,10,Delivered
O005747,C00625,2023-12-27,Standard,15,Delivered
O005748,C00747,2023-07-02,Express,15,Delivered
O005749,C01479,2024-08-13,Express,10,Delivered
O005750,C00062,2023-12-12,Express,10,Returned
O005751,C00871,2024-03-20,Standard,20,Delivered
O005752,C00783,2023-11-19,Standard,10,Delivered
O005753,C00042,2024-01-09,Standard,5,Delivered
O005754,C00489,2023-12-13,Standard,30,Delivered
O005755,C00641,2023-06-01,Standard,30,Delivered
O005756,C00747,2023-08-03,Standard,10,Delivered
O005757,C00352,2023-03-08,Standard,10,Returned
O005758,C00050,2023-04-27,Standard,20,Delivered
O005759,C00430,2024-12-20,Standard,15,Delivered
O005760,C01273,2023-09-20,Standard,0,Delivered
O005761,C01211,2023-11-27,Express,30,Delivered
O005762,C00272,2023-11-16,Standard,10,Delivered
O005763,C00948,2024-08-26,Express,10,Delivered
O005764,C01398,2024-11-23,Express,5,Delivered
O005765,C00260,2024-09-18,Express,0,Delivered
O005766,C00199,2024-05-10,Same Day,0,Delivered
O005767,C00038,2024-10-03,Same Day,0,Delivered
O005768,C00260,2024-04-29,Standard,5,Delivered
O005769,C01230,2024-10-25,Standard,10,Returned
O005770,C01230,2024-09-24,Express,5,Delivered
O005771,C00806,2023-04-17,Express,5,Delivered
O005772,C00494,2024-01-27,Standard,0,Delivered
O005773,C01206,2023-09-08,Same Day,15,Delivered
O005774,C00294,2023-10-24,Express,15,Delivered
O005775,C00215,2024-10-18,Express,5,Delivered
O005776,C00140,2023-02-08,Standard,0,Delivered
O005777,C01287,2024-08-09,Standard,0,Delivered
O005778,C01058,2024-12-25,Standard,10,Delivered
O005779,C00913,2024-01-23,Standard,15,Delivered
O005780,C01080,2023-11-13,Standard,15,Delivered
O005781,C00219,2024-05-05,Standard,20,Delivered
O005782,C00584,2024-09-28,Express,15,Delivered
O005783,C01231,2023-08-19,Standard,5,Delivered
O005784,C01389,2023-08-28,Express,0,Delivered
O005785,C00763,2024-05-06,Standard,5,Delivered
O005786,C00192,2024-11-30,Same Day,0,Delivered
O005787,C01473,2023-10-03,Same Day,0,Returned
O005788,C00600,2023-11-15,Express,0,Delivered
O005789,C00468,2024-12-28,Standard,0,Delivered
O005790,C00190,2023-06-23,Standard,0,Delivered
O005791,C00035,2023-03-20,Standard,15,Delivered
O005792,C00883,2024-04-22,Express,5,Delivered
O005793,C00895,2023-09-22,Same Day,5,Delivered
O005794,C00353,2023-06-27,Standard,0,Delivered
O005795,C00243,2024-05-17,Standard,10,Delivered
O005796,C00784,2024-06-15,Standard,30,Delivered
O005797,C00656,2024-02-16,Standard,0,Cancelled
O005798,C00442,2023-11-19,Express,15,Delivered
O005799,C00331,2024-04-11,Standard,20,Delivered
O005800,C01298,2024-06-03,Express,15,Delivered
O005801,C01479,2024-09-27,Standard,10,Delivered
O005802,C00538,2024-09-20,Standard,0,Delivered
O005803,C01021,2024-06-20,Standard,0,Delivered
O005804,C01307,2024-11-10,Express,10,Delivered
O005805,C00044,2024-10-15,Express,30,Delivered
O005806,C01382,2023-05-14,Express,10,Delivered
O005807,C00753,2024-12-08,Standard,0,Delivered
O005808,C00834,2024-11-08,Standard,0,Delivered
O005809,C00805,2023-10-16,Express,5,Delivered
O005810,C00367,2024-01-14,Same Day,30,Delivered
O005811,C01163,2024-05-03,Standard,0,Delivered
O005812,C01085,2023-12-21,Standard,0,Delivered
O005813,C00152,2024-08-22,Standard,10,Delivered
O005814,C00845,2024-02-28,Express,0,Delivered
O005815,C01436,2023-12-23,Standard,0,Returned
O005816,C01319,2023-08-23,Standard,0,Delivered
O005817,C00913,2024-11-04,Standard,5,Delivered
O005818,C00299,2023-02-07,Express,0,Delivered
O005819,C00520,2024-08-13,Standard,0,Delivered
O005820,C00224,2023-09-30,Standard,5,Delivered
O005821,C01246,2023-12-30,Express,10,Delivered
O005822,C01156,2024-03-05,Standard,10,Delivered
O005823,C01386,2023-08-28,Standard,10,Cancelled
O005824,C00098,2024-06-09,Standard,10,Delivered
O005825,C01454,2024-07-12,Standard,15,Delivered
O005826,C01457,2023-05-23,Standard,0,Delivered
O005827,C00986,2024-02-10,Standard,0,Delivered
O005828,C01329,2024-08-19,Standard,10,Delivered
O005829,C00659,2024-08-03,Express,0,Delivered
O005830,C00453,2024-06-02,Express,0,Delivered
O005831,C00230,2024-09-10,Standard,0,Delivered
O005832,C00049,2023-04-19,Express,15,Delivered
O005833,C00071,2023-04-30,Standard,15,Cancelled
O005834,C01013,2024-06-14,Express,0,Delivered
O005835,C00497,2024-07-12,Standard,0,Delivered
O005836,C00088,2024-10-03,Standard,0,Delivered
O005837,C00173,2024-04-16,Standard,0,Delivered
O005838,C00969,2024-02-21,Standard,0,Delivered
O005839,C01415,2024-06-16,Standard,0,Cancelled
O005840,C00617,2023-08-06,Standard,10,Delivered
O005841,C01155,2024-02-22,Express,30,Delivered
O005842,C01468,2024-05-30,Standard,0,Cancelled
O005843,C01049,2023-12-21,Standard,0,Delivered
O005844,C01070,2023-11-15,Express,10,Delivered
O005845,C00897,2023-07-30,Standard,0,Delivered
O005846,C01472,2024-11-13,Standard,0,Delivered
O005847,C00438,2023-08-17,Standard,0,Delivered
O005848,C01163,2023-07-18,Standard,10,Delivered
O005849,C00626,2023-05-07,Express,0,Delivered
O005850,C00230,2023-02-15,Standard,0,Delivered
O005851,C01091,2023-08-11,Standard,10,Delivered
O005852,C01259,2024-05-07,Express,0,Delivered
O005853,C01306,2023-01-18,Express,20,Delivered
O005854,C01396,2023-09-25,Express,5,Delivered
O005855,C01096,2024-06-16,Standard,0,Delivered
O005856,C00784,2023-11-29,Standard,0,Delivered
O005857,C01415,2023-02-19,Same Day,20,Returned
O005858,C00313,2024-05-06,Standard,0,Delivered
O005859,C00123,2024-07-08,Same Day,0,Delivered
O005860,C00652,2024-08-10,Express,0,Cancelled
O005861,C00862,2023-08-06,Express,30,Delivered
O005862,C00996,2024-10-29,Standard,30,Delivered
O005863,C01237,2024-07-10,Same Day,10,Delivered
O005864,C00044,2023-10-31,Express,0,Delivered
O005865,C01201,2023-12-23,Express,0,Delivered
O005866,C00879,2024-09-04,Same Day,0,Delivered
O005867,C01431,2024-03-19,Express,0,Delivered
O005868,C00520,2023-11-18,Standard,20,Delivered
O005869,C00899,2024-05-23,Express,10,Delivered
O005870,C01136,2023-03-11,Express,0,Delivered
O005871,C00771,2024-12-14,Express,15,Delivered
O005872,C00230,2023-06-21,Standard,0,Returned
O005873,C00080,2023-07-26,Standard,5,Returned
O005874,C00172,2023-01-06,Express,0,Delivered
O005875,C00748,2023-11-27,Standard,5,Delivered
O005876,C00930,2024-11-05,Express,0,Delivered
O005877,C00848,2024-10-06,Standard,0,Delivered
O005878,C01057,2024-11-17,Express,20,Delivered
O005879,C00065,2024-03-07,,20,Delivered
O005880,C00210,2023-12-28,Standard,5,Delivered
O005881,C01126,2024-03-25,Standard,15,Delivered
O005882,C01161,2023-02-17,Express,0,Delivered
O005883,C01032,2024-11-16,Express,5,Delivered
O005884,C01097,2024-02-03,Express,0,Delivered
O005885,C01452,2024-01-01,Standard,0,Delivered
O005886,C01418,2024-02-20,Standard,5,Delivered
O005887,C00946,2024-09-21,Express,10,Delivered
O005888,C00470,2023-08-06,Express,10,Delivered
O005889,C00036,2024-07-25,Express,5,Delivered
O005890,C00922,2024-07-26,Standard,5,Delivered
O005891,C00652,2024-10-20,Standard,10,Delivered
O005892,C00223,2023-09-05,Express,20,Delivered
O005893,C00323,2023-06-17,Standard,0,Delivered
O005894,C01410,2024-01-14,Standard,5,Cancelled
O005895,C00102,2024-10-21,Same Day,20,Delivered
O005896,C01176,2024-12-13,Express,5,Delivered
O005897,C01372,2024-04-26,Standard,15,Delivered
O005898,C01012,2023-07-26,Standard,5,Delivered
O005899,C00097,2023-09-05,Express,20,Delivered
O005900,C01281,2024-05-30,Express,20,Delivered
O005901,C00955,2023-07-25,Standard,5,Delivered
O005902,C00418,2024-03-23,Standard,0,Delivered
O005903,C00918,2024-10-13,Standard,10,Delivered
O005904,C00210,2023-11-22,Standard,0,Delivered
O005905,C01049,2023-12-21,Standard,0,Delivered
O005906,C01376,2024-05-07,Same Day,5,Returned
O005907,C00778,2023-08-31,Standard,5,Delivered
O005908,C01429,2024-07-16,Standard,15,Delivered
O005909,C00658,2023-11-07,Standard,0,Delivered
O005910,C01296,2023-06-06,Standard,0,Delivered
O005911,C01152,2023-04-17,Standard,10,Delivered
O005912,C00140,2023-04-07,Standard,10,Delivered
O005913,C01388,2024-06-15,Standard,0,Delivered
O005914,C01388,2024-05-10,Standard,0,Delivered
O005915,C00527,2024-02-23,Standard,0,Delivered
O005916,C01189,2024-02-07,Standard,20,Delivered
O005917,C00338,2023-06-01,Same Day,0,Cancelled
O005918,C00047,2024-02-07,Same Day,5,Delivered
O005919,C00310,2023-03-03,Standard,20,Delivered
O005920,C00726,2024-11-23,Standard,0,Delivered
O005921,C00093,2023-03-01,Express,20,Delivered
O005922,C00236,2023-12-12,Standard,10,cancelled
O005923,C01427,2023-06-05,Express,5,Delivered
O005924,C00747,2024-09-16,Express,20,Delivered
O005925,C01248,2024-01-22,Standard,0,Delivered
O005926,C00310,2024-11-23,Standard,15,Delivered
O005927,C00140,2023-02-14,Express,0,Delivered
O005928,C01160,2024-10-06,Standard,5,Delivered
O005929,C00520,2024-06-13,Express,0,Delivered
O005930,C00693,2024-01-16,Express,5,Delivered
O005931,C01495,2024-02-14,Standard,0,Delivered
O005932,C00463,2023-11-06,Standard,0,Delivered
O005933,C00721,2024-10-10,Standard,0,Delivered
O005934,C00923,2024-10-26,Standard,0,Delivered
O005935,C00140,2023-06-22,Standard,0,Delivered
O005936,C01063,2024-05-30,Standard,10,Delivered
O005937,C00680,2023-08-17,Same Day,10,Delivered
O005938,C00265,2023-05-04,Express,10,Delivered
O005939,C00652,2024-06-05,Standard,10,Delivered
O005940,C00693,2024-01-16,Express,0,Delivered
O005941,C00936,2023-08-07,Express,0,Delivered
O005942,C01410,2024-10-28,Express,10,Delivered
O005943,C01133,2024-08-21,Standard,5,Delivered
O005944,C00577,2024-09-08,Standard,10,Cancelled
O005945,C01463,2023-02-09,Standard,0,Delivered
O005946,C01182,2024-11-19,Standard,5,Delivered
O005947,C00046,2024-04-10,Standard,5,Delivered
O005948,C00181,2024-02-10,Standard,10,Delivered
O005949,C00331,2023-01-11,Express,20,Delivered
O005950,C00134,2024-11-11,Same Day,10,Delivered
O005951,C00730,2024-03-15,Standard,15,Delivered
O005952,C00503,2024-10-08,Standard,10,Delivered
O005953,C01466,2024-06-12,Standard,20,Delivered
O005954,C00721,2024-09-23,Express,15,Cancelled
O005955,C00316,2024-07-12,Standard,0,Delivered
O005956,C01464,2024-11-21,Express,0,delivered
O005957,C00764,2024-02-19,Express,20,delivered
O005958,C00120,2023-07-17,Standard,10,Delivered
O005959,C00126,2024-07-27,Express,5,Delivered
O005960,C00987,2024-02-08,Standard,10,Delivered
O005961,C00748,2024-04-30,Standard,0,Cancelled
O005962,C00911,2024-07-24,Express,15,Delivered
O005963,C01287,2024-03-18,Standard,5,Delivered
O005964,C00998,2024-09-17,Standard,20,Delivered
O005965,C01306,2023-10-15,Express,10,Delivered
O005966,C01095,2024-10-25,Express,0,Delivered
O005967,C00986,2024-02-10,Express,30,Returned
O005968,C00209,2024-05-26,Standard,5,Delivered
O005969,C00726,2024-11-08,Express,15,Delivered
O005970,C00655,2023-08-30,Standard,0,Delivered
O005971,C00807,2023-10-20,Standard,5,Delivered
O005972,C00594,2023-11-12,Standard,10,Delivered
O005973,C00905,2024-04-01,Express,10,Delivered
O005974,C00599,2023-12-05,Express,20,Delivered
O005975,C00834,2023-07-13,Standard,15,Delivered
O005976,C00600,2024-11-08,Standard,0,Delivered
O005977,C01370,2023-07-20,Express,15,delivered
O005978,C00563,2024-03-07,Standard,20,Delivered
O005979,C01082,2024-04-26,Standard,30,Delivered
O005980,C00896,2023-11-12,Standard,20,Delivered
O005981,C00584,2023-10-11,Standard,10,Delivered
O005982,C01209,2024-12-16,Standard,15,Delivered
O005983,C01403,2024-06-19,Express,10,Delivered
O005984,C01125,2023-02-03,Standard,0,Delivered
O005985,C01423,2024-09-21,Express,15,Delivered
O005986,C00656,2024-02-14,Express,0,Delivered
O005987,C01388,2023-05-04,Standard,5,Delivered
O005988,C01321,2024-07-02,Express,0,Delivered
O005989,C01128,2024-02-06,Express,0,Delivered
O005990,C01272,2023-07-20,Same Day,15,Delivered
O005991,C01081,2024-11-02,Express,5,Delivered
O005992,C00763,2023-09-29,Standard,5,Delivered
O005993,C00829,2023-09-24,Express,5,Delivered
O005994,C00630,2023-09-15,Express,10,Returned
O005995,C00965,2024-09-04,Express,0,Cancelled
O005996,C00480,2024-07-22,Standard,5,Delivered
O005997,C01091,2024-11-13,Express,0,Delivered
O005998,C00761,2023-08-10,Standard,30,Delivered
O005999,C00534,2024-09-16,Same Day,0,Delivered
O006000,C00223,2024-04-08,Standard,20,Delivered
O006001,C00383,2023-10-09,Standard,0,Delivered
O006002,C00935,2023-02-05,Standard,0,Delivered
O006003,C00561,2024-10-05,Same Day,20,Delivered
O006004,C00050,2023-08-20,Express,10,Delivered
O006005,C00489,2024-05-25,Standard,0,Delivered
O006006,C00554,2024-03-20,Same Day,10,Delivered
O006007,C00353,2023-01-05,Standard,0,Delivered
O006008,C00426,2024-12-28,Standard,0,Delivered
O006009,C01039,2024-10-03,Standard,0,Delivered
O006010,C01102,2024-02-17,Standard,0,Delivered
O006011,C01442,2024-07-02,Standard,0,Delivered
O006012,C00183,2024-01-18,Standard,5,Delivered
O006013,C00453,2024-08-19,Standard,20,Delivered
O006014,C00123,2023-12-24,Standard,5,Delivered
O006015,C00895,2023-12-26,Standard,5,Delivered
O006016,C00037,2023-10-24,Standard,0,Delivered
O006017,C00310,2024-01-04,Standard,30,Delivered
O006018,C00867,2023-12-29,Standard,0,Delivered
O006019,C00543,2023-05-23,Standard,0,Delivered
O006020,C00814,2024-12-19,Express,20,Cancelled
O006021,C00935,2023-01-16,Express,5,Delivered
O006022,C01274,2024-01-10,Standard,0,Delivered
O006023,C00599,2023-11-14,Standard,10,Delivered
O006024,C00418,2024-05-16,Same Day,0,Delivered
O006025,C00805,2023-06-26,Express,0,Delivered
O006026,C00111,2024-03-07,Standard,10,Delivered
O006027,C00071,2024-08-04,Express,30,Delivered
O006028,C00680,2023-04-14,Standard,30,Delivered
O006029,C00331,2024-12-23,Standard,10,Delivered
O006030,C00022,2023-10-25,Express,0,Delivered
O006031,C00994,2024-06-02,Standard,10,Delivered
O006032,C01237,2024-01-28,Express,20,Delivered
O006033,C00224,2024-07-25,Standard,10,Delivered
O006034,C00845,2024-10-16,Standard,0,Delivered
O006035,C01480,2023-04-17,Standard,30,Delivered
O006036,C00408,2023-08-08,Express,20,Delivered
O006037,C01082,2024-03-10,Standard,0,Delivered
O006038,C00243,2024-04-06,Standard,10,Delivered
O006039,C01405,2024-12-24,Express,20,Delivered
O006040,C00004,2024-04-29,Standard,0,Delivered
O006041,C00434,2024-05-06,Standard,20,Returned
O006042,C01471,2024-12-10,Standard,0,Delivered
O006043,C00977,2024-10-12,Standard,5,Delivered
O006044,C00314,2024-10-03,Standard,20,Delivered
O006045,C01183,2023-10-27,Standard,20,Delivered
O006046,C01360,2023-10-24,Standard,0,Delivered
O006047,C00730,2023-09-29,Standard,15,Delivered
O006048,C00230,2023-10-31,Express,10,Delivered
O006049,C00391,2023-11-15,Standard,20,Delivered
O006050,C01416,2023-08-27,Standard,5,Delivered
O006051,C00240,2023-11-05,Standard,30,Delivered
O006052,C00453,2024-06-02,Same Day,10,Delivered
O006053,C00221,2023-10-10,Express,15,Delivered
O006054,C00164,2023-06-12,Standard,5,Delivered
O006055,C00778,2023-11-14,Express,5,Delivered
O006056,C00605,2024-01-22,Standard,0,Delivered
O006057,C00077,2024-08-02,Standard,0,Returned
O006058,C00219,2024-07-26,Standard,20,Delivered
O006059,C00062,2023-12-12,Standard,10,Delivered
O006060,C00042,2023-02-06,Standard,10,Delivered
O006061,C00269,2023-10-07,Standard,0,delivered
O006062,C01096,2024-06-16,Express,10,Delivered
O006063,C00036,2023-11-25,Express,5,Delivered
O006064,C00442,2024-12-21,Express,15,Delivered
O006065,C00845,2023-06-27,Standard,0,Delivered
O006066,C01096,2024-06-16,Express,0,Delivered
O006067,C00993,2024-08-05,Standard,0,Delivered
O006068,C01491,2024-02-15,Standard,0,Delivered
O006069,C00416,2023-02-14,Express,10,Delivered
O006070,C00003,2023-07-31,Standard,10,Delivered
O006071,C00063,2024-11-28,Express,5,Delivered
O006072,C00154,2023-04-15,Standard,15,Delivered
O006073,C01470,2024-05-27,Standard,30,delivered
O006074,C00848,2024-09-20,Standard,10,Delivered
O006075,C01197,2023-09-09,Express,10,Returned
O006076,C01485,2024-08-05,Standard,5,Delivered
O006077,C01281,2023-08-04,Express,10,Delivered
O006078,C00617,2023-09-24,Standard,0,Delivered
O006079,C01321,2023-10-11,Express,0,Delivered
O006080,C00655,2024-12-30,Standard,0,Delivered
O006081,C00175,2023-07-29,Same Day,5,Delivered
O006082,C00822,2023-08-16,Standard,0,Delivered
O006083,C01388,2024-11-23,Standard,5,Delivered
O006084,C01168,2023-10-13,Standard,15,Delivered
O006085,C00614,2024-11-03,Standard,5,Delivered
O006086,C01290,2024-06-08,Express,0,Returned
O006087,C00698,2024-04-11,Standard,5,delivered
O006088,C01007,2024-08-24,Same Day,5,Returned
O006089,C00494,2024-08-06,Standard,0,Delivered
O006090,C00294,2023-10-24,Express,10,Delivered
O006091,C00453,2024-12-31,Express,0,Delivered
O006092,C01321,2024-11-30,Same Day,5,Delivered
O006093,C01492,2024-11-11,Standard,10,Cancelled
O006094,C00397,2024-05-17,Express,5,Cancelled
O006095,C00246,2024-02-27,Standard,30,Delivered
O006096,C00116,2024-03-09,Standard,0,Delivered
O006097,C01116,2024-04-13,Express,5,Delivered
O006098,C00784,2024-02-06,Standard,0,Delivered
O006099,C00833,2024-05-19,Express,20,Delivered
O006100,C00075,2024-06-15,Standard,0,Returned
O006101,C00126,2023-10-23,Standard,5,Delivered
O006102,C01388,2024-01-14,Express,5,Delivered
O006103,C00857,2024-05-28,Standard,20,Delivered
O006104,C00334,2023-12-15,Express,10,Delivered
O006105,C00310,2024-12-11,Same Day,5,Delivered
O006106,C00363,2024-07-21,Standard,10,Delivered
O006107,C00098,2024-04-06,Standard,10,Returned
O006108,C00080,2023-07-26,Standard,0,Returned
O006109,C01068,2024-07-10,Standard,0,Delivered
O006110,C00397,2023-12-05,Express,0,Delivered
O006111,C00584,2024-10-15,Same Day,5,Delivered
O006112,C00799,2023-06-20,Standard,10,Delivered
O006113,C00472,2023-01-14,Standard,20,Delivered
O006114,C00724,2023-11-21,Standard,10,Delivered
O006115,C01306,2024-08-13,Standard,0,Delivered
O006116,C00368,2024-12-16,Standard,5,Delivered
O006117,C01183,2024-11-05,Same Day,5,Delivered
O006118,C00397,2024-01-24,Standard,10,Delivered
O006119,C00280,2024-10-03,Express,10,Delivered
O006120,C00120,2023-03-13,Standard,10,Delivered
O006121,C01007,2024-04-08,Express,30,Delivered
O006122,C00622,2024-11-23,Express,0,Delivered
O006123,C01151,2023-11-26,Express,15,Delivered
O006124,C00208,2024-12-10,Standard,15,Delivered
O006125,C00883,2023-11-17,Standard,0,Delivered
O006126,C00035,2023-04-17,Standard,15,Delivered
O006127,C00352,2024-02-28,Standard,0,Delivered
O006128,C00891,2024-11-15,Express,5,Returned
O006129,C00092,2024-05-27,Same Day,0,Delivered
O006130,C00574,2024-09-25,Express,0,Delivered
O006131,C00842,2024-02-14,Standard,10,Delivered
O006132,C01080,2024-08-19,Standard,5,Delivered
O006133,C01042,2024-03-26,Express,0,Delivered
O006134,C00224,2023-06-22,Standard,10,Delivered
O006135,C00122,2024-07-31,Standard,5,Delivered
O006136,C00570,2024-07-28,Standard,0,Delivered
O006137,C00363,2024-02-20,Express,15,Delivered
O006138,C00442,2023-08-07,Standard,30,Delivered
O006139,C00507,2024-05-03,Same Day,0,Delivered
O006140,C00606,2024-12-09,Standard,30,Delivered
O006141,C00773,2024-06-12,Express,30,Returned
O006142,C00027,2024-10-01,Express,5,Delivered
O006143,C00436,2024-07-15,Express,20,Delivered
O006144,C00397,2024-10-10,Standard,15,Delivered
O006145,C00353,2023-06-10,Standard,15,Delivered
O006146,C01177,2024-02-04,Standard,0,Delivered
O006147,C00379,2024-06-21,Standard,15,Delivered
O006148,C00225,2023-04-15,Standard,0,Delivered
O006149,C01287,2023-08-16,Express,10,Delivered
O006150,C00578,2024-05-26,Standard,0,Delivered
O006151,C00276,2024-10-29,Same Day,15,Delivered
O006152,C01108,2024-06-16,Express,20,Cancelled
O006153,C00957,2023-02-06,Express,5,Delivered
O006154,C01418,2024-12-16,Express,5,Delivered
O006155,C01321,2023-05-19,Standard,0,Delivered
O006156,C01015,2023-08-13,Standard,0,Delivered
O006157,C00239,2024-12-18,Standard,30,Delivered
O006158,C00726,2024-09-06,Same Day,10,Delivered
O006159,C00185,2024-11-28,Standard,15,Delivered
O006160,C00826,2024-09-29,Standard,15,Delivered
O006161,C01389,2024-06-09,Express,10,Returned
O006162,C00010,2023-09-24,Standard,5,Delivered
O006163,C01321,2023-10-20,Same Day,0,Delivered
O006164,C00805,2024-12-03,Same Day,0,Returned
O006165,C00225,2024-10-25,Standard,15,Delivered
O006166,C01291,2023-11-06,Express,15,Delivered
O006167,C00799,2023-11-14,Standard,0,Delivered
O006168,C00674,2023-10-03,Standard,5,Delivered
O006169,C00753,2023-10-19,Express,10,Delivered
O006170,C00223,2024-10-25,Standard,10,Delivered
O006171,C00175,2023-02-23,Same Day,10,Delivered
O006172,C00959,2023-12-20,Same Day,0,Delivered
O006173,C01325,2024-12-01,Express,10,Delivered
O006174,C01015,2024-03-14,Standard,15,Delivered
O006175,C01281,2023-12-29,Standard,0,Delivered
O006176,C01281,2023-10-11,Standard,10,Delivered
O006177,C00049,2023-03-17,Standard,5,Delivered
O006178,C01151,2023-08-06,Standard,20,Delivered
O006179,C01151,2023-06-23,Standard,20,Delivered
O006180,C00524,2023-09-19,Express,10,Delivered
O006181,C00619,2023-06-11,Standard,5,Delivered
O006182,C01098,2023-10-06,Standard,20,Delivered
O006183,C01489,2023-01-11,Express,0,Delivered
O006184,C01490,2024-12-05,Standard,5,Delivered
O006185,C00721,2024-02-15,Standard,5,Returned
O006186,C01178,2023-12-03,Standard,0,Delivered
O006187,C00703,2024-11-03,Standard,20,Delivered
O006188,C01308,2023-04-18,Standard,0,Delivered
O006189,C00951,2024-01-24,Standard,15,Delivered
O006190,C01410,2024-10-18,Standard,15,Delivered
O006191,C01500,2024-03-26,Standard,10,Delivered
O006192,C00489,2023-07-25,Standard,0,Delivered
O006193,C01473,2024-08-12,Express,5,Delivered
O006194,C01013,2024-07-03,,20,Delivered
O006195,C00356,2023-11-08,Standard,5,Delivered
O006196,C00008,2023-11-03,Same Day,0,Returned
O006197,C01007,2023-07-04,Express,10,Delivered
O006198,C00335,2024-10-09,Express,10,Delivered
O006199,C00349,2023-10-17,Standard,10,Cancelled
O006200,C00829,2023-05-18,Standard,5,Cancelled
O006201,C00048,2024-02-23,Standard,0,Delivered
O006202,C00630,2024-11-21,Standard,0,Delivered
O006203,C01197,2023-01-09,Same Day,10,delivered
O006204,C00044,2023-10-31,Same Day,30,Delivered
O006205,C00910,2024-06-10,Standard,15,Delivered
O006206,C00235,2024-06-28,Same Day,10,Delivered
O006207,C01306,2024-01-18,Express,10,Delivered
O006208,C00594,2024-11-11,Express,10,Delivered
O006209,C01227,2023-02-14,Same Day,5,Delivered
O006210,C01072,2023-12-17,Standard,15,Delivered
O006211,C01321,2023-11-02,Standard,10,Delivered
O006212,C00772,2023-10-27,Express,0,Delivered
O006213,C00730,2024-01-27,Standard,10,Delivered
O006214,C00062,2024-09-19,Express,0,Delivered
O006215,C00796,2023-10-14,Express,5,Delivered
O006216,C00778,2024-08-19,Express,15,Delivered
O006217,C00890,2024-03-02,Standard,10,Delivered
O006218,C00206,2024-05-13,Express,0,Delivered
O006219,C00805,2023-11-15,Standard,10,Delivered
O006220,C00681,2024-03-12,Express,0,Delivered
O006221,C00874,2023-04-19,Standard,10,Delivered
O006222,C00959,2024-12-07,Express,0,Delivered
O006223,C00546,2024-11-15,Express,10,Delivered
O006224,C00760,2024-10-09,Standard,15,Returned
O006225,C00600,2024-11-09,Standard,0,Delivered
O006226,C01134,2024-02-14,Standard,10,Delivered
O006227,C01195,2024-02-10,Express,10,Delivered
O006228,C00430,2023-10-15,Express,15,Delivered
O006229,C00392,2024-11-07,Express,30,Delivered
O006230,C00993,2023-07-05,Standard,5,Delivered
O006231,C01153,2023-08-03,Standard,0,Returned
O006232,C00030,2024-07-07,Standard,10,Delivered
O006233,C00651,2023-04-01,Standard,5,Delivered
O006234,C00446,2024-08-10,Express,15,Delivered
O006235,C01136,2023-09-11,Standard,15,Delivered
O006236,C00219,2024-06-16,Standard,10,Delivered
O006237,C01156,2024-10-31,Express,5,Delivered
O006238,C00959,2024-05-08,Standard,5,Delivered
O006239,C01281,2023-08-04,Express,20,Delivered
O006240,C01493,2023-02-20,Standard,5,Delivered
O006241,C00724,2023-02-15,Standard,10,Delivered
O006242,C01024,2023-09-29,Standard,10,Delivered
O006243,C01049,2024-04-14,Standard,0,Delivered
O006244,C01281,2023-11-01,Express,15,Delivered
O006245,C00773,2024-05-18,Express,0,Delivered
O006246,C00166,2023-08-17,Standard,30,Delivered
O006247,C01473,2024-12-04,Standard,10,Returned
O006248,C00092,2024-05-27,Standard,0,Delivered
O006249,C01451,2023-12-02,Express,15,Delivered
O006250,C00383,2024-01-14,Standard,15,Delivered
O006251,C00746,2024-02-09,Express,0,Delivered
O006252,C01427,2024-11-21,Express,0,Delivered
O006253,C00991,2023-05-30,Express,5,Delivered
O006254,C00867,2024-07-03,Standard,10,Delivered
O006255,C00484,2024-05-22,Standard,0,Delivered
O006256,C00427,2024-10-01,Standard,10,Delivered
O006257,C00049,2024-06-09,Express,5,Delivered
O006258,C00867,2024-09-05,Express,15,Delivered
O006259,C00652,2024-02-02,Standard,15,Delivered
O006260,C00338,2024-01-28,Standard,0,Delivered
O006261,C00583,2024-07-18,Standard,10,Delivered
O006262,C01416,2024-04-05,Standard,5,Delivered
O006263,C01285,2024-02-17,Express,5,Delivered
O006264,C00652,2024-02-02,Standard,0,Delivered
O006265,C01474,2023-09-03,Same Day,10,Delivered
O006266,C00696,2023-11-06,Standard,15,Returned
O006267,C00521,2023-01-10,Express,0,Delivered
O006268,C00586,2023-12-08,Standard,0,Returned
O006269,C01321,2023-01-03,Express,10,Delivered
O006270,C00406,2024-04-05,Express,30,Delivered
O006271,C00335,2024-07-20,Standard,10,Delivered
O006272,C01445,2024-03-30,Standard,0,Delivered
O006273,C01087,2024-07-12,Same Day,20,Delivered
O006274,C01129,2023-01-01,Express,5,Delivered
O006275,C01092,2023-03-02,Standard,5,Delivered
O006276,C01007,2024-07-16,Express,0,Delivered
O006277,C00142,2024-09-27,Standard,0,Delivered
O006278,C01116,2024-07-31,Standard,10,Delivered
O006279,C00373,2024-06-18,Express,15,Delivered
O006280,C00208,2024-07-23,Same Day,15,Delivered
O006281,C01479,2024-08-15,Standard,20,Delivered
O006282,C00046,2024-08-05,Standard,5,Delivered
O006283,C00049,2024-08-14,Standard,10,Delivered
O006284,C00451,2023-12-11,Express,10,Delivered
O006285,C01281,2023-08-04,Express,5,Delivered
O006286,C01472,2024-05-27,Same Day,0,Cancelled
O006287,C00183,2024-03-02,Standard,15,Returned
O006288,C00601,2024-08-31,Standard,0,Delivered
O006289,C01087,2023-10-24,Standard,30,Delivered
O006290,C00948,2023-09-16,Standard,15,Delivered
O006291,C00352,2024-09-13,Standard,0,Delivered
O006292,C00489,2023-08-27,Standard,0,Delivered
O006293,C00873,2024-10-06,Express,10,Delivered
O006294,C00056,2024-02-13,Express,5,Delivered
O006295,C01123,2023-11-06,Express,10,Delivered
O006296,C00416,2023-11-28,Standard,0,Delivered
O006297,C01257,2024-04-03,Express,20,Delivered
O006298,C01007,2023-07-04,Standard,5,delivered
O006299,C00948,2023-08-16,Standard,10,Delivered
O006300,C01139,2023-10-26,Express,30,Delivered
O006301,C00122,2023-10-12,Express,15,Delivered
O006302,C00392,2024-09-15,Standard,10,Delivered
O006303,C00778,2023-02-18,Express,15,Cancelled
O006304,C01155,2023-11-22,Standard,30,Delivered
O006305,C01285,2023-02-07,Express,15,Delivered
O006306,C00576,2024-11-26,Express,15,Delivered
O006307,C01189,2024-09-19,Express,0,Delivered
O006308,C00335,2024-12-22,Standard,20,Delivered
O006309,C00131,2024-11-17,Standard,20,Delivered
O006310,C00371,2024-06-10,Standard,10,Delivered
O006311,C01376,2024-07-11,Express,10,Delivered
O006312,C00812,2024-01-02,Same Day,10,Delivered
O006313,C00726,2024-11-07,Express,5,Delivered
O006314,C01096,2024-06-16,Express,0,Delivered
O006315,C00029,2023-11-15,Express,10,Delivered
O006316,C00183,2024-11-18,Express,5,Delivered
O006317,C00154,2024-10-14,Standard,5,Delivered
O006318,C00190,2024-12-14,Standard,20,Delivered
O006319,C00681,2023-03-09,Standard,0,Delivered
O006320,C00418,2023-08-22,Standard,30,Delivered
O006321,C01172,2023-12-22,Standard,10,Delivered
O006322,C01275,2023-12-12,Same Day,20,Delivered
O006323,C01399,2024-01-15,Express,0,Delivered
O006324,C00294,2023-10-24,Express,0,Delivered
O006325,C00759,2024-09-19,Express,10,Delivered
O006326,C00080,2023-08-05,Express,5,Delivered
O006327,C00359,2024-07-14,Express,10,Returned
O006328,C00897,2024-10-21,Standard,10,Delivered
O006329,C00637,2024-05-03,Express,5,Delivered
O006330,C01013,2023-11-04,Standard,20,Delivered
O006331,C01275,2023-07-04,Express,0,Delivered
O006332,C00093,2023-05-15,Standard,0,Delivered
O006333,C01415,2024-08-19,Standard,15,Delivered
O006334,C00071,2024-01-12,Standard,5,Delivered
O006335,C01477,2024-05-13,Express,10,Delivered
O006336,C00926,2024-12-23,Express,10,Delivered
O006337,C00072,2024-06-25,Standard,0,Delivered
O006338,C00599,2024-10-17,Standard,5,Delivered
O006339,C00391,2023-12-21,Same Day,0,Delivered
O006340,C01197,2024-12-08,Standard,0,Delivered
O006341,C00340,2023-07-15,Express,0,Delivered
O006342,C01254,2024-03-07,Express,0,Delivered
O006343,C00453,2024-11-08,Express,15,Returned
O006344,C01491,2024-11-08,Standard,20,Delivered
O006345,C00409,2024-02-06,Express,0,Delivered
O006346,C01007,2023-07-04,Same Day,10,Delivered
O006347,C01200,2023-10-07,Standard,5,Returned
O006348,C00325,2024-08-25,Express,0,Delivered
O006349,C00122,2024-10-18,Standard,0,Delivered
O006350,C00829,2023-10-31,Same Day,10,Delivered
O006351,C00991,2023-05-30,Standard,0,Delivered
O006352,C01239,2024-06-20,Standard,20,Delivered
O006353,C00411,2024-08-15,Standard,15,Delivered
O006354,C01319,2023-12-12,Same Day,10,Returned
O006355,C01388,2024-04-17,Standard,15,Delivered
O006356,C01157,2024-12-25,Standard,0,Delivered
O006357,C00025,2023-08-23,Standard,10,Delivered
O006358,C00138,2024-04-08,Express,0,Delivered
O006359,C01500,2024-05-09,Standard,5,Delivered
O006360,C01087,2024-03-20,Express,5,Delivered
O006361,C00914,2024-10-29,Express,0,Delivered
O006362,C01368,2024-05-04,Express,10,Delivered
O006363,C00067,2024-02-14,Express,0,Delivered
O006364,C01122,2023-10-02,Express,0,Delivered
O006365,C00955,2024-07-20,Standard,20,Delivered
O006366,C01285,2023-05-13,Standard,0,Returned
O006367,C01156,2023-01-27,Standard,0,Delivered
O006368,C00730,2024-01-28,Standard,0,Delivered
O006369,C00116,2024-04-08,Standard,5,Delivered
O006370,C01385,2024-12-31,Standard,15,Delivered
O006371,C01129,2024-07-27,Same Day,15,Delivered
O006372,C00540,2024-10-20,Same Day,10,Delivered
O006373,C01479,2023-12-16,Standard,5,Delivered
O006374,C00453,2024-06-02,Express,20,Delivered
O006375,C00561,2024-12-18,Express,15,Delivered
O006376,C01469,2024-03-24,Same Day,20,Delivered
O006377,C00973,2024-09-30,Standard,0,Delivered
O006378,C01324,2024-03-28,Express,10,Delivered
O006379,C01339,2023-08-06,Standard,0,Delivered
O006380,C00797,2024-04-14,Standard,5,Delivered
O006381,C00404,2024-04-10,,20,Delivered
O006382,C01285,2023-01-04,Standard,10,Delivered
O006383,C00758,2023-08-16,Standard,15,Delivered
O006384,C00845,2023-07-09,Express,0,delivered
O006385,C00807,2023-11-12,Standard,5,Returned
O006386,C00029,2024-11-07,Standard,30,Delivered
O006387,C00076,2023-11-21,Standard,0,Delivered
O006388,C00899,2024-10-18,Express,0,Delivered
O006389,C01190,2024-03-25,Express,5,delivered
O006390,C00685,2023-01-08,Same Day,15,Delivered
O006391,C00287,2023-07-05,Standard,5,Delivered
O006392,C00616,2024-11-26,Standard,0,Delivered
O006393,C01145,2024-05-04,Standard,10,Delivered
O006394,C00170,2024-11-25,Standard,10,Delivered
O006395,C00841,2023-10-10,Standard,10,Delivered
O006396,C01031,2024-07-30,Same Day,0,Delivered
O006397,C00629,2024-09-07,Standard,0,Delivered
O006398,C00880,2024-12-19,Standard,5,Delivered
O006399,C01333,2023-01-18,Express,5,Returned
O006400,C00318,2024-12-06,Express,0,Delivered
O006401,C00210,2023-11-23,Express,15,Delivered
O006402,C00097,2024-10-15,Standard,20,Delivered
O006403,C01076,2024-03-16,Standard,0,Delivered
O006404,C01365,2024-06-10,Standard,10,Delivered
O006405,C01013,2023-11-06,Standard,5,Delivered
O006406,C01471,2024-10-10,Standard,5,Delivered
O006407,C01049,2023-12-21,Express,10,Delivered
O006408,C00426,2024-01-31,Standard,5,Delivered
O006409,C00383,2024-03-29,Standard,5,Delivered
O006410,C00970,2024-08-17,,0,Delivered
O006411,C00988,2024-01-14,Express,10,Delivered
O006412,C00779,2024-07-02,Standard,10,Delivered
O006413,C00784,2024-01-25,Standard,0,Delivered
O006414,C00630,2024-06-15,Express,5,Delivered
O006415,C00522,2024-06-27,Standard,0,Delivered
O006416,C00923,2024-07-25,Express,5,Returned
O006417,C01102,2024-10-08,Standard,0,Delivered
O006418,C01229,2024-04-04,Express,10,Delivered
O006419,C00446,2023-11-15,Standard,10,Delivered
O006420,C01296,2024-07-01,Standard,10,Delivered
O006421,C00441,2024-01-23,Standard,5,Returned
O006422,C00442,2023-08-02,Express,10,Delivered
O006423,C01206,2024-09-20,Standard,15,Delivered
O006424,C01463,2023-12-19,Express,5,Delivered
O006425,C01405,2024-02-05,Standard,5,Delivered
O006426,C00172,2024-12-25,Express,20,Delivered
O006427,C00426,2023-12-13,Standard,10,Delivered
O006428,C01124,2023-03-30,Standard,5,Delivered
O006429,C01206,2023-04-23,Express,10,Delivered
O006430,C00761,2023-08-23,Standard,0,Delivered
O006431,C00036,2024-08-06,Same Day,0,Delivered
O006432,C00758,2024-09-09,Same Day,10,Delivered
O006433,C00049,2024-04-02,Standard,10,Delivered
O006434,C00418,2023-09-01,Same Day,5,Delivered
O006435,C00957,2024-02-26,Standard,0,Delivered
O006436,C00208,2023-11-16,Express,20,Delivered
O006437,C01056,2024-07-03,Express,10,Delivered
O006438,C00907,2024-05-11,Standard,5,Delivered
O006439,C00652,2024-02-02,Standard,0,Delivered
O006440,C00562,2024-10-05,Express,10,Delivered
O006441,C01388,2024-09-01,Standard,0,Delivered
O006442,C00831,2023-10-09,Standard,5,Delivered
O006443,C01341,2024-05-27,Express,30,Delivered
O006444,C00623,2024-05-01,Standard,10,Delivered
O006445,C00874,2023-05-23,Standard,30,Delivered
O006446,C01434,2023-10-20,Same Day,5,Delivered
O006447,C00196,2024-07-04,Express,0,Delivered
O006448,C00397,2024-11-27,Express,30,Delivered
O006449,C01389,2024-04-11,Standard,15,Delivered
O006450,C00637,2024-04-04,Same Day,10,Cancelled
O006451,C00410,2024-06-05,Standard,0,Delivered
O006452,C01500,2023-12-23,Standard,10,Delivered
O006453,C00158,2023-07-02,Standard,0,Delivered
O006454,C00895,2023-11-26,Express,20,Delivered
O006455,C01176,2024-11-12,Standard,10,Delivered
O006456,C01175,2024-09-28,Standard,0,Delivered
O006457,C00665,2024-11-24,Standard,0,Delivered
O006458,C00073,2023-10-08,Express,0,Delivered
O006459,C01281,2024-02-12,Standard,15,Delivered
O006460,C01202,2024-04-18,Express,0,Delivered
O006461,C00354,2024-02-20,Standard,5,Delivered
O006462,C00503,2023-07-16,Standard,5,Delivered
O006463,C00763,2024-09-13,Standard,5,Returned
O006464,C00175,2024-06-25,Same Day,10,Delivered
O006465,C01243,2024-06-06,Express,0,Delivered
O006466,C01396,2023-09-10,Standard,0,Delivered
O006467,C00448,2024-02-13,Standard,0,Delivered
O006468,C01398,2023-01-23,Standard,20,Delivered
O006469,C01200,2023-05-11,Standard,5,Delivered
O006470,C01080,2024-02-23,Express,0,Delivered
O006471,C01463,2023-10-10,Standard,5,Cancelled
O006472,C00480,2024-12-13,Same Day,0,Delivered
O006473,C01388,2024-01-14,Standard,15,Delivered
O006474,C00154,2023-03-27,Standard,0,Delivered
O006475,C00724,2023-01-18,Standard,30,Delivered
O006476,C00829,2024-08-05,Standard,10,Cancelled
O006477,C00194,2023-06-18,Express,10,Delivered
O006478,C01090,2023-07-04,Standard,0,Delivered
O006479,C00723,2023-12-12,Express,0,Delivered
O006480,C00681,2023-09-08,Standard,0,Delivered
O006481,C00861,2024-05-13,Standard,15,Delivered
O006482,C00209,2024-01-25,Standard,30,Returned
O006483,C00300,2023-04-23,Standard,0,Delivered
O006484,C00272,2024-09-15,Standard,30,Delivered
O006485,C01429,2024-03-10,Standard,10,Delivered
O006486,C01152,2024-05-09,Same Day,15,Delivered
O006487,C00788,2023-01-04,Express,30,Delivered
O006488,C00959,2024-05-21,Standard,30,Delivered
O006489,C00951,2023-09-22,Express,10,Delivered
O006490,C00397,2024-02-02,Standard,5,Delivered
O006491,C00137,2023-10-03,Express,10,Delivered
O006492,C00831,2024-12-30,Same Day,0,Delivered
O006493,C00397,2023-08-12,Standard,5,Delivered
O006494,C01321,2024-11-18,Same Day,15,Delivered
O006495,C00353,2024-11-20,Standard,0,Delivered
O006496,C00851,2023-12-10,Standard,5,Delivered
O006497,C00634,2023-10-26,Express,0,Delivered
O006498,C01095,2024-05-27,Express,10,Delivered
O006499,C01427,2024-12-26,Standard,0,Delivered
O006500,C00622,2024-05-15,Standard,20,Returned
O006501,C00073,2024-03-16,Standard,15,Delivered
O006502,C00959,2023-02-05,Standard,0,Delivered
O006503,C00205,2024-10-19,Standard,0,Delivered
O006504,C00163,2023-03-27,Standard,0,Cancelled
O006505,C00959,2023-02-17,Same Day,0,Delivered
O006506,C00159,2023-11-27,Express,5,Delivered
O006507,C00201,2024-04-24,Same Day,0,Delivered
O006508,C00659,2024-11-10,Standard,5,Delivered
O006509,C00680,2024-09-18,Standard,0,Delivered
O006510,C01388,2023-07-13,Standard,0,Delivered
O006511,C00417,2023-11-13,Express,30,Delivered
O006512,C00612,2024-09-12,Express,20,Delivered
O006513,C01049,2024-03-01,Standard,0,Delivered
O006514,C01254,2024-03-07,Express,10,Delivered
O006515,C00521,2023-11-25,Standard,0,Delivered
O006516,C00922,2024-05-20,Standard,15,Delivered
O006517,C00910,2024-12-17,Standard,15,delivered
O006518,C00441,2024-06-17,Standard,10,Delivered
O006519,C00184,2024-04-04,Standard,10,Delivered
O006520,C01007,2024-07-21,Same Day,15,Delivered
O006521,C00406,2024-04-05,Standard,0,Returned
O006522,C00466,2024-10-26,Standard,10,Delivered
O006523,C00851,2023-11-19,Standard,0,Delivered
O006524,C00238,2023-07-15,Standard,0,Delivered
O006525,C00365,2024-01-11,Same Day,10,Delivered
O006526,C00671,2023-09-01,Express,0,Delivered
O006527,C01323,2024-04-02,Standard,0,Delivered
O006528,C01151,2024-04-09,Same Day,0,Returned
O006529,C00466,2024-09-03,Standard,30,Delivered
O006530,C00438,2024-10-13,Express,0,Delivered
O006531,C01489,2023-11-26,Standard,5,Delivered
O006532,C00955,2023-03-10,Express,0,Delivered
O006533,C01008,2024-01-24,Same Day,20,Delivered
O006534,C00088,2023-12-18,Standard,0,Delivered
O006535,C00164,2023-07-12,Standard,5,Delivered
O006536,C00432,2024-11-10,Standard,5,Delivered
O006537,C01281,2024-12-18,Standard,10,Delivered
O006538,C01388,2023-05-04,Standard,20,Delivered
O006539,C00288,2024-09-22,Standard,0,Delivered
O006540,C01057,2024-06-04,Standard,0,Cancelled
O006541,C01321,2023-09-06,Standard,5,Delivered
O006542,C01323,2024-05-27,Same Day,5,Delivered
O006543,C00688,2023-05-09,Standard,20,Delivered
O006544,C00391,2023-11-15,Standard,0,Delivered
O006545,C01434,2024-12-28,Standard,15,Returned
O006546,C00417,2024-05-28,Same Day,0,Delivered
O006547,C00380,2023-08-30,Standard,0,Delivered
O006548,C00310,2023-12-28,Standard,10,Delivered
O006549,C00790,2024-12-05,Standard,15,Delivered
O006550,C00165,2023-12-21,Standard,0,Delivered
O006551,C00849,2024-11-12,Same Day,30,Delivered
O006552,C01416,2024-10-29,Standard,0,Delivered
O006553,C00761,2023-10-29,Standard,20,Delivered
O006554,C01456,2024-07-14,Standard,0,Cancelled
O006555,C01379,2024-06-16,Standard,0,delivered
O006556,C01185,2024-09-06,Standard,15,Delivered
O006557,C00891,2023-11-10,Standard,0,Delivered
O006558,C01326,2024-03-12,Express,5,Delivered
O006559,C00831,2023-07-10,Standard,15,Delivered
O006560,C00310,2024-05-13,Standard,0,Delivered
O006561,C01399,2024-09-09,Standard,10,Delivered
O006562,C00758,2024-08-27,Express,5,Delivered
O006563,C01382,2024-04-17,Standard,0,Delivered
O006564,C00599,2023-03-28,Express,0,Delivered
O006565,C00496,2023-12-23,Express,0,Delivered
O006566,C01135,2024-09-13,Same Day,5,Cancelled
O006567,C00923,2024-03-20,Standard,5,Delivered
O006568,C00660,2024-09-14,Same Day,10,Delivered
O006569,C01323,2024-04-02,Express,5,Delivered
O006570,C00772,2023-12-02,Express,5,Delivered
O006571,C00035,2024-11-21,Standard,15,Delivered
O006572,C01013,2023-10-31,Standard,5,delivered
O006573,C00098,2024-04-06,Standard,30,Delivered
O006574,C00726,2024-06-11,Express,10,Delivered
O006575,C00293,2024-04-26,Same Day,20,Delivered
O006576,C00366,2024-12-06,Standard,20,Delivered
O006577,C01473,2024-11-15,Same Day,5,Cancelled
O006578,C00175,2024-08-22,Standard,10,Delivered
O006579,C01122,2023-10-02,Same Day,0,Delivered
O006580,C00926,2024-01-21,Standard,5,Delivered
O006581,C00294,2024-11-10,Express,5,Delivered
O006582,C01407,2024-06-07,Standard,5,Delivered
O006583,C00302,2024-12-11,Same Day,0,Delivered
O006584,C00768,2024-06-10,Standard,15,Returned
O006585,C01182,2023-12-25,Standard,0,Delivered
O006586,C01129,2024-02-15,Express,15,Returned
O006587,C00472,2024-07-14,Standard,20,Delivered
O006588,C01275,2023-03-08,Standard,0,Delivered
O006589,C01451,2023-12-02,Standard,5,Delivered
O006590,C00721,2024-07-30,Express,10,Delivered
O006591,C00955,2023-06-05,Same Day,30,Delivered
O006592,C00552,2024-01-08,Standard,15,Delivered
O006593,C00537,2024-07-09,Express,5,Returned
O006594,C00713,2024-09-09,Standard,30,Delivered
O006595,C00294,2024-02-23,Express,0,Delivered
O006596,C01013,2024-12-08,Standard,0,Delivered
O006597,C00247,2024-11-23,Standard,5,Delivered
O006598,C00014,2024-01-16,Standard,15,Delivered
O006599,C00660,2023-06-08,Standard,0,Delivered
O006600,C00123,2024-09-07,Express,10,Delivered
O006601,C00845,2023-08-22,Standard,0,Delivered
O006602,C00773,2024-10-17,Same Day,0,Delivered
O006603,C00211,2024-04-20,Express,30,Delivered
O006604,C00371,2024-06-10,Express,10,Delivered
O006605,C00042,2024-03-26,Express,5,Delivered
O006606,C00873,2024-06-10,Same Day,10,Returned
O006607,C00430,2024-11-23,Express,5,Delivered
O006608,C01057,2023-07-29,Express,0,Cancelled
O006609,C00918,2024-11-24,Standard,5,Delivered
O006610,C00563,2023-03-04,Express,30,Delivered
O006611,C00038,2024-09-05,Express,0,Delivered
O006612,C00472,2024-11-21,Standard,0,Delivered
O006613,C00480,2023-11-24,Standard,10,Returned
O006614,C00494,2023-03-16,Standard,5,Delivered
O006615,C01432,2024-09-28,Express,0,Delivered
O006616,C00246,2024-10-17,Express,5,Delivered
O006617,C00408,2023-10-25,Standard,20,Delivered
O006618,C01264,2024-05-18,Standard,0,Delivered
O006619,C01399,2024-10-01,Same Day,0,Delivered
O006620,C00708,2023-07-08,Standard,5,Delivered
O006621,C00805,2024-05-22,Express,5,Delivered
O006622,C00087,2023-12-16,Standard,0,Delivered
O006623,C01213,2023-06-21,Standard,10,Delivered
O006624,C00874,2024-10-11,Standard,10,Delivered
O006625,C00724,2023-10-18,Standard,10,Delivered
O006626,C00440,2024-11-27,,5,Delivered
O006627,C00667,2024-04-05,Standard,0,Delivered
O006628,C01088,2024-02-19,Express,0,Delivered
O006629,C00126,2023-12-12,Same Day,15,Delivered
O006630,C00762,2023-11-28,Express,10,Delivered
O006631,C00052,2024-10-05,Standard,5,Returned
O006632,C01151,2024-06-30,Standard,10,Delivered
O006633,C00314,2024-09-08,Standard,0,Delivered
O006634,C01376,2024-05-07,Express,15,Delivered
O006635,C00723,2023-09-06,Standard,10,Delivered
O006636,C00685,2023-03-30,Express,0,Returned
O006637,C00545,2024-09-10,Express,0,Delivered
O006638,C00771,2023-12-07,Standard,0,Delivered
O006639,C00501,2024-02-15,Standard,0,Delivered
O006640,C00543,2024-01-12,Express,5,Delivered
O006641,C00294,2023-12-17,Express,0,Delivered
O006642,C00515,2024-07-05,Standard,10,Delivered
O006643,C01224,2024-05-07,Express,5,Cancelled
O006644,C00371,2024-12-17,Standard,0,Delivered
O006645,C01245,2023-10-18,Same Day,0,Returned
O006646,C01305,2024-04-09,Standard,0,Delivered
O006647,C00969,2023-05-08,Express,5,Delivered
O006648,C00047,2024-09-30,Standard,10,Cancelled
O006649,C00842,2024-05-13,Same Day,5,Returned
O006650,C01268,2023-12-15,Express,0,Delivered
O006651,C00553,2024-09-26,Standard,20,Delivered
O006652,C00418,2024-01-01,Standard,5,Delivered
O006653,C00473,2023-08-09,Standard,5,Delivered
O006654,C00641,2024-01-15,Express,5,Delivered
O006655,C00112,2023-03-22,Express,0,Delivered
O006656,C00356,2024-11-11,Standard,10,Delivered
O006657,C00949,2024-08-09,Standard,10,Delivered
O006658,C00720,2024-08-30,Express,0,Returned
O006659,C00371,2024-11-01,Express,0,Delivered
O006660,C01405,2024-09-19,Standard,5,Delivered
O006661,C00435,2023-12-17,Express,5,Returned
O006662,C00206,2024-05-13,Standard,30,Delivered
O006663,C00299,2023-11-14,Standard,5,Delivered
O006664,C00435,2024-11-27,Same Day,20,Returned
O006665,C00778,2024-12-04,Express,0,Delivered
O006666,C00102,2024-09-04,Standard,10,Delivered
O006667,C01290,2023-07-19,Standard,0,Delivered
O006668,C01321,2023-07-10,Standard,20,Delivered
O006669,C00466,2024-11-03,Standard,10,Returned
O006670,C01153,2023-05-22,Same Day,10,Delivered
O006671,C00879,2024-04-17,Standard,0,Delivered
O006672,C01281,2023-11-16,Standard,5,Returned
O006673,C00418,2023-10-06,Express,10,Delivered
O006674,C00893,2024-06-29,Standard,0,Delivered
O006675,C00120,2024-12-10,Standard,10,Delivered
O006676,C00029,2024-09-10,Express,5,Delivered
O006677,C01321,2024-01-26,Standard,10,Delivered
O006678,C00434,2023-12-23,Standard,5,Returned
O006679,C00667,2024-11-15,Standard,10,Delivered
O006680,C00350,2024-04-13,Same Day,0,Returned
O006681,C01321,2024-02-04,Express,5,Delivered
O006682,C00584,2024-07-04,Standard,20,Delivered
O006683,C00269,2023-08-17,,0,Delivered
O006684,C00891,2023-03-07,Express,15,Delivered
O006685,C00310,2024-10-23,Standard,20,Delivered
O006686,C00395,2024-05-06,Standard,0,Delivered
O006687,C00980,2023-06-12,Standard,0,Delivered
O006688,C01443,2023-10-03,Standard,15,Delivered
O006689,C01118,2024-12-26,Same Day,30,Cancelled
O006690,C00196,2024-05-27,Standard,0,Delivered
O006691,C00453,2024-06-02,Standard,20,Delivered
O006692,C01195,2023-10-31,Express,0,Delivered
O006693,C00416,2024-12-15,Express,5,Delivered
O006694,C01091,2024-11-09,,20,Delivered
O006695,C00717,2024-03-19,Express,0,Delivered
O006696,C01334,2023-10-10,Express,15,Delivered
O006697,C00543,2024-07-16,Standard,0,Delivered
O006698,C01407,2024-10-12,,5,Delivered
O006699,C00617,2024-09-16,Express,20,Delivered
O006700,C01076,2024-12-19,Standard,0,Delivered
O006701,C00294,2024-05-28,Same Day,10,Delivered
O006702,C00789,2023-10-16,Same Day,20,Delivered
O006703,C00451,2024-02-05,Standard,15,Delivered
O006704,C00035,2024-10-04,Standard,20,Delivered
O006705,C00656,2024-02-03,Same Day,20,Delivered
O006706,C00260,2024-04-29,Standard,0,Delivered
O006707,C01441,2024-08-05,Standard,10,Delivered
O006708,C01215,2023-12-25,Express,5,Delivered
O006709,C01091,2024-10-04,Express,10,Delivered
O006710,C00681,2023-05-23,Standard,10,Delivered
O006711,C00392,2023-10-25,Standard,0,Delivered
O006712,C00480,2023-09-11,Express,15,Delivered
O006713,C00308,2024-07-16,Same Day,5,Delivered
O006714,C00829,2024-08-29,,10,Delivered
O006715,C01221,2024-01-01,Standard,5,Delivered
O006716,C00280,2024-01-19,Standard,0,Delivered
O006717,C00013,2023-08-15,Standard,10,Delivered
O006718,C00197,2024-07-19,Standard,5,Delivered
O006719,C00693,2024-12-27,Express,15,Delivered
O006720,C00037,2024-09-10,Standard,15,Delivered
O006721,C00614,2023-08-05,Express,15,Delivered
O006722,C00172,2024-05-18,Express,15,Delivered
O006723,C00167,2023-10-02,Express,20,Delivered
O006724,C01057,2023-01-30,Standard,0,Delivered
O006725,C01500,2023-06-26,Express,10,Delivered
O006726,C00294,2023-10-24,Standard,0,Delivered
O006727,C00343,2023-08-16,Standard,5,Delivered
O006728,C00435,2024-09-22,Express,15,Delivered
O006729,C01170,2024-04-03,Express,10,Delivered
O006730,C00762,2024-08-27,Express,10,Delivered
O006731,C00848,2024-12-04,Standard,10,Delivered
O006732,C00819,2024-04-09,Express,0,Delivered
O006733,C01410,2024-01-25,Standard,20,Delivered
O006734,C00052,2024-08-23,Express,0,Delivered
O006735,C00234,2023-04-09,Standard,0,Returned
O006736,C00576,2023-12-15,Express,0,Delivered
O006737,C00730,2024-02-06,Same Day,20,Cancelled
O006738,C00175,2024-10-11,Standard,5,Delivered
O006739,C01351,2024-10-03,Express,5,Delivered
O006740,C00993,2024-10-19,Express,5,Delivered
O006741,C01405,2024-07-16,Standard,0,Delivered
O006742,C01416,2024-03-04,Standard,0,Delivered
O006743,C00763,2024-10-10,Standard,0,Returned
O006744,C01288,2024-10-31,Standard,5,Delivered
O006745,C01089,2024-01-21,Standard,0,Cancelled
O006746,C00545,2024-12-24,Express,5,Delivered
O006747,C00957,2024-11-01,Standard,5,Delivered
O006748,C01431,2024-03-19,Standard,5,Delivered
O006749,C01129,2023-03-12,Express,20,Delivered
O006750,C01049,2023-12-21,Express,0,Delivered
O006751,C00335,2024-09-09,Standard,5,Delivered
O006752,C01261,2023-04-23,Express,0,Delivered
O006753,C00590,2024-01-13,Standard,20,Delivered
O006754,C00910,2024-06-10,Express,20,Delivered
O006755,C00993,2024-11-03,Standard,0,Delivered
O006756,C00767,2024-10-19,Standard,0,Delivered
O006757,C00247,2024-09-01,Same Day,0,Delivered
O006758,C01019,2023-12-02,Standard,0,Delivered
O006759,C00371,2024-06-10,Standard,0,Delivered
O006760,C00397,2024-06-23,Standard,0,Delivered
O006761,C00197,2023-07-12,Standard,0,Delivered
O006762,C00905,2024-03-30,Express,0,Delivered
O006763,C00183,2024-12-21,Standard,5,Delivered
O006764,C00515,2024-03-21,Standard,0,Delivered
O006765,C01343,2024-06-04,Express,5,Delivered
O006766,C00680,2024-06-30,Standard,20,Delivered
O006767,C01353,2024-10-11,Standard,5,Delivered
O006768,C00746,2024-02-09,Standard,0,Delivered
O006769,C00269,2024-02-04,Express,20,Delivered
O006770,C01123,2023-06-28,Standard,0,Delivered
O006771,C00534,2024-05-12,Express,0,Delivered
O006772,C01457,2023-10-02,Express,10,Delivered
O006773,C00397,2024-02-13,Standard,0,Delivered
O006774,C01246,2024-09-03,Express,5,delivered
O006775,C00747,2023-01-18,Same Day,15,Delivered
O006776,C01281,2024-04-01,Express,10,Delivered
O006777,C00276,2023-06-20,Express,15,Delivered
O006778,C00923,2023-09-20,Standard,0,Delivered
O006779,C00175,2023-02-23,Standard,0,Delivered
O006780,C01204,2023-06-16,Express,5,Delivered
O006781,C00353,2024-12-24,Standard,5,Returned
O006782,C00651,2024-12-31,Standard,10,Returned
O006783,C00956,2024-08-02,Standard,10,Delivered
O006784,C00724,2024-05-09,Standard,0,Delivered
O006785,C01156,2024-09-10,Express,20,Delivered
O006786,C01012,2024-11-11,Standard,0,Returned
O006787,C00206,2024-05-13,Express,30,Delivered
O006788,C01152,2023-02-05,Standard,0,Delivered
O006789,C00644,2024-07-24,Standard,10,Delivered
O006790,C00876,2024-12-23,Standard,10,Cancelled
O006791,C00325,2024-04-29,Standard,10,Delivered
O006792,C00641,2024-01-08,Standard,15,Delivered
O006793,C01239,2023-11-07,Standard,10,Delivered
O006794,C01400,2023-11-23,Standard,10,Delivered
O006795,C01415,2024-08-03,Express,20,Delivered
O006796,C01025,2023-11-16,Same Day,0,Delivered
O006797,C00124,2024-11-30,Express,5,Delivered
O006798,C00665,2024-09-18,Standard,10,Delivered
O006799,C00294,2023-10-24,Standard,0,Delivered
O006800,C01021,2024-10-05,Standard,0,Delivered
O006801,C00240,2024-09-07,Standard,0,Returned
O006802,C01472,2024-05-27,Standard,0,Delivered
O006803,C00294,2024-02-04,Standard,10,Delivered
O006804,C00087,2024-10-13,Express,10,Delivered
O006805,C01281,2023-12-13,Standard,0,Delivered
O006806,C00303,2023-06-07,,5,Delivered
O006807,C00042,2023-10-12,Express,0,Delivered
O006808,C00822,2023-09-09,Express,20,Delivered
O006809,C01463,2024-07-02,Express,10,Delivered
O006810,C00404,2024-04-10,Standard,0,Delivered
O006811,C00617,2024-06-04,Express,0,Delivered
O006812,C00354,2024-02-20,Same Day,15,Delivered
O006813,C00834,2024-10-15,Standard,10,Delivered
O006814,C00479,2024-01-25,Standard,5,Delivered
O006815,C00872,2024-11-25,Standard,10,Returned
O006816,C00724,2024-11-12,Express,5,Delivered
O006817,C01404,2023-07-01,Standard,20,Delivered
O006818,C00977,2024-07-06,Express,20,Delivered
O006819,C01007,2023-07-29,Standard,0,Delivered
O006820,C00730,2024-10-08,Standard,10,Delivered
O006821,C00441,2024-05-28,Standard,15,Delivered
O006822,C00455,2023-10-01,Standard,0,Returned
O006823,C00760,2024-05-08,Express,20,Delivered
O006824,C00293,2023-12-16,Standard,5,Cancelled
O006825,C00208,2024-09-25,Standard,0,Delivered
O006826,C00562,2024-09-22,Express,30,Delivered
O006827,C00206,2024-05-13,Standard,10,Delivered
O006828,C00346,2023-10-06,Standard,0,Delivered
O006829,C00797,2023-12-11,Standard,5,Delivered
O006830,C01179,2024-04-19,Same Day,10,Delivered
O006831,C00338,2023-05-28,Standard,10,Delivered
O006832,C01185,2023-10-24,Standard,0,Delivered
O006833,C00036,2024-11-06,Express,10,Delivered
O006834,C01500,2024-01-18,Standard,15,Delivered
O006835,C00772,2024-08-18,Standard,15,Delivered
O006836,C00723,2024-01-25,Standard,0,Delivered
O006837,C00954,2024-01-15,Standard,30,Delivered
O006838,C00723,2024-05-17,Express,0,Delivered
O006839,C00617,2023-09-04,Standard,15,Delivered
O006840,C00561,2023-08-27,Express,0,Delivered
O006841,C01472,2024-12-26,Standard,20,Delivered
O006842,C01306,2024-10-29,Express,15,Delivered
O006843,C00759,2024-08-14,Standard,20,Delivered
O006844,C01273,2023-05-26,Standard,0,Delivered
O006845,C00224,2023-01-30,Standard,15,Delivered
O006846,C00788,2023-06-22,Express,0,Delivered
O006847,C00676,2024-11-29,Express,5,Delivered
O006848,C00480,2024-10-04,Standard,20,Delivered
O006849,C01394,2024-02-27,Express,10,Delivered
O006850,C01266,2024-12-15,Same Day,10,Delivered
O006851,C01381,2023-09-10,Same Day,0,Delivered
O006852,C00923,2024-03-28,Standard,5,Returned
O006853,C00570,2023-06-29,Standard,0,Delivered
O006854,C01121,2023-10-08,Express,0,Delivered
O006855,C00170,2024-11-30,Standard,20,Delivered
O006856,C01289,2024-10-29,Express,10,Returned
O006857,C00046,2023-04-14,Standard,0,Delivered
O006858,C01239,2023-08-27,Express,5,Delivered
O006859,C01035,2024-04-26,Standard,0,Returned
O006860,C00140,2023-03-04,Express,0,Delivered
O006861,C00223,2024-03-21,Express,15,Delivered
O006862,C00680,2024-04-18,Standard,0,Delivered
O006863,C00438,2023-09-29,Standard,0,Delivered
O006864,C01312,2023-09-30,Standard,0,Delivered
O006865,C00294,2023-10-24,Express,10,Returned
O006866,C00630,2024-11-28,Standard,0,Delivered
O006867,C00394,2023-11-22,Standard,0,Delivered
O006868,C00197,2024-04-18,Standard,20,Delivered
O006869,C00392,2023-10-05,Express,10,Delivered
O006870,C01301,2024-07-19,Standard,0,Returned
O006871,C01058,2024-01-24,Same Day,15,Delivered
O006872,C01388,2023-05-04,Express,5,Delivered
O006873,C00616,2024-08-19,Express,15,Delivered
O006874,C00362,2024-08-06,Express,0,Delivered
O006875,C00043,2023-09-09,Standard,0,Delivered
O006876,C00749,2023-11-04,Standard,0,Delivered
O006877,C00068,2024-12-09,Standard,5,Delivered
O006878,C00011,2023-04-16,Standard,5,Delivered
O006879,C00888,2023-06-29,Standard,5,Delivered
O006880,C00246,2023-12-16,Express,5,Delivered
O006881,C00841,2023-09-22,Standard,5,Delivered
O006882,C00852,2024-06-07,Standard,5,Delivered
O006883,C01072,2024-07-10,Standard,0,Delivered
O006884,C00579,2024-03-01,Standard,10,Delivered
O006885,C01039,2024-05-09,Standard,15,Delivered
O006886,C00554,2023-12-18,Standard,30,Delivered
O006887,C00154,2024-08-30,Express,0,Delivered
O006888,C00451,2023-12-11,Express,5,Delivered
O006889,C00024,2024-03-11,Standard,0,Cancelled
O006890,C00696,2024-07-05,Express,10,Cancelled
O006891,C01092,2023-10-21,Standard,5,Delivered
O006892,C01169,2023-03-22,Standard,20,Cancelled
O006893,C00351,2023-10-30,Standard,20,Returned
O006894,C00165,2024-07-26,Standard,0,Delivered
O006895,C00280,2023-05-03,Express,5,Delivered
O006896,C01479,2024-08-05,Express,5,Delivered
O006897,C00453,2024-09-09,Express,10,Delivered
O006898,C00652,2024-05-27,Standard,15,Delivered
O006899,C00122,2023-08-23,Standard,0,Delivered
O006900,C01178,2024-09-28,Standard,0,Delivered
O006901,C00674,2023-07-29,Standard,10,Delivered
O006902,C00139,2024-11-15,Standard,5,Delivered
O006903,C00721,2024-07-22,Standard,10,Delivered
O006904,C01057,2023-02-25,Standard,0,Delivered
O006905,C00721,2024-09-24,Standard,0,Delivered
O006906,C01463,2024-02-12,Standard,0,Delivered
O006907,C01319,2023-12-30,Express,15,Delivered
O006908,C00767,2023-12-10,Express,5,Delivered
O006909,C01416,2024-05-05,Express,0,Delivered
O006910,C01222,2024-08-05,Same Day,0,Delivered
O006911,C00555,2024-11-10,Express,15,Delivered
O006912,C01151,2023-09-15,Express,5,Delivered
O006913,C00762,2024-05-24,Express,15,Delivered
O006914,C00805,2024-07-06,Express,20,Delivered
O006915,C00774,2024-06-27,Standard,0,Delivered
O006916,C01203,2024-01-31,Standard,20,Delivered
O006917,C01394,2023-11-23,Standard,5,Delivered
O006918,C00472,2024-08-31,Standard,10,Returned
O006919,C00937,2023-10-04,Standard,5,Delivered
O006920,C00915,2023-07-23,Same Day,10,Delivered
O006921,C01338,2024-03-17,Express,10,Delivered
O006922,C00673,2023-09-11,Standard,0,Delivered
O006923,C00286,2024-06-15,Standard,5,Delivered
O006924,C00307,2023-12-28,Express,0,Delivered
O006925,C00080,2024-07-13,Express,0,Delivered
O006926,C00155,2024-12-17,Express,10,Delivered
O006927,C00438,2023-12-31,Standard,10,Delivered
O006928,C00159,2023-11-27,Express,0,Delivered
O006929,C01319,2024-10-05,Same Day,0,Delivered
O006930,C00546,2023-09-06,Express,30,Delivered
O006931,C00555,2024-12-29,Express,5,Delivered
O006932,C01122,2024-03-31,Standard,10,Delivered
O006933,C00438,2023-08-13,Same Day,0,Delivered
O006934,C01058,2024-02-03,Standard,10,Delivered
O006935,C01246,2023-10-24,Standard,15,Returned
O006936,C00545,2024-09-11,Express,0,Delivered
O006937,C00724,2023-04-18,Standard,5,Delivered
O006938,C00478,2024-10-24,Express,0,Returned
O006939,C00642,2024-09-03,Express,0,Delivered
O006940,C00861,2024-10-26,Standard,10,Delivered
O006941,C00522,2024-11-10,Express,10,Returned
O006942,C00698,2023-11-28,Express,10,Delivered
O006943,C00749,2024-02-25,Express,5,Delivered
O006944,C00042,2024-10-20,Standard,5,Delivered
O006945,C00245,2023-12-24,Standard,5,Delivered
O006946,C00807,2023-03-25,Standard,0,Delivered
O006947,C00008,2023-11-03,Express,0,Delivered
O006948,C01036,2023-08-21,Express,0,Delivered
O006949,C01379,2024-10-30,Standard,20,Delivered
O006950,C01116,2024-04-13,Standard,0,Delivered
O006951,C00455,2024-07-04,Express,5,Delivered
O006952,C00676,2024-12-11,Express,5,Delivered
O006953,C00954,2024-01-15,Standard,10,Delivered
O006954,C00996,2024-08-30,Standard,15,Delivered
O006955,C01472,2024-05-27,Standard,10,Delivered
O006956,C00746,2024-02-09,Express,0,Delivered
O006957,C00375,2023-06-09,Standard,0,Delivered
O006958,C00547,2023-10-11,Express,15,Delivered
O006959,C01396,2023-11-29,Standard,20,Delivered
O006960,C00922,2024-01-18,Standard,20,Delivered
O006961,C01306,2023-08-24,Standard,15,Delivered
O006962,C01072,2023-12-17,Standard,5,Cancelled
O006963,C01456,2024-06-30,Standard,0,Delivered
O006964,C00757,2023-04-19,Standard,10,Delivered
O006965,C01426,2024-10-01,Standard,10,Delivered
O006966,C01335,2024-11-25,Express,0,Delivered
O006967,C01281,2024-07-25,Standard,10,Delivered
O006968,C01416,2024-04-27,Standard,30,Delivered
O006969,C00784,2024-06-13,Standard,0,Delivered
O006970,C01095,2024-06-10,Standard,5,Delivered
O006971,C00832,2024-11-26,Express,5,Delivered
O006972,C01154,2024-12-12,Express,0,Delivered
O006973,C01129,2023-12-14,Express,15,Delivered
O006974,C01123,2024-05-13,Express,10,Delivered
O006975,C00651,2024-09-27,Standard,0,Delivered
O006976,C01195,2023-10-31,Standard,15,Delivered
O006977,C01321,2024-03-01,Standard,5,Delivered
O006978,C00923,2024-06-10,Standard,10,Delivered
O006979,C00681,2024-07-31,Standard,10,Delivered
O006980,C01289,2023-11-11,Express,20,Delivered
O006981,C01156,2023-10-02,Express,0,Delivered
O006982,C00713,2023-06-28,Standard,10,Delivered
O006983,C00860,2024-03-27,Standard,10,Delivered
O006984,C01008,2024-11-21,Express,20,Delivered
O006985,C01012,2024-11-10,Express,15,Delivered
O006986,C00453,2024-06-02,Express,20,Delivered
O006987,C00429,2023-09-03,Standard,0,Delivered
O006988,C01338,2024-09-18,Standard,5,Delivered
O006989,C01410,2024-08-05,Express,0,Delivered
O006990,C00614,2024-02-11,Standard,5,Delivered
O006991,C01388,2023-11-22,Standard,15,Delivered
O006992,C00716,2023-05-05,Standard,5,Delivered
O006993,C00251,2024-09-15,Express,0,Delivered
O006994,C01085,2024-05-14,Standard,10,Delivered
O006995,C00076,2023-11-16,Standard,0,Delivered
O006996,C00175,2024-11-20,Standard,0,Delivered
O006997,C01416,2024-06-15,Standard,10,Delivered
O006998,C00772,2024-11-25,Express,15,Returned
O006999,C00403,2024-01-16,Same Day,0,Delivered
O007000,C00725,2023-12-31,Standard,10,Delivered
O007001,C00859,2024-11-28,Standard,5,Delivered
O007002,C00930,2024-12-10,Express,0,Delivered
O007003,C00520,2024-12-11,Express,5,Delivered
O007004,C00586,2024-10-05,Express,0,Delivered
O007005,C00826,2024-01-07,Standard,15,Delivered
O007006,C00914,2024-04-23,Standard,10,Delivered
O007007,C01396,2023-11-19,Same Day,0,Delivered
O007008,C00597,2024-11-29,Standard,0,Delivered
O007009,C01321,2023-11-09,Standard,0,Delivered
O007010,C01496,2024-08-27,Express,30,Cancelled
O007011,C00502,2024-11-22,Express,15,Delivered
O007012,C00044,2024-12-16,Standard,15,Delivered
O007013,C00888,2024-12-04,Same Day,5,Delivered
O007014,C01376,2024-05-07,Standard,15,Delivered
O007015,C00087,2024-01-30,Standard,10,Delivered
O007016,C00294,2024-12-25,Standard,0,Delivered
O007017,C00989,2023-08-01,Standard,5,Cancelled
O007018,C01217,2023-07-06,Standard,5,Delivered
O007019,C00137,2024-12-12,Standard,5,Delivered
O007020,C00548,2024-07-09,Standard,0,Delivered
O007021,C00356,2024-03-09,Standard,5,Delivered
O007022,C01454,2024-05-15,Standard,10,Delivered
O007023,C01007,2024-02-18,Same Day,0,Delivered
O007024,C00723,2024-12-02,Standard,0,Delivered
O007025,C01306,2024-05-03,Express,10,Delivered
O007026,C00801,2024-02-06,Standard,5,Delivered
O007027,C01388,2024-03-21,Standard,5,Returned
O007028,C00356,2024-11-06,Standard,20,Delivered
O007029,C00044,2024-11-18,Same Day,5,Delivered
O007030,C00652,2024-02-02,Standard,0,Delivered
O007031,C00308,2024-05-06,Standard,0,Delivered
O007032,C01272,2023-09-20,Standard,0,Delivered
O007033,C00791,2024-02-16,,0,Delivered
O007034,C00426,2023-12-13,Standard,15,Delivered
O007035,C01152,2024-03-05,Standard,20,Delivered
O007036,C00784,2024-04-13,Standard,5,Delivered
O007037,C00759,2023-10-26,Express,0,Delivered
O007038,C00272,2023-11-16,,0,Delivered
O007039,C01498,2023-05-30,Same Day,10,Delivered
O007040,C00959,2023-05-19,Standard,20,Delivered
O007041,C01289,2024-07-26,Standard,5,Delivered
O007042,C01124,2023-08-04,Standard,20,Delivered
O007043,C00759,2023-04-29,Express,0,Delivered
O007044,C00029,2024-12-31,Express,10,Delivered
O007045,C00970,2023-09-22,Express,0,Delivered
O007046,C00155,2024-11-10,Standard,10,Delivered
O007047,C01449,2024-05-07,Standard,10,Delivered
O007048,C00373,2024-07-29,Standard,10,Delivered
O007049,C00554,2024-03-29,Standard,15,Delivered
O007050,C00829,2023-06-27,Standard,0,Delivered
O007051,C00759,2024-10-19,Standard,0,Delivered
O007052,C00955,2024-10-10,Standard,10,Delivered
O007053,C01166,2023-11-01,Standard,10,Delivered
O007054,C01122,2024-09-01,Same Day,20,Delivered
O007055,C01382,2024-03-15,Same Day,15,Delivered
O007056,C00716,2024-11-16,Express,5,Delivered
O007057,C00796,2024-09-27,Express,5,Delivered
O007058,C01321,2023-02-11,Standard,10,Cancelled
O007059,C00418,2024-11-03,Standard,0,Delivered
O007060,C00371,2024-12-15,Standard,5,cancelled
O007061,C00026,2024-08-17,Standard,0,Delivered
O007062,C01091,2023-08-11,Express,0,Returned
O007063,C01012,2024-09-30,Standard,15,Delivered
O007064,C00418,2024-06-06,Same Day,5,Cancelled
O007065,C00206,2024-05-13,Express,15,Delivered
O007066,C00071,2024-11-05,Standard,20,Returned
O007067,C00730,2024-04-02,Express,15,Delivered
O007068,C00294,2024-10-22,Express,15,Delivered
O007069,C01189,2024-06-24,Standard,0,Delivered
O007070,C01426,2024-06-12,Standard,0,Delivered
O007071,C01155,2024-12-18,Standard,10,Delivered
O007072,C01287,2024-04-07,Standard,0,Delivered
O007073,C01493,2024-02-21,Express,5,Delivered
O007074,C01092,2023-11-29,Standard,20,Delivered
O007075,C00848,2023-05-16,Express,10,Cancelled
O007076,C01218,2024-07-06,Standard,0,Returned
O007077,C00845,2023-12-16,Same Day,10,Returned
O007078,C00653,2024-11-27,Standard,15,Delivered
O007079,C00049,2024-12-13,Express,20,Delivered
O007080,C00940,2024-09-04,Standard,10,Delivered
O007081,C01356,2023-08-21,Express,0,Delivered
O007082,C01013,2024-07-30,Express,15,Delivered
O007083,C00615,2023-01-21,Standard,10,Delivered
O007084,C00899,2024-10-09,Standard,5,Delivered
O007085,C01228,2024-03-12,Same Day,15,Delivered
O007086,C01131,2024-11-28,Same Day,5,Delivered
O007087,C00743,2023-11-16,Express,20,Delivered
O007088,C00546,2023-09-07,Standard,20,Delivered
O007089,C00605,2024-12-29,Standard,0,Delivered
O007090,C01382,2024-03-04,Standard,5,Delivered
O007091,C00255,2024-10-26,Express,0,Delivered
O007092,C01306,2024-11-17,Standard,0,Delivered
O007093,C00294,2024-02-23,Standard,0,Delivered
O007094,C01477,2024-05-13,Same Day,5,Delivered
O007095,C00674,2024-03-23,Express,0,Delivered
O007096,C01086,2024-10-19,Express,15,Delivered
O007097,C01080,2024-12-13,Same Day,0,Delivered
O007098,C01151,2023-10-20,Standard,0,Delivered
O007099,C01178,2024-08-15,Standard,0,Delivered
O007100,C00065,2023-09-24,Same Day,5,Delivered
O007101,C00411,2024-05-09,Same Day,0,Delivered
O007102,C00343,2024-09-28,Standard,15,Delivered
O007103,C01024,2024-11-06,Standard,5,Returned
O007104,C01007,2023-12-28,Standard,20,Delivered
O007105,C00435,2023-11-12,,0,Delivered
O007106,C01189,2023-08-30,Standard,0,Delivered
O007107,C00453,2024-06-02,Standard,15,delivered
O007108,C00507,2024-05-03,Express,5,Delivered
O007109,C00609,2024-10-31,Standard,0,Delivered
O007110,C01096,2024-06-16,Express,0,Delivered
O007111,C00032,2023-10-14,Standard,20,Delivered
O007112,C01380,2024-08-15,Standard,0,Delivered
O007113,C01013,2023-10-31,Express,5,Delivered
O007114,C00867,2023-09-02,Express,20,Delivered
O007115,C00354,2024-11-28,Express,10,Delivered
O007116,C01172,2023-12-22,Express,15,Delivered
O007117,C01320,2023-12-06,Express,5,Returned
O007118,C00758,2024-04-11,Express,10,Delivered
O007119,C00428,2023-08-11,Express,10,Delivered
O007120,C00576,2023-09-21,Standard,0,Delivered
O007121,C00630,2023-08-04,Express,10,Delivered
O007122,C00442,2023-10-30,Standard,20,Delivered
O007123,C01055,2024-11-11,Same Day,0,Delivered
O007124,C00507,2024-05-03,Standard,5,Delivered
O007125,C01245,2023-12-08,Standard,5,Delivered
O007126,C00697,2024-03-05,Standard,10,Delivered
O007127,C00916,2024-12-12,Standard,10,Delivered
O007128,C01423,2023-04-29,Standard,5,Delivered
O007129,C00671,2024-10-31,Standard,0,Delivered
O007130,C00255,2023-10-20,Same Day,0,Delivered
O007131,C00826,2024-12-08,Standard,0,Delivered
O007132,C00749,2023-10-13,Same Day,10,Delivered
O007133,C01163,2023-07-18,Express,5,Delivered
O007134,C01301,2024-02-24,Standard,5,Delivered
O007135,C01057,2023-08-09,Standard,5,Delivered
O007136,C01465,2024-08-25,Same Day,5,delivered
O007137,C00408,2024-06-14,Express,10,Delivered
O007138,C00356,2024-07-07,Standard,10,Returned
O007139,C00427,2024-05-27,Standard,15,Delivered
O007140,C00977,2024-07-24,Standard,0,Delivered
O007141,C00352,2023-10-11,Express,10,Delivered
O007142,C00140,2024-12-31,Standard,0,Delivered
O007143,C01472,2024-08-10,Standard,0,Cancelled
O007144,C00458,2024-04-23,Standard,10,Delivered
O007145,C00335,2024-10-28,Standard,0,Delivered
O007146,C00543,2024-04-22,Standard,0,Cancelled
O007147,C00235,2024-03-23,Express,0,Delivered
O007148,C00057,2023-08-17,Express,10,Delivered
O007149,C00442,2024-06-30,Express,0,Delivered
O007150,C00501,2023-11-14,Same Day,15,Cancelled
O007151,C01221,2023-02-13,Express,5,Delivered
O007152,C00656,2024-10-04,Standard,0,Delivered
O007153,C01089,2023-02-22,Standard,5,Delivered
O007154,C01089,2024-06-25,Express,15,Delivered
O007155,C01177,2023-11-03,Express,10,Delivered
O007156,C01394,2023-12-18,Same Day,0,Delivered
O007157,C00752,2024-10-25,Standard,15,Delivered
O007158,C00161,2023-04-06,Standard,5,Delivered
O007159,C00063,2024-06-21,Express,30,Delivered
O007160,C00280,2024-05-10,Express,5,Delivered
O007161,C01259,2024-10-29,Standard,0,Delivered
O007162,C00853,2023-09-02,Standard,15,Delivered
O007163,C00216,2024-09-25,Express,0,Delivered
O007164,C00208,2023-12-29,Standard,10,Delivered
O007165,C01350,2023-12-15,Express,5,Delivered
O007166,C00773,2024-05-18,Same Day,0,Delivered
O007167,C00260,2024-04-29,Standard,0,Delivered
O007168,C01355,2024-04-12,Standard,0,Delivered
O007169,C01068,2023-04-18,Same Day,0,Delivered
O007170,C00724,2023-12-13,Standard,5,Delivered
O007171,C00702,2024-06-09,Standard,10,Delivered
O007172,C00980,2024-02-05,Standard,0,Delivered
O007173,C00501,2023-06-13,Express,0,Returned
O007174,C01500,2023-11-08,Standard,15,Delivered
O007175,C01168,2023-12-24,Express,0,Delivered
O007176,C00936,2024-06-23,Standard,15,Delivered
O007177,C01012,2024-11-12,Standard,0,Delivered
O007178,C01499,2024-03-21,Standard,15,Delivered
O007179,C00030,2024-06-29,Standard,10,Delivered
O007180,C00042,2023-03-20,Express,0,Delivered
O007181,C01170,2024-12-07,Standard,0,Delivered
O007182,C00313,2023-10-13,Express,0,Delivered
O007183,C01008,2023-11-04,Standard,0,Delivered
O007184,C00759,2023-08-05,Standard,5,Delivered
O007185,C00467,2023-03-28,Standard,10,Delivered
O007186,C00349,2024-09-18,Express,10,Delivered
O007187,C01155,2023-08-20,Express,0,Returned
O007188,C00259,2023-10-22,Express,10,Delivered
O007189,C00235,2023-11-18,Standard,0,Delivered
O007190,C00665,2024-12-18,Same Day,0,Delivered
O007191,C00188,2024-09-12,Express,0,Delivered
O007192,C00937,2024-11-25,Same Day,0,Delivered
O007193,C01495,2024-10-26,Standard,0,Delivered
O007194,C01102,2024-11-15,Standard,0,Delivered
O007195,C00883,2024-01-20,Express,5,Delivered
O007196,C00599,2023-06-17,Standard,20,Delivered
O007197,C01490,2023-10-20,Express,10,Delivered
O007198,C01325,2023-09-30,Standard,20,Delivered
O007199,C01243,2024-07-31,Standard,0,Delivered
O007200,C00343,2023-08-16,Standard,15,Delivered
O007201,C00196,2023-05-22,Standard,0,Cancelled
O007202,C00267,2024-07-04,Standard,0,Delivered
O007203,C00391,2023-11-15,Same Day,0,Delivered
O007204,C00128,2024-03-05,Standard,5,Delivered
O007205,C01339,2023-04-21,Standard,0,Delivered
O007206,C00280,2024-07-10,Standard,10,Delivered
O007207,C00341,2023-05-19,Standard,15,Delivered
O007208,C01339,2023-05-26,Standard,0,delivered
O007209,C01439,2023-08-11,Standard,15,Delivered
O007210,C00335,2024-08-23,Standard,0,Delivered
O007211,C00432,2023-11-05,Standard,0,Returned
O007212,C01200,2023-02-05,Express,0,Delivered
O007213,C01464,2024-11-15,Express,0,Delivered
O007214,C00951,2024-11-02,Express,0,Delivered
O007215,C00665,2023-09-16,Standard,0,Cancelled
O007216,C00986,2024-02-10,Standard,0,Delivered
O007217,C01160,2023-07-04,Standard,15,Delivered
O007218,C00175,2024-08-01,Standard,15,Delivered
O007219,C00656,2024-02-03,Express,30,Delivered
O007220,C01296,2024-11-26,Standard,0,Delivered
O007221,C01042,2024-10-10,Standard,0,Delivered
O007222,C00229,2024-04-21,Express,10,Delivered
O007223,C01118,2023-07-15,Standard,10,Delivered
O007224,C00970,2024-11-05,Standard,0,Delivered
O007225,C00397,2024-08-07,Same Day,15,Delivered
O007226,C00515,2024-09-17,Standard,30,Delivered
O007227,C00457,2023-03-15,Express,0,Delivered
O007228,C01496,2024-07-24,Standard,20,Delivered
O007229,C00276,2024-09-28,Same Day,0,Returned
O007230,C01259,2024-12-08,Express,5,Cancelled
O007231,C00788,2024-04-14,Standard,0,Delivered
O007232,C01325,2024-02-14,Same Day,10,Delivered
O007233,C01477,2024-05-13,Standard,0,Delivered
O007234,C01447,2024-07-18,Express,5,Delivered
O007235,C01289,2024-11-21,Express,0,Delivered
O007236,C00625,2024-04-30,Standard,5,Delivered
O007237,C00410,2024-04-15,Standard,10,Delivered
O007238,C00472,2023-01-18,Standard,0,Delivered
O007239,C00955,2024-05-15,Standard,5,Delivered
O007240,C00505,2024-10-27,Standard,30,Delivered
O007241,C00656,2024-02-03,Standard,20,Delivered
O007242,C00124,2023-11-26,Express,30,Cancelled
O007243,C01151,2024-11-30,Same Day,0,Cancelled
O007244,C00172,2024-02-08,Standard,5,Delivered
O007245,C00500,2023-08-03,Express,15,Delivered
O007246,C00871,2023-11-03,Standard,20,Delivered
O007247,C00789,2023-12-02,Same Day,0,Delivered
O007248,C01351,2023-12-07,Express,30,Delivered
O007249,C00958,2024-06-16,Same Day,5,Delivered
O007250,C01177,2024-04-24,Express,15,Delivered
O007251,C00441,2024-06-06,Standard,5,Delivered
O007252,C00208,2024-05-09,Standard,0,Delivered
O007253,C01096,2024-06-16,Standard,0,Delivered
O007254,C00228,2023-08-14,Standard,0,Delivered
O007255,C01270,2023-06-15,Standard,10,Delivered
O007256,C01416,2023-08-27,Standard,10,Returned
O007257,C00418,2024-08-12,Express,5,Delivered
O007258,C01126,2024-03-25,Express,10,Delivered
O007259,C00656,2024-06-22,Standard,5,Delivered
O007260,C00438,2023-06-25,Express,0,Delivered
O007261,C00652,2024-02-02,Standard,0,Delivered
O007262,C00949,2023-06-10,Standard,5,Delivered
O007263,C01490,2024-02-14,Standard,5,Delivered
O007264,C00438,2024-06-04,Standard,20,Delivered
O007265,C01044,2024-10-02,Standard,20,Delivered
O007266,C00496,2023-12-23,Standard,5,Delivered
O007267,C00379,2024-05-13,Standard,0,Delivered
O007268,C00922,2024-09-08,Standard,15,Delivered
O007269,C01126,2024-03-25,Standard,0,Delivered
O007270,C01066,2023-03-23,Express,5,Returned
O007271,C01416,2023-08-27,Standard,30,Delivered
O007272,C00165,2023-04-03,Standard,20,Returned
O007273,C00807,2024-11-06,Standard,20,Delivered
O007274,C00426,2023-12-13,Standard,0,Delivered
O007275,C01239,2024-02-27,Standard,5,Delivered
O007276,C00098,2024-09-04,Standard,15,Delivered
O007277,C00266,2023-11-13,Express,0,Delivered
O007278,C01151,2024-06-07,Express,15,Delivered
O007279,C00538,2024-05-06,Same Day,0,Delivered
O007280,C01003,2024-05-22,Same Day,20,Returned
O007281,C01500,2023-04-08,Standard,5,Cancelled
O007282,C00693,2024-01-16,Standard,0,Returned
O007283,C00791,2024-02-16,Standard,20,Delivered
O007284,C01470,2024-07-31,Standard,10,Delivered
O007285,C01102,2024-06-27,Standard,5,Returned
O007286,C00294,2024-08-21,Standard,30,Delivered
O007287,C01204,2023-03-05,,10,Delivered
O007288,C00768,2024-12-28,Standard,10,Delivered
O007289,C01176,2023-03-12,Same Day,5,Delivered
O007290,C00878,2024-10-09,Same Day,15,Delivered
O007291,C00341,2024-08-16,Standard,10,Delivered
O007292,C01234,2024-04-24,Standard,10,Delivered
O007293,C00007,2023-12-21,Standard,20,Delivered
O007294,C01339,2024-08-28,Standard,0,Delivered
O007295,C01240,2024-08-16,Express,15,Returned
O007296,C01464,2024-03-27,Same Day,15,Delivered
O007297,C00056,2024-09-20,Standard,0,Delivered
O007298,C00657,2024-03-09,Standard,10,Delivered
O007299,C00255,2024-02-07,Express,15,Cancelled
O007300,C00565,2024-06-04,Standard,5,Delivered
O007301,C00543,2024-10-07,Express,0,Delivered
O007302,C00875,2024-01-07,Standard,0,Cancelled
O007303,C00656,2024-02-03,Standard,0,Returned
O007304,C01456,2024-01-29,Standard,5,Delivered
O007305,C00418,2023-08-28,Standard,10,Delivered
O007306,C00631,2024-03-03,Standard,10,Delivered
O007307,C01025,2024-01-07,Standard,5,Delivered
O007308,C00417,2024-09-12,Standard,5,Delivered
O007309,C01072,2023-12-17,Express,10,Delivered
O007310,C01049,2023-12-21,Standard,20,Delivered
O007311,C01056,2024-01-16,Express,15,Delivered
O007312,C00987,2023-04-22,,10,Delivered
O007313,C01239,2023-08-10,Express,0,Delivered
O007314,C01498,2023-11-03,Standard,20,Delivered
O007315,C00088,2024-01-27,Express,15,Delivered
O007316,C00749,2023-09-12,Standard,20,Delivered
O007317,C01228,2024-03-29,Standard,10,Delivered
O007318,C00001,2024-11-03,Same Day,0,Delivered
O007319,C00815,2024-03-15,Standard,5,Delivered
O007320,C00959,2023-09-26,Express,0,Delivered
O007321,C00288,2023-03-05,Express,5,Delivered
O007322,C00612,2023-05-17,Standard,5,Delivered
O007323,C01178,2024-03-30,Standard,20,Returned
O007324,C00105,2024-07-04,Express,5,Delivered
O007325,C00210,2023-07-31,Same Day,5,Delivered
O007326,C01239,2023-07-02,Standard,10,Delivered
O007327,C01215,2023-10-15,Express,0,Delivered
O007328,C00871,2023-10-16,Express,0,Delivered
O007329,C00630,2024-12-09,Standard,10,Delivered
O007330,C00165,2023-07-19,Express,0,Delivered
O007331,C01224,2023-03-05,Standard,0,Delivered
O007332,C00365,2024-01-04,Standard,5,Delivered
O007333,C01388,2023-05-15,Same Day,0,Delivered
O007334,C01153,2023-05-07,Express,0,Delivered
O007335,C00126,2023-12-02,Standard,5,Delivered
O007336,C00923,2023-10-08,Express,30,Delivered
O007337,C01395,2023-06-18,Standard,0,Returned
O007338,C01324,2024-05-04,Standard,5,Delivered
O007339,C00895,2024-02-08,Standard,5,Delivered
O007340,C00260,2024-04-29,Standard,10,Delivered
O007341,C00996,2024-10-26,Standard,5,Delivered
O007342,C00969,2023-09-24,Standard,10,Cancelled
O007343,C00871,2024-12-11,Express,15,Cancelled
O007344,C00400,2024-11-26,Express,0,Delivered
O007345,C01365,2024-06-10,Standard,15,Delivered
O007346,C00759,2023-08-10,Standard,0,Delivered
O007347,C00435,2024-10-13,Same Day,15,Delivered
O007348,C00383,2023-11-07,Standard,10,Delivered
O007349,C00418,2023-06-11,Standard,10,Cancelled
O007350,C00693,2024-03-22,Standard,5,Delivered
O007351,C00346,2024-01-28,Same Day,5,Delivered
O007352,C00772,2024-10-20,Standard,0,Delivered
O007353,C00293,2024-08-08,Same Day,5,Delivered
O007354,C00410,2024-11-02,Same Day,10,Returned
O007355,C00189,2024-08-12,Same Day,5,Returned
O007356,C00540,2024-06-02,Express,5,Delivered
O007357,C00616,2024-02-07,Express,0,Delivered
O007358,C00614,2024-12-25,Same Day,15,Cancelled
O007359,C01072,2024-12-10,Standard,5,Returned
O007360,C00726,2024-10-20,Express,10,Delivered
O007361,C01013,2024-09-09,Standard,30,Delivered
O007362,C00050,2024-04-12,Standard,0,Delivered
O007363,C00656,2024-02-03,Standard,0,Delivered
O007364,C00140,2024-11-01,Same Day,20,Delivered
O007365,C00696,2023-06-15,Standard,10,Delivered
O007366,C00897,2023-08-09,Standard,5,Delivered
O007367,C01195,2023-11-29,Express,0,Delivered
O007368,C00827,2024-04-19,Express,5,Delivered
O007369,C00574,2024-03-29,Standard,15,Delivered
O007370,C00397,2023-06-22,Standard,5,Delivered
O007371,C01439,2023-06-14,Express,15,Delivered
O007372,C00298,2024-02-12,Same Day,0,Delivered
O007373,C00071,2023-11-01,Same Day,5,Delivered
O007374,C00197,2023-07-12,Standard,0,Delivered
O007375,C01500,2024-07-11,Standard,5,Delivered
O007376,C01379,2023-08-26,Express,15,Delivered
O007377,C00473,2023-11-02,Standard,0,Delivered
O007378,C00010,2023-10-24,Express,10,Cancelled
O007379,C01139,2024-02-17,Express,0,Cancelled
O007380,C00438,2024-10-25,Standard,5,Delivered
O007381,C00038,2023-05-28,Express,0,Delivered
O007382,C00682,2023-10-27,Standard,5,Delivered
O007383,C00645,2024-07-11,Same Day,30,Returned
O007384,C00546,2023-08-01,Standard,0,Delivered
O007385,C00955,2024-10-11,Express,0,Delivered
O007386,C01076,2024-12-11,Standard,0,Delivered
O007387,C00840,2024-05-06,Standard,10,Returned
O007388,C00036,2024-12-08,Standard,0,Delivered
O007389,C00040,2023-12-05,Express,30,Delivered
O007390,C01329,2023-12-06,Same Day,10,Delivered
O007391,C00280,2023-04-18,Express,10,Delivered
O007392,C00607,2024-02-23,Express,0,Delivered
O007393,C00161,2023-08-23,Standard,5,Delivered
O007394,C00343,2024-01-19,Same Day,15,Delivered
O007395,C00730,2024-02-13,Standard,5,Delivered
O007396,C00353,2023-08-01,Express,10,Delivered
O007397,C00959,2024-05-10,Standard,10,Delivered
O007398,C00554,2023-06-27,Express,20,Delivered
O007399,C01176,2023-10-19,Standard,5,Delivered
O007400,C00880,2023-07-11,Standard,15,Delivered
O007401,C00382,2024-07-15,Standard,0,Delivered
O007402,C01214,2024-02-21,Standard,10,Delivered
O007403,C01405,2024-08-13,Standard,10,Delivered
O007404,C00190,2023-02-28,Same Day,5,Returned
O007405,C00977,2023-12-13,Express,0,Delivered
O007406,C00920,2024-12-14,Same Day,5,Delivered
O007407,C00977,2023-12-13,Standard,0,Delivered
O007408,C00049,2023-12-09,Express,5,Delivered
O007409,C00046,2023-03-03,Standard,0,Delivered
O007410,C00434,2023-05-26,Same Day,5,Delivered
O007411,C00126,2024-01-07,Standard,5,Delivered
O007412,C00554,2023-06-05,Standard,0,Delivered
O007413,C01319,2024-02-23,,10,Delivered
O007414,C00538,2024-11-22,Standard,0,Delivered
O007415,C00599,2023-07-16,Express,10,Cancelled
O007416,C00404,2024-04-10,Standard,20,Delivered
O007417,C00637,2024-10-08,Express,15,Delivered
O007418,C01196,2024-03-05,Standard,5,Cancelled
O007419,C01261,2024-11-04,Standard,5,Delivered
O007420,C00637,2023-10-08,Same Day,5,Delivered
O007421,C00605,2024-05-21,Express,5,Delivered
O007422,C00294,2024-11-22,Same Day,0,Delivered
O007423,C01470,2023-06-18,Standard,0,Delivered
O007424,C00453,2024-09-25,Express,20,Delivered
O007425,C00507,2024-05-24,Express,0,Delivered
O007426,C00652,2024-10-03,Express,0,Delivered
O007427,C00126,2023-06-18,Standard,0,Delivered
O007428,C00487,2023-12-18,Standard,0,Delivered
O007429,C01405,2023-05-10,Standard,0,Delivered
O007430,C00122,2024-12-10,Express,5,Delivered
O007431,C00363,2023-11-15,Express,10,Delivered
O007432,C00330,2023-06-25,Express,20,Returned
O007433,C00353,2024-11-11,Standard,10,Delivered
O007434,C01434,2023-10-20,Express,15,Delivered
O007435,C01049,2024-04-28,Standard,10,Delivered
O007436,C01394,2023-09-26,Express,0,Delivered
O007437,C01296,2024-06-07,Standard,15,Delivered
O007438,C00913,2023-07-08,Express,5,Delivered
O007439,C00841,2024-01-04,Standard,15,Delivered
O007440,C00763,2024-03-07,Standard,0,Returned
O007441,C01013,2023-10-31,Standard,5,Delivered
O007442,C01028,2024-05-24,Standard,0,Returned
O007443,C00879,2023-06-20,Standard,0,Delivered
O007444,C00674,2024-07-22,Standard,10,Delivered
O007445,C00988,2023-07-04,Standard,15,Cancelled
O007446,C00230,2023-09-30,Same Day,15,Delivered
O007447,C00829,2023-10-25,Standard,15,Delivered
O007448,C00773,2024-05-18,Standard,15,Delivered
O007449,C00796,2024-07-19,Standard,15,Delivered
O007450,C00763,2023-12-15,Express,10,Delivered
O007451,C01106,2024-10-30,Standard,15,Returned
O007452,C01122,2024-07-01,Express,0,Returned
O007453,C00489,2024-10-15,Same Day,30,Delivered
O007454,C00525,2024-07-30,Standard,5,Delivered
O007455,C00037,2023-06-09,Standard,0,Delivered
O007456,C00175,2024-12-20,Standard,5,Delivered
O007457,C00397,2024-09-16,Same Day,15,Delivered
O007458,C01135,2024-04-08,Standard,10,Delivered
O007459,C01197,2023-06-12,Standard,0,Delivered
O007460,C00371,2024-06-10,Same Day,5,Delivered
O007461,C01318,2024-05-11,Express,15,Delivered
O007462,C00570,2023-12-07,Standard,10,Delivered
O007463,C01197,2024-06-28,Standard,0,Delivered
O007464,C00703,2023-11-13,Standard,10,Delivered
O007465,C01057,2024-02-18,Express,10,Returned
O007466,C00540,2023-07-04,Standard,0,Delivered
O007467,C00116,2023-06-03,Standard,0,Delivered
O007468,C00383,2023-07-01,Same Day,5,Delivered
O007469,C01019,2024-10-06,Express,10,Delivered
O007470,C01393,2024-03-25,Standard,30,Delivered
O007471,C00915,2024-12-03,Same Day,30,Delivered
O007472,C01148,2024-08-22,Express,10,Delivered
O007473,C00036,2024-09-04,Same Day,5,Delivered
O007474,C01125,2024-02-15,Standard,0,Delivered
O007475,C01272,2024-10-04,Standard,10,Delivered
O007476,C00625,2024-12-01,Express,5,Delivered
O007477,C00747,2024-08-03,Standard,10,Delivered
O007478,C00087,2023-04-17,Standard,30,Delivered
O007479,C00265,2024-06-09,Express,0,Delivered
O007480,C00092,2024-05-27,Express,5,Delivered
O007481,C01082,2024-03-10,Standard,10,Delivered
O007482,C01198,2024-07-12,Standard,5,Delivered
O007483,C00170,2024-10-13,Express,0,Delivered
O007484,C01396,2023-06-06,Express,10,Delivered
O007485,C01275,2023-03-17,Standard,0,Delivered
O007486,C00857,2024-11-06,Standard,5,Delivered
O007487,C01472,2024-05-27,Standard,30,Returned
O007488,C01331,2023-02-04,Express,5,Delivered
O007489,C00336,2024-08-02,Express,0,Delivered
O007490,C01434,2024-10-19,Express,15,Delivered
O007491,C00666,2024-02-19,Standard,0,Delivered
O007492,C00230,2024-03-12,Standard,0,Delivered
O007493,C00300,2023-10-25,Standard,30,Delivered
O007494,C01007,2023-08-18,Standard,15,Delivered
O007495,C01489,2024-08-26,Standard,0,Delivered
O007496,C00667,2024-10-20,Standard,10,Delivered
O007497,C00851,2023-10-16,Standard,5,Delivered
O007498,C00438,2023-09-15,Same Day,20,Delivered
O007499,C01281,2023-09-11,Standard,10,Delivered
O007500,C00176,2023-02-21,Express,10,Delivered
O007501,C00862,2023-09-21,Express,0,Delivered
O007502,C00867,2023-02-08,Express,0,Delivered
O007503,C00005,2024-09-17,Standard,0,Delivered
O007504,C01416,2023-09-01,Standard,10,Delivered
O007505,C01469,2024-07-09,Express,10,Delivered
O007506,C00704,2024-03-15,Standard,0,Delivered
O007507,C01076,2024-10-14,Standard,0,Delivered
O007508,C01285,2024-12-10,Express,5,Delivered
O007509,C00182,2024-02-27,Standard,0,Delivered
O007510,C00134,2023-03-31,Standard,15,Delivered
O007511,C01013,2024-08-22,Same Day,15,Delivered
O007512,C00841,2023-01-22,Standard,10,Delivered
O007513,C00994,2023-10-08,Standard,20,Delivered
O007514,C00850,2023-02-24,Standard,10,Delivered
O007515,C01076,2024-11-11,Same Day,5,Delivered
O007516,C00230,2023-02-11,Same Day,10,Delivered
O007517,C00323,2024-01-31,Standard,0,Delivered
O007518,C00354,2024-02-20,Standard,0,Delivered
O007519,C00630,2024-06-10,Express,10,Delivered
O007520,C01124,2023-09-28,Standard,0,Delivered
O007521,C01261,2024-10-31,Standard,15,Cancelled
O007522,C00613,2024-08-12,Standard,0,Delivered
O007523,C00880,2023-12-17,Standard,5,Delivered
O007524,C00434,2023-11-06,Express,5,Delivered
O007525,C00723,2024-10-04,Standard,0,Delivered
O007526,C01416,2024-08-27,Standard,0,Delivered
O007527,C00408,2023-11-27,Standard,5,Delivered
O007528,C01176,2023-10-28,Standard,0,Delivered
O007529,C00071,2023-02-08,Same Day,0,Delivered
O007530,C00515,2023-12-30,Standard,0,Delivered
O007531,C00958,2024-04-18,Standard,5,Delivered
O007532,C01154,2024-01-09,Standard,15,Delivered
O007533,C00873,2024-06-10,Express,15,Delivered
O007534,C01317,2024-10-24,Express,5,Delivered
O007535,C01243,2024-09-24,Standard,10,Delivered
O007536,C00899,2024-10-18,Standard,30,Returned
O007537,C00520,2024-05-19,Standard,5,Delivered
O007538,C00548,2024-05-19,Express,20,Delivered
O007539,C00897,2023-05-05,Standard,15,Delivered
O007540,C00956,2024-07-16,Standard,0,Delivered
O007541,C00599,2023-09-20,Express,5,Delivered
O007542,C00606,2024-02-24,Standard,20,Delivered
O007543,C00267,2024-12-07,Express,0,Delivered
O007544,C00004,2024-10-30,Standard,0,Delivered
O007545,C00693,2024-01-16,Express,0,Delivered
O007546,C01261,2024-08-13,Express,0,Delivered
O007547,C01136,2023-04-16,Same Day,0,Delivered
O007548,C01498,2023-01-27,Express,5,Returned
O007549,C00973,2023-01-28,Standard,15,Delivered
O007550,C00352,2023-06-17,Express,0,Delivered
O007551,C00992,2024-07-13,Express,15,Delivered
O007552,C01258,2023-11-08,Standard,30,Delivered
O007553,C00936,2023-01-16,Standard,5,Delivered
O007554,C00726,2024-12-25,Standard,30,Delivered
O007555,C00901,2024-03-07,Express,10,Delivered
O007556,C00042,2023-11-24,Standard,0,Delivered
O007557,C00397,2024-02-23,Standard,0,Delivered
O007558,C00233,2024-02-24,Standard,5,Delivered
O007559,C00625,2024-01-13,Same Day,20,Delivered
O007560,C01351,2024-05-10,Standard,0,Delivered
O007561,C00280,2024-11-06,Standard,10,Cancelled
O007562,C00116,2023-10-05,Same Day,15,Delivered
O007563,C01155,2024-01-27,Same Day,30,Delivered
O007564,C01313,2023-03-28,Standard,20,Returned
O007565,C00790,2024-10-25,Standard,0,Delivered
O007566,C00570,2023-10-08,Standard,0,Delivered
O007567,C00652,2024-02-02,Standard,0,Delivered
O007568,C00959,2024-12-30,Standard,0,Delivered
O007569,C01261,2024-04-18,Standard,15,Delivered
O007570,C00285,2023-05-04,Express,10,Delivered
O007571,C01374,2023-09-09,Express,20,Delivered
O007572,C00957,2023-11-03,Express,5,Delivered
O007573,C01091,2024-12-24,Express,5,Delivered
O007574,C00138,2023-12-16,Standard,0,Cancelled
O007575,C01394,2023-08-11,Standard,5,Delivered
O007576,C00786,2024-05-26,Express,15,Delivered
O007577,C00547,2023-11-30,Express,10,Delivered
O007578,C00609,2023-02-26,Standard,15,Delivered
O007579,C00430,2024-10-25,Standard,15,Delivered
O007580,C00245,2023-12-24,Express,0,Delivered
O007581,C00052,2024-11-11,Standard,0,Delivered
O007582,C00397,2024-09-20,Express,10,Delivered
O007583,C00749,2023-03-19,Standard,5,Delivered
O007584,C00970,2024-08-04,Standard,0,Delivered
O007585,C01086,2024-09-06,Standard,0,Cancelled
O007586,C00874,2024-05-02,Standard,20,Delivered
O007587,C00181,2024-04-12,Express,15,Delivered
O007588,C00652,2024-02-02,Standard,0,Delivered
O007589,C00970,2023-09-22,Standard,10,Delivered
O007590,C01095,2024-08-07,Standard,0,Delivered
O007591,C00480,2023-04-17,Standard,0,Delivered
O007592,C01403,2023-08-21,Standard,0,Delivered
O007593,C01192,2024-06-16,,0,Cancelled
O007594,C01287,2023-08-16,Standard,30,Delivered
O007595,C00970,2024-09-18,Express,0,Delivered
O007596,C00626,2024-09-30,Express,5,Delivered
O007597,C01407,2024-10-17,Standard,15,Delivered
O007598,C01369,2023-02-20,Express,0,Delivered
O007599,C01258,2023-12-15,Same Day,10,Delivered
O007600,C01349,2024-10-19,Express,5,Delivered
O007601,C01389,2023-11-08,Express,0,Cancelled
O007602,C01102,2024-07-14,Standard,0,Delivered
O007603,C00300,2024-04-22,Standard,15,Delivered
O007604,C00805,2023-10-31,Same Day,5,Returned
O007605,C00897,2023-09-17,Same Day,0,Delivered
O007606,C01152,2024-06-10,Standard,5,Delivered
O007607,C00749,2023-05-14,Standard,15,Delivered
O007608,C00763,2024-10-25,Standard,10,Delivered
O007609,C01499,2024-04-11,Standard,30,Delivered
O007610,C00680,2023-04-23,Same Day,15,Delivered
O007611,C00206,2024-07-20,Standard,0,Delivered
O007612,C01049,2023-12-21,Express,0,Delivered
O007613,C00548,2023-10-01,Express,5,delivered
O007614,C00372,2024-12-11,Standard,5,Delivered
O007615,C00915,2024-08-01,Express,5,Delivered
O007616,C01434,2024-04-25,Standard,10,Delivered
O007617,C00453,2024-10-20,Standard,0,Delivered
O007618,C00562,2024-03-15,Standard,30,Delivered
O007619,C00702,2023-12-23,Standard,5,Delivered
O007620,C01012,2023-07-05,Express,10,Delivered
O007621,C00604,2023-06-01,Standard,5,Returned
O007622,C00646,2023-12-17,Express,10,Delivered
O007623,C01025,2024-01-01,Standard,30,Delivered
O007624,C01485,2024-08-11,Same Day,0,Delivered
O007625,C00463,2023-12-24,,5,Delivered
O007626,C00867,2024-04-25,Express,10,Returned
O007627,C01190,2024-10-12,Standard,15,Delivered
O007628,C00316,2024-12-28,Standard,10,Delivered
O007629,C01239,2023-10-17,Express,0,Delivered
O007630,C00538,2024-11-13,Express,10,Delivered
O007631,C00172,2024-09-29,Express,10,Delivered
O007632,C00042,2023-03-11,Standard,0,Delivered
O007633,C00049,2023-10-24,Standard,10,Delivered
O007634,C01196,2024-03-05,Standard,5,delivered
O007635,C00987,2024-06-19,Standard,0,Returned
O007636,C01189,2024-03-25,Express,0,Delivered
O007637,C01116,2024-04-13,Standard,15,Delivered
O007638,C00576,2024-09-01,Standard,0,Delivered
O007639,C01407,2024-06-07,Standard,0,Delivered
O007640,C01321,2023-11-19,Express,10,Delivered
O007641,C00520,2024-10-28,Standard,0,Delivered
O007642,C01151,2024-12-17,Standard,0,Delivered
O007643,C01241,2024-09-09,Express,30,Delivered
O007644,C00731,2023-09-13,Express,10,Delivered
O007645,C00190,2023-04-24,Standard,0,Delivered
O007646,C00494,2023-07-24,Standard,0,Delivered
O007647,C01491,2023-12-11,Standard,0,Delivered
O007648,C01061,2023-08-16,Express,10,Delivered
O007649,C01153,2024-11-13,Standard,5,Delivered
O007650,C01388,2024-06-24,Standard,0,Delivered
O007651,C00304,2023-12-07,Standard,20,Delivered
O007652,C01462,2024-04-22,Standard,10,Delivered
O007653,C00773,2024-05-18,Express,15,Delivered
O007654,C01096,2024-06-16,Express,10,Delivered
O007655,C00466,2024-07-28,Standard,20,Delivered
O007656,C00489,2023-04-01,Standard,0,Delivered
O007657,C00543,2024-10-20,Standard,0,Delivered
O007658,C00520,2023-05-08,Standard,0,Delivered
O007659,C00098,2024-04-06,Standard,0,Delivered
O007660,C00450,2024-12-28,Standard,15,Delivered
O007661,C00949,2023-07-06,Express,10,Returned
O007662,C01372,2023-04-13,Express,0,Delivered
O007663,C00071,2024-05-30,Express,0,Delivered
O007664,C00037,2023-11-24,Standard,10,Delivered
O007665,C00873,2024-06-10,Express,5,Delivered
O007666,C01024,2023-09-29,Standard,15,Delivered
O007667,C00891,2023-03-22,Express,20,Delivered
O007668,C01466,2024-02-27,Standard,15,Delivered
O007669,C00343,2023-08-16,Express,0,Delivered
O007670,C00726,2024-09-10,Standard,10,Delivered
O007671,C01388,2024-10-24,Standard,10,Delivered
O007672,C00899,2024-04-24,Standard,15,Delivered
O007673,C00857,2023-10-25,Standard,0,Delivered
O007674,C01407,2024-06-07,Same Day,10,Delivered
O007675,C00502,2024-05-24,Express,10,Delivered
O007676,C00233,2023-08-19,Express,5,Delivered
O007677,C00205,2024-09-16,Same Day,0,Delivered
O007678,C01246,2023-10-30,Standard,0,Delivered
O007679,C01295,2024-02-03,Express,15,Returned
O007680,C00352,2024-06-27,Same Day,0,Delivered
O007681,C00685,2024-10-07,Standard,5,Delivered
O007682,C00865,2024-03-22,Standard,5,Delivered
O007683,C00212,2023-09-01,Standard,0,Delivered
O007684,C01285,2024-12-20,Express,10,Delivered
O007685,C00631,2023-10-16,Express,0,Delivered
O007686,C01306,2024-06-24,Standard,5,Delivered
O007687,C01125,2024-06-30,Express,0,Delivered
O007688,C00434,2024-02-19,Express,5,Delivered
O007689,C01063,2024-05-30,Standard,10,Delivered
O007690,C01092,2023-05-21,Express,15,Delivered
O007691,C00453,2024-06-02,Express,0,Delivered
O007692,C00381,2024-02-16,Standard,0,Delivered
O007693,C01248,2024-09-07,,0,Returned
O007694,C00993,2024-07-25,Express,0,Delivered
O007695,C01091,2024-11-17,Standard,5,Delivered
O007696,C00453,2024-12-16,Standard,20,Delivered
O007697,C01069,2024-08-07,Express,5,Delivered
O007698,C01057,2023-03-20,Standard,0,Delivered
O007699,C00494,2023-11-30,Standard,30,Delivered
O007700,C00409,2024-05-07,Express,10,Delivered
O007701,C00652,2024-04-22,Express,5,Delivered
O007702,C01091,2023-08-11,Standard,10,Delivered
O007703,C00294,2024-04-16,Standard,10,Delivered
O007704,C01321,2023-11-01,Standard,15,Delivered
O007705,C00383,2023-10-26,Standard,0,Delivered
O007706,C01275,2024-10-13,Same Day,5,Delivered
O007707,C00230,2023-12-11,Standard,10,delivered
O007708,C01091,2024-03-02,Standard,30,Delivered
O007709,C00842,2024-03-31,Express,10,Delivered
O007710,C00959,2024-03-31,Express,0,Delivered
O007711,C01469,2024-03-24,Express,30,Delivered
O007712,C00087,2024-04-30,Standard,5,Delivered
O007713,C00224,2023-10-24,Standard,5,Delivered
O007714,C00124,2024-06-12,Same Day,0,Delivered
O007715,C00773,2024-05-18,Express,15,Delivered
O007716,C01202,2024-12-28,Express,5,cancelled
O007717,C00088,2024-09-07,Standard,30,Delivered
O007718,C01157,2023-12-08,Express,5,Delivered
O007719,C00655,2023-10-05,Same Day,0,Delivered
O007720,C01416,2023-11-21,Standard,15,Returned
O007721,C00577,2024-08-02,Standard,0,Delivered
O007722,C01483,2024-06-12,Standard,0,Returned
O007723,C00834,2024-07-19,Express,20,Delivered
O007724,C01493,2024-11-07,Standard,30,Delivered
O007725,C00922,2024-01-02,Standard,15,Returned
O007726,C00519,2024-06-23,Express,0,Delivered
O007727,C01203,2023-12-23,Express,10,Delivered
O007728,C00730,2024-05-29,Standard,10,Delivered
O007729,C00448,2024-01-17,Same Day,5,Cancelled
O007730,C00724,2024-09-10,Standard,5,Delivered
O007731,C01319,2023-04-28,Standard,5,Delivered
O007732,C01085,2023-07-30,Express,0,Delivered
O007733,C00262,2023-10-02,Express,5,Delivered
O007734,C01274,2024-12-02,Express,0,Delivered
O007735,C00652,2024-02-13,Express,15,Delivered
O007736,C00133,2024-04-02,Express,20,Delivered
O007737,C00223,2023-11-30,Express,5,Delivered
O007738,C00102,2024-03-08,Same Day,20,Delivered
O007739,C00991,2024-10-29,Same Day,15,Delivered
O007740,C00390,2024-12-11,Standard,15,Delivered
O007741,C00152,2024-10-17,Express,20,Delivered
O007742,C00553,2024-10-16,Standard,0,Delivered
O007743,C01312,2023-07-14,Express,15,Delivered
O007744,C00916,2024-03-23,Standard,0,Delivered
O007745,C00730,2024-04-27,Standard,30,Delivered
O007746,C01085,2024-06-13,Same Day,10,Delivered
O007747,C00122,2023-07-18,Express,10,Delivered
O007748,C01332,2024-08-20,Standard,0,Cancelled
O007749,C00267,2023-09-15,Standard,0,Delivered
O007750,C00038,2023-09-07,Standard,0,Delivered
O007751,C00547,2023-10-08,Express,0,delivered
O007752,C00093,2024-10-18,Standard,5,Returned
O007753,C00250,2024-08-10,Express,0,Delivered
O007754,C01091,2024-03-04,Express,20,Delivered
O007755,C00615,2024-10-06,Standard,15,Delivered
O007756,C00020,2024-10-03,Standard,5,Returned
O007757,C00942,2023-11-22,Express,15,Delivered
O007758,C01048,2024-09-13,Express,10,Delivered
O007759,C01372,2023-07-21,Standard,20,Delivered
O007760,C00230,2024-02-09,Standard,10,Delivered
O007761,C01296,2023-04-30,Express,10,Delivered
O007762,C01049,2023-12-21,Standard,0,Delivered
O007763,C00845,2024-02-25,Standard,15,Delivered
O007764,C00396,2023-03-23,Standard,15,delivered
O007765,C00686,2024-01-07,Standard,0,Delivered
O007766,C00298,2024-06-09,Express,0,Cancelled
O007767,C01066,2024-05-11,Same Day,20,Delivered
O007768,C01033,2024-04-04,Express,30,Delivered
O007769,C00288,2023-04-07,Standard,10,Delivered
O007770,C00380,2023-11-02,,0,Delivered
O007771,C01367,2024-10-17,Standard,5,Delivered
O007772,C00717,2024-10-30,Express,0,Returned
O007773,C00829,2023-10-10,Standard,15,Delivered
O007774,C01441,2024-08-01,Same Day,0,Delivered
O007775,C00310,2024-04-12,Standard,0,Returned
O007776,C00915,2024-12-23,Standard,10,Delivered
O007777,C01153,2023-04-07,Standard,10,Delivered
O007778,C00472,2024-03-19,Standard,20,Delivered
O007779,C00448,2024-04-24,Standard,5,Delivered
O007780,C01355,2024-04-12,Standard,0,Delivered
O007781,C00154,2023-02-17,Standard,0,Delivered
O007782,C00233,2023-02-23,Standard,10,Delivered
O007783,C00620,2023-12-31,Standard,0,Delivered
O007784,C01197,2024-07-11,Express,10,Delivered
O007785,C00681,2024-07-17,Express,5,Delivered
O007786,C00410,2024-04-15,Standard,5,Delivered
O007787,C00636,2024-10-24,Standard,0,Delivered
O007788,C00667,2023-11-16,Express,20,Delivered
O007789,C01077,2024-12-13,Same Day,10,Cancelled
O007790,C01315,2024-03-11,Express,5,Delivered
O007791,C00473,2024-10-14,Standard,5,Delivered
O007792,C01049,2024-11-16,Express,5,Delivered
O007793,C01026,2024-10-07,Express,5,Delivered
O007794,C01138,2024-10-01,Standard,15,Delivered
O007795,C00857,2023-11-07,Standard,5,Delivered
O007796,C00036,2024-07-28,Same Day,0,Delivered
O007797,C00956,2024-04-14,Same Day,20,Delivered
O007798,C00895,2023-12-12,Standard,10,Delivered
O007799,C00895,2024-12-28,Express,0,Delivered
O007800,C00418,2023-09-28,Standard,0,Delivered
O007801,C00154,2023-12-05,Express,5,Delivered
O007802,C00285,2024-11-13,Standard,10,Delivered
O007803,C00323,2023-09-27,Standard,20,Delivered
O007804,C00262,2023-05-31,Standard,0,Delivered
O007805,C00368,2023-10-10,Standard,5,Delivered
O007806,C00109,2024-08-29,Same Day,0,Delivered
O007807,C00408,2024-10-25,Express,5,Delivered
O007808,C01500,2023-04-26,Standard,15,Delivered
O007809,C00763,2024-05-17,Standard,0,Returned
O007810,C00515,2024-04-04,Standard,20,Delivered
O007811,C01068,2024-06-23,Standard,0,Delivered
O007812,C00713,2024-06-24,Standard,15,Delivered
O007813,C00046,2024-12-10,Standard,10,Delivered
O007814,C00821,2023-12-12,Standard,5,Delivered
O007815,C00442,2023-10-04,Same Day,15,Cancelled
O007816,C00849,2024-04-15,Express,10,Delivered
O007817,C00260,2024-04-29,Standard,15,Delivered
O007818,C00726,2024-01-16,Express,10,Delivered
O007819,C00294,2023-10-24,Standard,10,Delivered
O007820,C00438,2023-05-27,Express,0,Delivered
O007821,C01012,2024-11-28,Standard,10,Delivered
O007822,C00342,2024-06-06,Standard,20,Delivered
O007823,C00630,2024-04-22,Standard,10,Delivered
O007824,C00120,2024-08-26,Same Day,15,Delivered
O007825,C01012,2023-05-26,Express,30,Cancelled
O007826,C00805,2023-08-05,Express,0,Delivered
O007827,C01229,2024-04-04,Express,10,Delivered
O007828,C00797,2024-02-13,Express,20,Delivered
O007829,C01498,2023-10-28,Express,0,Delivered
O007830,C00364,2024-06-07,Standard,0,Delivered
O007831,C01095,2024-05-27,Standard,0,Delivered
O007832,C00653,2024-04-18,Express,20,Delivered
O007833,C00570,2023-01-02,Same Day,30,Delivered
O007834,C01082,2024-03-10,Standard,20,Delivered
O007835,C01434,2023-11-08,Same Day,5,Delivered
O007836,C01118,2024-12-04,Express,10,Cancelled
O007837,C00489,2023-02-15,Standard,0,Delivered
O007838,C00763,2024-03-04,Same Day,30,Delivered
O007839,C00327,2024-04-12,Express,20,Delivered
O007840,C00905,2024-07-17,Standard,10,Delivered
O007841,C00614,2024-05-30,Express,0,Delivered
O007842,C00342,2024-06-06,Standard,20,Delivered
O007843,C00038,2024-05-25,Express,20,Delivered
O007844,C01399,2023-10-17,Standard,30,Cancelled
O007845,C00124,2024-09-07,Standard,5,Returned
O007846,C00489,2023-07-04,Express,0,Cancelled
O007847,C00287,2024-07-30,Standard,5,Delivered
O007848,C00747,2024-05-20,Standard,5,Delivered
O007849,C00294,2024-06-10,Standard,20,Delivered
O007850,C01089,2023-06-23,Standard,0,Delivered
O007851,C00338,2024-06-23,Standard,10,Cancelled
O007852,C00280,2024-08-14,Standard,20,Delivered
O007853,C00327,2024-01-28,Standard,0,Delivered
O007854,C00436,2023-10-27,Standard,5,Delivered
O007855,C00937,2023-06-14,Express,15,Delivered
O007856,C00313,2023-09-28,Express,5,Delivered
O007857,C01018,2024-09-01,Express,5,Delivered
O007858,C00652,2024-02-02,Standard,15,Delivered
O007859,C00294,2024-07-19,Express,0,Delivered
O007860,C00360,2024-08-16,Standard,10,Delivered
O007861,C00784,2024-06-27,Express,20,Delivered
O007862,C00574,2024-06-26,Standard,0,Delivered
O007863,C00764,2024-05-09,Express,0,Delivered
O007864,C01227,2024-02-23,Same Day,0,Delivered
O007865,C00076,2023-07-13,Express,10,Delivered
O007866,C00599,2024-10-17,Express,5,Delivered
O007867,C00627,2024-12-12,Standard,5,Delivered
O007868,C00378,2024-01-10,Standard,10,Delivered
O007869,C00665,2024-11-27,Standard,5,Cancelled
O007870,C00847,2024-12-30,Standard,10,Cancelled
O007871,C00866,2024-06-05,Express,15,Delivered
O007872,C00977,2024-08-05,Express,5,Delivered
O007873,C00123,2024-06-03,Same Day,20,Delivered
O007874,C00693,2024-01-16,Same Day,5,Delivered
O007875,C01122,2023-10-02,Standard,5,Delivered
O007876,C00681,2023-12-31,Same Day,0,Delivered
O007877,C00956,2024-09-17,Express,10,Delivered
O007878,C00871,2023-10-19,Express,10,Delivered
O007879,C00701,2024-09-15,Standard,15,Delivered
O007880,C00124,2024-06-12,Standard,5,Delivered
O007881,C00923,2024-07-14,Standard,15,Delivered
O007882,C00796,2023-09-25,Standard,0,Delivered
O007883,C00015,2024-01-13,Standard,10,Delivered
O007884,C00310,2023-06-28,Standard,5,Delivered
O007885,C00097,2023-09-05,Standard,0,Delivered
O007886,C00848,2023-04-02,Express,5,Delivered
O007887,C00036,2023-05-08,Standard,0,Delivered
O007888,C01281,2023-08-04,Express,0,Delivered
O007889,C01422,2024-04-14,Standard,5,Delivered
O007890,C01470,2023-12-23,Standard,30,Delivered
O007891,C00341,2023-09-10,Standard,20,Delivered
O007892,C00748,2024-10-26,Standard,30,Delivered
O007893,C01349,2024-04-12,Standard,0,Delivered
O007894,C01012,2024-11-22,Express,0,Delivered
O007895,C00438,2024-05-27,Standard,0,Delivered
O007896,C01270,2023-06-15,Standard,10,Cancelled
O007897,C00852,2024-11-18,Standard,30,Delivered
O007898,C01081,2024-10-24,Standard,5,Delivered
O007899,C01463,2024-05-27,Same Day,10,Delivered
O007900,C01500,2024-03-08,Standard,0,delivered
O007901,C00761,2023-12-30,Standard,10,Delivered
O007902,C00230,2024-01-23,Express,20,Delivered
O007903,C00905,2024-09-05,Express,10,Delivered
O007904,C00942,2024-02-18,Standard,10,Delivered
O007905,C00850,2023-06-23,Same Day,5,Returned
O007906,C00637,2023-03-01,Standard,5,Delivered
O007907,C00861,2023-10-17,Standard,5,Delivered
O007908,C00796,2023-08-29,Express,15,Delivered
O007909,C01418,2023-11-11,Same Day,10,Delivered
O007910,C01273,2024-11-09,Standard,0,Delivered
O007911,C00599,2023-08-18,Standard,5,Delivered
O007912,C00849,2023-10-15,Express,0,Delivered
O007913,C00846,2023-08-17,Express,0,Delivered
O007914,C00763,2024-03-17,Standard,0,Delivered
O007915,C00093,2024-05-13,Same Day,15,Delivered
O007916,C01057,2024-03-06,Standard,0,Delivered
O007917,C01082,2024-12-06,Express,30,Delivered
O007918,C00727,2024-12-29,Express,0,Delivered
O007919,C01369,2024-10-14,Standard,5,Delivered
O007920,C01479,2024-09-28,Standard,15,Delivered
O007921,C01228,2024-03-12,Standard,0,Delivered
O007922,C01403,2024-04-14,Express,20,Delivered
O007923,C00730,2023-11-02,Standard,10,Delivered
O007924,C01388,2024-09-15,Express,0,Delivered
O007925,C01407,2024-06-07,Standard,30,Delivered
O007926,C00908,2023-07-31,Standard,0,Returned
O007927,C00225,2023-02-08,Standard,0,Delivered
O007928,C00227,2024-05-07,Standard,20,Delivered
O007929,C00719,2024-07-08,Standard,0,Delivered
O007930,C01089,2023-01-04,Same Day,10,Delivered
O007931,C00758,2024-02-16,Express,0,Delivered
O007932,C01198,2024-05-06,Standard,20,Delivered
O007933,C01150,2024-09-20,Same Day,5,Returned
O007934,C00307,2023-12-28,Standard,0,Delivered
O007935,C00208,2023-11-16,Same Day,30,Delivered
O007936,C01042,2024-05-16,Standard,10,Delivered
O007937,C00473,2024-04-24,Standard,15,Delivered
O007938,C01405,2024-10-11,Express,5,Delivered
O007939,C01313,2024-04-24,Standard,10,Delivered
O007940,C00679,2024-12-04,Express,0,Delivered
O007941,C00860,2024-01-10,Express,5,Delivered
O007942,C01283,2023-11-26,Standard,5,Delivered
O007943,C01319,2024-12-20,Standard,5,Delivered
O007944,C00834,2023-07-13,Standard,0,Delivered
O007945,C01465,2024-09-22,Standard,15,Delivered
O007946,C00777,2023-04-16,Standard,0,Delivered
O007947,C00071,2024-01-26,Standard,5,Delivered
O007948,C00845,2023-06-01,Standard,10,Delivered
O007949,C01155,2024-04-29,Standard,0,Delivered
O007950,C01485,2024-09-24,Standard,0,Delivered
O007951,C00164,2023-02-02,Standard,0,Delivered
O007952,C00663,2023-06-11,Standard,0,Delivered
O007953,C00867,2023-10-28,Express,15,Delivered
O007954,C01327,2023-09-01,Express,5,Delivered
O007955,C01061,2023-11-19,Standard,5,Delivered
O007956,C00349,2024-12-06,Express,0,Returned
O007957,C01298,2023-04-13,Standard,5,Delivered
O007958,C00964,2023-12-12,Standard,0,Delivered
O007959,C01353,2024-01-02,Standard,0,Delivered
O007960,C01270,2023-09-21,,5,Delivered
O007961,C00206,2024-05-13,Express,10,Delivered
O007962,C01445,2024-07-29,Standard,0,Delivered
O007963,C00681,2024-05-14,Express,0,Delivered
O007964,C01478,2024-10-03,Standard,10,Delivered
O007965,C00280,2023-11-30,Standard,0,Delivered
O007966,C01189,2024-05-05,Standard,0,Delivered
O007967,C00442,2024-11-09,Standard,30,Delivered
O007968,C00075,2024-10-21,Standard,0,Delivered
O007969,C01498,2024-11-21,Standard,10,Delivered
O007970,C00441,2024-01-23,Standard,15,Delivered
O007971,C00126,2024-12-24,Same Day,0,Delivered
O007972,C01301,2024-10-04,Express,5,Delivered
O007973,C00652,2024-09-22,Express,10,Delivered
O007974,C00857,2024-06-22,Same Day,0,Delivered
O007975,C01485,2024-12-23,Standard,0,Delivered
O007976,C00726,2023-12-23,Express,30,Delivered
O007977,C00105,2024-08-17,Same Day,0,Delivered
O007978,C01013,2024-07-16,Standard,15,Delivered
O007979,C01051,2024-08-10,Express,5,Returned
O007980,C00294,2024-08-24,Standard,10,Delivered
O007981,C00816,2023-07-06,Standard,5,Delivered
O007982,C00559,2024-05-08,Standard,10,Delivered
O007983,C00080,2023-11-24,Standard,5,Delivered
O007984,C00453,2024-08-21,Standard,5,Delivered
O007985,C01385,2024-07-30,Express,15,Delivered
O007986,C00438,2024-10-12,Standard,20,Delivered
O007987,C00336,2024-09-17,Standard,0,Delivered
O007988,C01416,2024-04-27,Standard,0,Delivered
O007989,C00577,2023-05-20,Same Day,15,Delivered
O007990,C01416,2024-05-27,Express,0,Delivered
O007991,C01325,2024-11-06,Standard,15,Delivered
O007992,C00716,2024-06-02,Express,0,Delivered
O007993,C00584,2024-11-10,Express,0,Delivered
O007994,C00211,2024-12-31,Express,0,Delivered
O007995,C00287,2023-11-06,Express,0,Delivered
O007996,C00352,2024-08-04,Standard,10,Delivered
O007997,C00716,2024-03-12,Standard,5,Delivered
O007998,C00562,2024-01-01,Express,20,Delivered
O007999,C01200,2023-08-19,Express,5,Delivered
O008000,C00435,2023-08-24,Standard,10,Delivered
O008001,C00645,2023-12-19,Standard,10,Returned
O008002,C00194,2024-05-24,Standard,0,Delivered
O008003,C00410,2024-04-15,Standard,20,Delivered
O008004,C01163,2023-12-17,Express,5,Delivered
O008005,C01048,2024-02-27,Standard,10,Delivered
O008006,C00614,2023-12-21,Standard,5,Delivered
O008007,C00857,2024-10-23,Standard,5,Delivered
O008008,C00688,2023-12-24,Standard,0,Delivered
O008009,C01353,2023-03-26,Standard,0,Cancelled
O008010,C00599,2024-12-27,Standard,20,Delivered
O008011,C01069,2024-10-18,Standard,15,Delivered
O008012,C00332,2024-06-16,Standard,20,Delivered
O008013,C00656,2024-08-27,Standard,10,Delivered
O008014,C00788,2023-05-09,Standard,10,Cancelled
O008015,C00164,2024-09-03,Standard,20,Returned
O008016,C00868,2023-07-22,Express,5,Delivered
O008017,C00854,2024-01-28,Express,20,Delivered
O008018,C00235,2023-11-18,Standard,5,Delivered
O008019,C01500,2024-08-25,Express,10,Delivered
O008020,C00144,2024-05-17,Standard,5,Delivered
O008021,C01353,2023-08-30,Standard,0,Delivered
O008022,C00744,2023-04-21,Standard,0,Delivered
O008023,C00336,2024-08-02,Express,20,Delivered
O008024,C00175,2023-10-02,Express,10,Delivered
O008025,C01024,2024-02-23,Express,0,Delivered
O008026,C01116,2024-04-13,Same Day,30,Delivered
O008027,C00982,2024-09-08,Standard,20,Delivered
O008028,C00633,2023-08-08,Same Day,10,Delivered
O008029,C00260,2024-11-30,Express,0,Delivered
O008030,C01178,2023-12-03,Standard,0,Delivered
O008031,C01319,2023-04-28,Standard,15,Delivered
O008032,C00594,2023-11-12,Standard,0,Returned
O008033,C01281,2023-08-04,Standard,0,Delivered
O008034,C00923,2024-01-12,Standard,0,Delivered
O008035,C00784,2023-09-21,Standard,10,Delivered
O008036,C00893,2024-11-06,Standard,5,Delivered
O008037,C00167,2024-02-22,Standard,20,Delivered
O008038,C00197,2023-08-14,Standard,15,Delivered
O008039,C01076,2023-12-29,Same Day,30,Delivered
O008040,C01464,2024-03-27,Standard,0,Delivered
O008041,C00762,2023-06-25,Same Day,5,Delivered
O008042,C00088,2023-10-05,Standard,10,Delivered
O008043,C00107,2023-04-20,Standard,30,Delivered
O008044,C00704,2023-07-05,Standard,0,Delivered
O008045,C00957,2024-11-29,Standard,0,Returned
O008046,C00230,2024-06-21,Standard,10,Returned
O008047,C00049,2024-11-21,Standard,10,Delivered
O008048,C01080,2023-09-02,Express,0,Delivered
O008049,C00221,2024-10-24,Standard,5,Delivered
O008050,C00658,2023-11-08,Standard,5,Delivered
O008051,C01087,2023-05-24,Standard,5,Delivered
O008052,C00197,2024-09-28,Express,0,Delivered
O008053,C00666,2023-03-03,Same Day,10,Delivered
O008054,C00172,2023-11-30,Standard,0,Delivered
O008055,C00520,2024-10-06,Standard,0,Delivered
O008056,C01388,2024-05-13,Same Day,5,Delivered
O008057,C01009,2024-05-21,Same Day,0,Delivered
O008058,C00042,2023-11-03,Express,10,Delivered
O008059,C00208,2023-11-16,Express,10,Delivered
O008060,C00430,2024-12-27,Standard,10,Delivered
O008061,C01353,2023-06-21,Standard,0,Delivered
O008062,C01102,2024-02-17,Standard,0,Delivered
O008063,C00899,2024-04-24,Express,10,Delivered
O008064,C00228,2024-11-16,Express,0,Delivered
O008065,C01403,2024-09-01,,0,Returned
O008066,C01213,2024-01-03,Standard,15,Delivered
O008067,C00356,2024-12-08,Express,0,Delivered
O008068,C00615,2023-02-23,Standard,5,Delivered
O008069,C00651,2024-11-09,Express,0,Delivered
O008070,C00868,2023-03-03,Express,0,Delivered
O008071,C00568,2023-11-23,Standard,20,Delivered
O008072,C00313,2023-02-25,Standard,15,Delivered
O008073,C00970,2024-12-31,Standard,0,Delivered
O008074,C00992,2024-11-18,Standard,0,Delivered
O008075,C00665,2024-04-18,Standard,5,Delivered
O008076,C00730,2023-08-01,Express,10,Delivered
O008077,C00080,2023-09-18,Standard,10,Delivered
O008078,C00682,2023-12-28,Express,0,Cancelled
O008079,C01200,2023-10-17,Standard,20,Delivered
O008080,C00872,2023-05-21,Express,15,Delivered
O008081,C01395,2024-06-13,Standard,10,Delivered
O008082,C01063,2024-05-30,Express,20,Delivered
O008083,C01155,2024-11-14,Standard,0,Delivered
O008084,C00688,2024-01-18,Express,0,Delivered
O008085,C00262,2023-10-30,Standard,0,Delivered
O008086,C01388,2024-02-17,Same Day,0,Delivered
O008087,C00959,2023-07-10,Standard,0,Returned
O008088,C01385,2024-05-20,Express,20,Delivered
O008089,C00899,2024-09-05,Standard,15,Delivered
O008090,C00681,2023-06-01,Standard,5,Delivered
O008091,C00209,2023-10-15,Express,10,Delivered
O008092,C00607,2024-10-29,Standard,0,Delivered
O008093,C00875,2024-02-11,Express,0,Delivered
O008094,C01405,2024-03-05,Standard,5,Delivered
O008095,C01259,2024-08-03,Express,10,Delivered
O008096,C00763,2024-04-12,Standard,10,Delivered
O008097,C00674,2023-04-18,Standard,10,Delivered
O008098,C00050,2024-09-28,Express,20,Delivered
O008099,C00527,2024-11-22,Express,0,Delivered
O008100,C01477,2024-05-13,Express,0,Delivered
O008101,C01092,2023-05-03,Express,0,Delivered
O008102,C00782,2024-07-19,Standard,20,Delivered
O008103,C01306,2024-05-04,Express,5,Delivered
O008104,C00042,2023-11-18,Standard,5,Delivered
O008105,C01439,2024-03-12,Standard,30,Delivered
O008106,C01024,2024-07-20,Express,5,Delivered
O008107,C00036,2024-02-11,Standard,0,Delivered
O008108,C01042,2023-05-20,Same Day,0,Delivered
O008109,C00133,2024-04-02,Same Day,5,Delivered
O008110,C00930,2023-12-21,Express,10,Delivered
O008111,C00438,2024-11-22,Standard,20,Delivered
O008112,C00316,2024-03-27,Express,0,Delivered
O008113,C00915,2023-11-06,Standard,10,Delivered
O008114,C00656,2024-11-16,Standard,0,Delivered
O008115,C00099,2023-12-12,Express,15,Delivered
O008116,C01246,2024-02-15,Express,0,Delivered
O008117,C00400,2024-04-18,Standard,0,Delivered
O008118,C00901,2024-08-14,Express,5,Delivered
O008119,C00891,2024-07-17,Express,20,Delivered
O008120,C00092,2024-09-21,Standard,0,Returned
O008121,C01500,2023-10-19,Standard,0,Delivered
O008122,C00673,2023-12-20,Express,0,Returned
O008123,C00310,2023-06-15,Standard,30,Delivered
O008124,C00656,2024-12-13,Standard,5,Delivered
O008125,C00883,2023-11-17,Standard,20,Delivered
O008126,C00008,2024-06-07,Express,0,Delivered
O008127,C00438,2024-07-21,Express,5,Delivered
O008128,C00797,2023-06-05,Express,5,Delivered
O008129,C01015,2023-11-10,Express,0,Delivered
O008130,C00453,2024-06-02,Express,5,Delivered
O008131,C00614,2024-03-26,Express,5,Delivered
O008132,C00335,2024-12-29,Standard,0,Delivered
O008133,C00430,2023-12-16,Standard,5,Delivered
O008134,C01012,2024-12-26,Standard,10,Delivered
O008135,C00500,2023-05-07,Standard,5,Delivered
O008136,C00418,2023-11-24,Standard,5,Delivered
O008137,C00438,2024-11-13,Standard,15,Delivered
O008138,C00895,2024-11-02,Standard,10,Delivered
O008139,C00842,2024-02-14,Standard,10,Delivered
O008140,C00616,2024-06-30,Standard,0,Delivered
O008141,C00922,2024-11-06,Standard,15,Delivered
O008142,C00940,2024-09-03,Express,0,Returned
O008143,C00035,2024-05-22,Express,0,Delivered
O008144,C00502,2024-05-24,,5,Delivered
O008145,C00368,2023-03-16,Standard,20,Delivered
O008146,C01259,2024-05-12,Express,0,Delivered
O008147,C00416,2024-02-07,Express,5,Delivered
O008148,C00466,2023-08-18,Standard,0,Delivered
O008149,C00801,2024-02-06,Standard,0,Delivered
O008150,C00821,2023-12-12,Standard,5,Delivered
O008151,C01221,2024-02-03,Standard,0,Returned
O008152,C00586,2023-11-22,Standard,15,Delivered
O008153,C00418,2023-11-21,Standard,0,Delivered
O008154,C00891,2023-04-27,Standard,10,Delivered
O008155,C01080,2024-10-28,Standard,0,Delivered
O008156,C01495,2024-05-07,,0,Delivered
O008157,C00901,2023-05-25,Same Day,5,Delivered
O008158,C00739,2023-12-12,Standard,0,Delivered
O008159,C00208,2023-12-07,Express,0,Delivered
O008160,C01489,2024-05-01,Standard,0,Delivered
O008161,C01007,2024-05-07,Express,0,Returned
O008162,C00246,2024-06-04,Express,15,Delivered
O008163,C00692,2024-07-16,Express,15,Delivered
O008164,C00841,2023-04-15,Express,0,Delivered
O008165,C00327,2023-10-07,Express,0,Delivered
O008166,C01085,2023-05-02,Express,0,Delivered
O008167,C00953,2023-12-31,Standard,10,Delivered
O008168,C00352,2023-12-16,Standard,0,Delivered
O008169,C01492,2024-08-12,Express,0,Delivered
O008170,C01424,2023-11-14,Standard,10,Delivered
O008171,C00397,2024-05-24,Standard,10,Delivered
O008172,C00665,2023-10-08,Same Day,5,Delivered
O008173,C01353,2023-11-18,Same Day,10,Delivered
O008174,C00616,2024-08-01,Standard,0,Delivered
O008175,C01434,2023-10-20,Standard,0,Delivered
O008176,C00300,2023-10-29,Standard,10,Returned
O008177,C01072,2023-12-17,Standard,10,Delivered
O008178,C00879,2024-07-29,Same Day,0,Delivered
O008179,C00516,2023-07-14,Standard,0,Delivered
O008180,C01066,2024-12-03,Standard,0,delivered
O008181,C00042,2024-12-30,Express,20,Delivered
O008182,C00346,2024-10-05,Standard,0,Delivered
O008183,C00395,2023-10-04,Same Day,20,Delivered
O008184,C00183,2024-06-19,Standard,20,Delivered
O008185,C00050,2023-03-26,Standard,5,Delivered
O008186,C00530,2024-10-30,Same Day,20,Delivered
O008187,C00331,2024-02-21,Standard,0,Returned
O008188,C00208,2023-11-16,Express,0,Delivered
O008189,C00233,2023-10-20,Standard,5,Delivered
O008190,C01254,2024-09-25,Express,10,Delivered
O008191,C00150,2024-10-30,Standard,30,Delivered
O008192,C01072,2024-02-24,Express,5,Delivered
O008193,C00088,2024-01-21,Same Day,0,Delivered
O008194,C00070,2024-08-23,Standard,0,Delivered
O008195,C00665,2024-10-09,Standard,5,Delivered
O008196,C00576,2024-09-02,Express,10,Delivered
O008197,C00817,2024-02-27,Same Day,10,Delivered
O008198,C01033,2024-06-01,Standard,20,Delivered
O008199,C00450,2024-10-24,Same Day,0,Delivered
O008200,C00294,2023-10-24,Express,5,Delivered
O008201,C01246,2023-11-21,Express,0,Delivered
O008202,C00246,2023-02-27,Standard,10,Delivered
O008203,C01197,2023-12-03,Standard,15,Delivered
O008204,C00867,2024-09-07,Express,5,Delivered
O008205,C00426,2023-12-13,Express,5,Delivered
O008206,C00456,2024-03-14,Standard,0,Delivered
O008207,C00561,2023-07-26,Standard,20,Delivered
O008208,C00871,2024-11-11,Express,10,Delivered
O008209,C01473,2024-10-06,Standard,15,Delivered
O008210,C00466,2024-02-28,Standard,0,Delivered
O008211,C01416,2024-07-22,Standard,0,Delivered
O008212,C00310,2023-04-16,Standard,5,Delivered
O008213,C00175,2024-10-18,Standard,5,Delivered
O008214,C00790,2024-07-29,Standard,5,Delivered
O008215,C01471,2023-10-19,Express,0,Delivered
O008216,C00730,2024-12-21,Express,5,Returned
O008217,C01199,2023-01-23,Standard,5,Delivered
O008218,C00721,2024-05-22,Standard,0,Delivered
O008219,C01287,2023-08-16,Express,10,Delivered
O008220,C01227,2024-08-01,Standard,15,Delivered
O008221,C01009,2024-05-21,Same Day,0,Delivered
O008222,C00897,2023-03-24,Express,30,Delivered
O008223,C00773,2024-05-18,Same Day,30,Delivered
O008224,C01436,2024-12-28,Express,10,Delivered
O008225,C00834,2023-09-18,Same Day,15,Returned
O008226,C00500,2024-05-10,Express,5,Cancelled
O008227,C01331,2024-02-23,Standard,0,Delivered
O008228,C00959,2024-10-17,Express,0,Delivered
O008229,C00834,2023-09-27,Standard,0,Delivered
O008230,C01007,2024-03-25,Standard,0,Delivered
O008231,C00521,2024-12-05,Standard,20,Delivered
O008232,C00637,2023-10-23,Express,30,Delivered
O008233,C00294,2023-12-22,Express,5,Delivered
O008234,C01290,2024-11-07,Express,10,Delivered
O008235,C00969,2023-10-23,Standard,20,Returned
O008236,C01250,2023-11-18,Same Day,10,Delivered
O008237,C00466,2023-10-07,Express,0,Delivered
O008238,C01498,2024-10-01,Standard,30,Delivered
O008239,C00540,2024-11-25,Standard,10,Delivered
O008240,C00536,2024-05-24,Standard,0,Returned
O008241,C01445,2024-05-18,Standard,0,Delivered
O008242,C00955,2023-11-22,Express,15,Cancelled
O008243,C01407,2024-06-07,Standard,0,Delivered
O008244,C00908,2023-06-21,Standard,15,Delivered
O008245,C00371,2024-06-10,Express,15,Delivered
O008246,C00594,2023-11-12,Standard,0,Delivered
O008247,C01298,2024-06-11,Express,0,Delivered
O008248,C00733,2023-06-12,Standard,5,Delivered
O008249,C01049,2023-12-21,Standard,0,Delivered
O008250,C00250,2023-11-19,Same Day,10,Delivered
O008251,C00610,2023-10-09,Standard,30,Delivered
O008252,C01275,2023-05-25,Standard,10,Delivered
O008253,C01416,2023-08-27,Same Day,5,Delivered
O008254,C00480,2023-09-02,Standard,15,Delivered
O008255,C00260,2024-04-29,Express,30,Delivered
O008256,C00042,2024-08-28,,20,Delivered
O008257,C00198,2024-10-22,Standard,0,Delivered
O008258,C01272,2024-08-24,Express,0,Delivered
O008259,C00681,2024-05-22,Express,10,Delivered
O008260,C00427,2024-11-15,Same Day,0,Delivered
O008261,C01153,2024-02-24,Standard,5,Delivered
O008262,C01189,2024-05-26,Express,15,Delivered
O008263,C00547,2023-12-04,Standard,20,Delivered
O008264,C01368,2023-10-20,Express,0,Delivered
O008265,C00696,2023-10-22,Express,15,Delivered
O008266,C00395,2023-06-05,Same Day,5,Delivered
O008267,C01363,2024-09-23,Standard,10,Delivered
O008268,C00228,2023-08-14,Standard,0,Delivered
O008269,C01499,2024-06-27,Same Day,0,Delivered
O008270,C00895,2024-10-27,Express,15,Delivered
O008271,C01388,2024-02-04,Standard,10,Delivered
O008272,C00269,2023-03-13,Standard,15,Delivered
O008273,C00589,2023-12-15,Same Day,0,Delivered
O008274,C01321,2023-10-29,Same Day,0,Delivered
O008275,C01273,2024-12-24,Standard,0,Delivered
O008276,C01319,2024-07-10,Express,10,Delivered
O008277,C00418,2024-08-03,Standard,10,Delivered
O008278,C00899,2024-04-24,Standard,5,Delivered
O008279,C00590,2024-07-25,Express,0,Delivered
O008280,C00473,2024-08-03,Standard,0,Delivered
O008281,C00773,2024-05-18,Standard,0,Delivered
O008282,C01058,2024-01-24,Standard,0,Delivered
O008283,C00773,2024-05-18,Standard,20,Delivered
O008284,C00346,2024-02-15,Standard,0,Delivered
O008285,C01209,2024-11-01,Same Day,0,Delivered
O008286,C01472,2024-05-27,Standard,15,Delivered
O008287,C00548,2024-02-07,Express,30,Delivered
O008288,C01285,2024-11-23,Standard,10,Delivered
O008289,C01306,2023-06-19,Express,0,Delivered
O008290,C00394,2023-05-15,Express,5,Delivered
O008291,C01039,2024-11-20,Same Day,0,Delivered
O008292,C01415,2024-11-13,Standard,0,Delivered
O008293,C01091,2024-07-04,Standard,10,Delivered
O008294,C00047,2023-08-24,Standard,15,Delivered
O008295,C00888,2024-12-15,Standard,0,Delivered
O008296,C01156,2024-09-02,Standard,10,Delivered
O008297,C00900,2024-06-27,Express,10,Delivered
O008298,C00046,2023-08-05,Standard,5,Delivered
O008299,C00190,2024-02-18,Express,0,Returned
O008300,C01201,2024-10-07,Express,30,Delivered
O008301,C00730,2024-10-25,Standard,0,Delivered
O008302,C01439,2024-03-30,Express,0,Delivered
O008303,C00626,2024-02-27,Standard,0,Delivered
O008304,C01246,2024-07-15,Same Day,10,Delivered
O008305,C00056,2024-03-02,Express,20,Delivered
O008306,C01281,2023-12-08,Express,0,Delivered
O008307,C01298,2023-03-28,Standard,0,Delivered
O008308,C00547,2023-09-14,Express,20,Delivered
O008309,C00450,2024-08-30,Same Day,10,Delivered
O008310,C01385,2023-07-16,Standard,30,Delivered
O008311,C01156,2023-02-23,Standard,10,Delivered
O008312,C00876,2024-11-14,Express,15,Delivered
O008313,C00656,2024-07-20,Standard,5,Delivered
O008314,C01388,2023-05-04,Standard,0,Delivered
O008315,C01102,2024-02-17,Express,10,Delivered
O008316,C00630,2024-09-01,Express,5,Delivered
O008317,C00749,2023-12-08,Standard,5,Delivered
O008318,C00154,2024-01-12,Standard,5,Delivered
O008319,C01220,2024-01-04,Standard,0,Delivered
O008320,C01281,2023-08-04,Standard,10,Delivered
O008321,C00538,2024-08-03,Standard,5,Returned
O008322,C00450,2023-04-15,Express,15,Delivered
O008323,C00380,2024-02-13,Express,0,Delivered
O008324,C00262,2023-06-17,Same Day,10,Delivered
O008325,C01422,2024-02-20,Same Day,5,Delivered
O008326,C01123,2023-06-28,Same Day,0,Delivered
O008327,C00655,2024-10-29,Standard,5,Delivered
O008328,C00172,2023-06-23,Standard,5,Delivered
O008329,C00215,2023-10-02,Standard,15,Delivered
O008330,C01049,2023-12-21,Express,0,Delivered
O008331,C00307,2024-08-13,Same Day,15,Delivered
O008332,C00520,2023-12-26,Standard,0,Delivered
O008333,C01436,2024-12-01,Standard,5,Delivered
O008334,C00861,2024-06-19,Standard,10,Delivered
O008335,C01214,2024-03-05,Standard,0,Delivered
O008336,C00161,2024-06-13,Express,0,Delivered
O008337,C00489,2023-02-10,Standard,0,Delivered
O008338,C01353,2024-12-05,Standard,5,Delivered
O008339,C01219,2024-12-08,Same Day,0,Delivered
O008340,C01071,2023-09-17,Standard,30,Delivered
O008341,C00868,2024-05-22,Standard,0,Delivered
O008342,C00408,2023-08-08,Express,20,Delivered
O008343,C00867,2024-03-18,Standard,20,Delivered
O008344,C00080,2024-09-06,Express,0,Delivered
O008345,C00304,2024-11-30,Standard,15,Delivered
O008346,C00773,2024-05-18,Standard,30,Delivered
O008347,C00007,2024-07-12,Standard,0,delivered
O008348,C00352,2024-07-30,Express,5,Delivered
O008349,C00227,2023-08-04,Standard,15,Delivered
O008350,C00515,2024-05-23,Same Day,10,Delivered
O008351,C01296,2024-06-12,Standard,15,Delivered
O008352,C01422,2024-09-01,Express,0,Delivered
O008353,C00246,2024-12-31,Same Day,0,Returned
O008354,C00348,2024-06-05,Standard,10,Delivered
O008355,C01282,2023-07-17,Express,0,Delivered
O008356,C00260,2024-04-29,Express,10,Delivered
O008357,C01093,2023-06-02,Express,5,Delivered
O008358,C00137,2023-12-31,Express,5,Delivered
O008359,C00950,2024-11-03,Standard,20,Cancelled
O008360,C00400,2024-04-18,Same Day,10,Returned
O008361,C01105,2024-06-22,Standard,10,Delivered
O008362,C00773,2024-05-18,Standard,30,Delivered
O008363,C00269,2023-10-16,Standard,0,Delivered
O008364,C00614,2024-10-13,Standard,10,Delivered
O008365,C00765,2024-06-12,Standard,5,Delivered
O008366,C01499,2023-11-02,Standard,10,Delivered
O008367,C00724,2024-11-18,Express,15,Delivered
O008368,C00225,2024-02-05,Standard,20,Returned
O008369,C00831,2023-07-10,Standard,5,Returned
O008370,C00335,2024-01-24,Same Day,15,Delivered
O008371,C01324,2024-06-27,Same Day,0,Delivered
O008372,C01270,2023-11-10,Express,10,Delivered
O008373,C00199,2024-10-17,Standard,20,Returned
O008374,C00869,2024-03-06,Same Day,10,Delivered
O008375,C01018,2024-01-11,Standard,10,Delivered
O008376,C00379,2024-10-24,Standard,15,Delivered
O008377,C00914,2024-04-23,Same Day,0,Delivered
O008378,C00696,2023-12-06,Standard,10,Delivered
O008379,C00726,2023-06-11,Standard,10,Returned
O008380,C00829,2023-11-08,Standard,5,Delivered
O008381,C00848,2023-11-26,Standard,30,Returned
O008382,C01049,2023-12-21,Standard,5,Delivered
O008383,C00680,2024-04-20,,0,Delivered
O008384,C01070,2023-09-27,Express,15,Delivered
O008385,C00730,2023-08-06,Same Day,0,Delivered
O008386,C00961,2024-03-30,Standard,10,Delivered
O008387,C00397,2023-09-12,Express,20,Delivered
O008388,C00807,2024-05-31,Express,15,Delivered
O008389,C00707,2024-07-10,Standard,10,Cancelled
O008390,C00438,2023-10-05,Standard,20,Delivered
O008391,C00098,2024-04-06,Standard,5,Delivered
O008392,C00763,2024-01-29,Standard,0,Delivered
O008393,C00029,2023-04-21,Standard,10,Delivered
O008394,C00590,2024-02-20,Express,10,Delivered
O008395,C00561,2024-08-06,Express,15,Delivered
O008396,C00923,2024-05-16,Standard,5,Delivered
O008397,C01489,2023-12-27,Standard,0,Delivered
O008398,C01296,2024-12-03,Standard,0,Delivered
O008399,C01469,2024-03-24,Standard,0,Delivered
O008400,C01428,2024-11-03,Same Day,15,Delivered
O008401,C00122,2024-09-25,Standard,5,Delivered
O008402,C00418,2023-12-09,Express,0,Delivered
O008403,C00435,2023-07-04,Standard,0,Delivered
O008404,C00116,2023-06-03,Standard,0,Delivered
O008405,C01282,2024-11-22,Express,5,Delivered
O008406,C01353,2023-08-14,Standard,15,Delivered
O008407,C00889,2024-11-01,Standard,30,Delivered
O008408,C01348,2024-02-10,Express,10,Delivered
O008409,C01057,2024-01-06,Standard,5,Delivered
O008410,C00663,2024-05-15,Same Day,0,Delivered
O008411,C00224,2023-07-29,Same Day,5,Delivered
O008412,C01441,2023-12-15,Standard,10,Delivered
O008413,C01013,2024-11-29,Standard,0,Delivered
O008414,C00538,2024-05-06,Express,0,Returned
O008415,C00199,2024-11-22,Standard,15,Delivered
O008416,C01197,2024-12-28,Standard,10,Delivered
O008417,C01201,2023-09-06,Standard,5,Returned
O008418,C00810,2024-03-05,Express,10,Returned
O008419,C01500,2023-06-19,Same Day,5,Delivered
O008420,C00586,2024-05-17,Standard,0,Delivered
O008421,C01416,2024-12-26,Standard,20,Delivered
O008422,C00918,2024-11-11,Same Day,0,Delivered
O008423,C01089,2024-11-23,Standard,0,Cancelled
O008424,C01391,2024-06-10,Standard,10,Delivered
O008425,C01261,2024-03-14,Standard,5,Delivered
O008426,C00426,2023-12-13,Standard,10,Delivered
O008427,C01312,2024-11-12,Standard,20,Delivered
O008428,C00805,2023-07-07,Standard,0,Delivered
O008429,C00075,2024-03-31,Standard,0,Delivered
O008430,C00986,2024-02-10,Express,0,Delivered
O008431,C00753,2023-07-05,Standard,0,Delivered
O008432,C00797,2023-07-06,Express,15,Delivered
O008433,C00621,2023-03-20,Express,5,Delivered
O008434,C00098,2024-10-29,Standard,0,Delivered
O008435,C00272,2024-09-12,Same Day,10,Delivered
O008436,C01120,2023-08-31,Standard,15,Delivered
O008437,C00353,2024-09-14,Standard,20,Delivered
O008438,C00915,2023-12-11,Standard,5,Delivered
O008439,C00807,2024-09-09,Standard,10,Delivered
O008440,C00335,2023-10-17,Standard,0,Delivered
O008441,C00418,2024-04-02,Same Day,15,Delivered
O008442,C00580,2023-11-18,Express,20,Delivered
O008443,C01325,2023-07-04,Standard,10,Returned
O008444,C01416,2024-04-19,Standard,10,Delivered
O008445,C00586,2024-08-23,Standard,10,Delivered
O008446,C00077,2024-08-25,Standard,10,Delivered
O008447,C00880,2023-11-05,Standard,5,Delivered
O008448,C00630,2024-02-23,Standard,10,Delivered
O008449,C00746,2024-09-01,Standard,30,Delivered
O008450,C00665,2023-09-16,Standard,10,Returned
O008451,C00955,2023-03-15,Express,0,Delivered
O008452,C00442,2023-11-15,Standard,5,Delivered
O008453,C01351,2023-12-07,Standard,10,Delivered
O008454,C00637,2023-11-14,Same Day,0,Delivered
O008455,C00505,2023-04-06,Express,5,Delivered
O008456,C01398,2024-04-24,Standard,0,Delivered
O008457,C00540,2024-06-25,Standard,5,Delivered
O008458,C00133,2024-09-20,Express,0,Delivered
O008459,C00230,2024-06-08,Express,5,Delivered
O008460,C01057,2023-11-26,Standard,30,Delivered
O008461,C00845,2024-11-27,Express,0,Delivered
O008462,C00796,2024-08-06,Standard,0,Delivered
O008463,C00128,2024-03-05,Standard,5,Delivered
O008464,C00245,2023-12-24,Express,10,Delivered
O008465,C00604,2024-06-07,Standard,30,Delivered
O008466,C00674,2024-04-24,Standard,10,Delivered
O008467,C00570,2024-07-04,Express,20,Delivered
O008468,C00759,2024-09-13,,0,Delivered
O008469,C01087,2024-11-19,Same Day,0,Returned
O008470,C00923,2024-12-04,Express,20,Delivered
O008471,C00895,2024-05-23,Express,0,Delivered
O008472,C00834,2024-12-13,Express,5,Delivered
O008473,C00301,2024-11-17,Express,5,Returned
O008474,C00888,2023-01-03,Standard,20,Delivered
O008475,C00235,2024-05-29,Express,5,Delivered
O008476,C01057,2023-06-25,Standard,20,Cancelled
O008477,C00680,2023-10-02,Express,10,Delivered
O008478,C00861,2023-10-17,Standard,0,Delivered
O008479,C01306,2024-01-23,Express,0,Delivered
O008480,C00563,2023-03-04,Standard,5,Delivered
O008481,C00154,2023-08-16,Standard,0,Delivered
O008482,C01349,2024-04-12,Express,0,Delivered
O008483,C00553,2024-06-08,Standard,5,Delivered
O008484,C00616,2024-11-07,Standard,10,Delivered
O008485,C00435,2024-12-30,Express,5,Delivered
O008486,C00636,2023-12-28,Standard,30,Delivered
O008487,C00777,2023-09-05,Standard,0,Delivered
O008488,C01281,2024-10-22,Standard,30,Delivered
O008489,C01068,2023-04-25,Same Day,10,Returned
O008490,C00763,2024-12-18,Standard,15,Delivered
O008491,C01129,2024-07-29,Standard,10,Cancelled
O008492,C01285,2024-02-10,Same Day,0,Delivered
O008493,C00093,2023-04-09,Express,15,Cancelled
O008494,C00873,2024-06-10,Express,15,Returned
O008495,C00072,2024-03-16,Standard,15,Delivered
O008496,C00447,2023-12-06,Express,20,Delivered
O008497,C01128,2024-10-17,Same Day,0,Delivered
O008498,C01183,2024-06-02,Same Day,30,Returned
O008499,C01333,2023-12-17,Express,20,Delivered
O008500,C00751,2023-10-16,Express,20,Returned
O008501,C00134,2024-01-21,Express,10,Delivered
O008502,C00197,2023-07-12,Express,15,Delivered
O008503,C00368,2024-06-21,Express,10,Delivered
O008504,C00562,2024-05-05,Standard,5,Returned
O008505,C00784,2024-10-01,Express,20,Delivered
O008506,C00948,2023-12-28,Standard,0,Delivered
O008507,C00244,2023-09-19,Standard,15,Delivered
O008508,C00284,2024-10-14,Standard,5,Delivered
O008509,C00260,2024-07-10,Standard,0,Cancelled
O008510,C01118,2024-07-22,Standard,5,Delivered
O008511,C00438,2024-03-02,Standard,10,Delivered
O008512,C00250,2024-11-01,Express,0,Delivered
O008513,C00652,2024-02-02,Same Day,15,Delivered
O008514,C00371,2024-06-10,Standard,5,Delivered
O008515,C00559,2024-09-22,Standard,10,Delivered
O008516,C01249,2023-05-13,Standard,0,Delivered
O008517,C00494,2024-09-30,Express,0,Delivered
O008518,C00265,2023-11-03,Standard,0,Cancelled
O008519,C00352,2023-05-06,Standard,0,Delivered
O008520,C00051,2023-03-22,Standard,15,Delivered
O008521,C01367,2024-10-17,Standard,5,Delivered
O008522,C01019,2024-09-11,Express,15,Delivered
O008523,C00696,2023-09-27,Express,10,Delivered
O008524,C00842,2024-02-14,Standard,0,Delivered
O008525,C00383,2023-08-25,Standard,20,Delivered
O008526,C00614,2023-07-27,Express,15,Delivered
O008527,C00472,2024-08-11,Same Day,0,Delivered
O008528,C01250,2023-08-25,Express,10,Delivered
O008529,C01096,2024-06-16,Express,5,Delivered
O008530,C00418,2023-02-01,Same Day,5,Delivered
O008531,C01127,2024-04-28,Standard,5,Delivered
O008532,C00148,2024-07-09,Standard,5,Delivered
O008533,C00304,2024-06-11,Express,5,Delivered
O008534,C00165,2024-04-05,Standard,5,Delivered
O008535,C00356,2024-12-13,Standard,5,Delivered
O008536,C00341,2024-01-15,Express,10,Delivered
O008537,C01365,2024-10-25,Standard,0,Delivered
O008538,C00486,2024-06-05,Standard,0,Returned
O008539,C00538,2024-05-06,Standard,5,Delivered
O008540,C00154,2024-10-01,Standard,5,Delivered
O008541,C00102,2024-04-18,Standard,10,Delivered
O008542,C00334,2024-06-11,Standard,10,Delivered
O008543,C00208,2023-11-16,Standard,0,Delivered
O008544,C00515,2023-12-30,Same Day,10,Delivered
O008545,C00280,2024-11-04,Standard,5,Delivered
O008546,C00269,2023-07-30,Express,5,Delivered
O008547,C00949,2023-01-01,Same Day,10,Cancelled
O008548,C01416,2023-09-03,Standard,10,Delivered
O008549,C00035,2024-01-27,Standard,10,Delivered
O008550,C01042,2024-10-07,Express,15,Delivered
O008551,C00959,2024-06-02,Standard,5,Delivered
O008552,C00866,2024-11-20,Standard,20,Delivered
O008553,C01013,2024-01-01,Standard,20,Delivered
O008554,C00762,2023-11-23,Express,0,Delivered
O008555,C01401,2023-11-02,Express,20,Delivered
O008556,C00235,2023-11-18,Express,5,Delivered
O008557,C00721,2024-08-13,Standard,30,Delivered
O008558,C00955,2023-03-23,Standard,20,Returned
O008559,C01384,2023-08-21,Standard,5,Delivered
O008560,C00730,2024-11-06,Express,0,Returned
O008561,C01471,2024-04-12,Same Day,10,Delivered
O008562,C00956,2024-03-29,Standard,5,Delivered
O008563,C01024,2024-07-20,Standard,10,Delivered
O008564,C01239,2024-02-13,Standard,5,Delivered
O008565,C01087,2024-10-22,Express,5,Delivered
O008566,C00778,2024-07-03,Same Day,5,Delivered
O008567,C01151,2023-06-23,Standard,15,Delivered
O008568,C00057,2023-07-21,Standard,10,Delivered
O008569,C01407,2024-06-07,Same Day,10,Delivered
O008570,C01248,2024-07-19,Standard,15,Returned
O008571,C00926,2024-02-15,Express,15,Delivered
O008572,C00110,2024-08-21,Same Day,5,Delivered
O008573,C00434,2024-02-18,Express,0,Delivered
O008574,C00381,2023-10-20,Standard,5,Returned
O008575,C00389,2023-04-15,Express,10,Delivered
O008576,C00978,2023-07-18,Standard,0,Returned
O008577,C01321,2023-11-28,Standard,15,Delivered
O008578,C01000,2024-03-22,Standard,0,Delivered
O008579,C00587,2024-11-29,Standard,0,Delivered
O008580,C01463,2023-08-19,Same Day,10,Delivered
O008581,C01306,2024-06-21,Express,10,Delivered
O008582,C01008,2023-08-04,Standard,5,Delivered
O008583,C00606,2024-07-28,Standard,15,Returned
O008584,C01007,2023-07-04,Express,20,Delivered
O008585,C00617,2024-06-12,Standard,0,Delivered
O008586,C00230,2023-06-10,Standard,20,Delivered
O008587,C00903,2024-01-02,Standard,5,Delivered
O008588,C01021,2024-03-28,Express,5,Delivered
O008589,C00521,2023-11-15,Standard,15,Delivered
O008590,C01404,2024-01-14,Express,15,Cancelled
O008591,C01289,2023-10-09,Express,10,Delivered
O008592,C00863,2024-12-07,Standard,5,Delivered
O008593,C00096,2023-09-29,Standard,0,Delivered
O008594,C00037,2024-03-14,Standard,5,Delivered
O008595,C00931,2024-10-22,Standard,10,Returned
O008596,C01229,2024-06-19,Standard,10,delivered
O008597,C00756,2024-04-03,Express,20,Delivered
O008598,C00042,2024-03-22,Standard,5,Delivered
O008599,C00219,2023-03-26,Standard,10,Delivered
O008600,C00314,2024-03-17,Standard,10,Delivered
O008601,C00915,2023-12-17,Standard,10,Delivered
O008602,C00730,2024-08-28,Same Day,30,Delivered
O008603,C00158,2024-10-19,Standard,15,Delivered
O008604,C00758,2023-07-15,Standard,0,Delivered
O008605,C01318,2024-03-02,Express,15,Delivered
O008606,C00659,2023-11-23,Standard,30,Delivered
O008607,C00224,2024-03-07,Standard,0,Delivered
O008608,C00858,2024-04-11,Express,10,Delivered
O008609,C01404,2024-05-22,Express,10,Delivered
O008610,C00180,2024-04-07,Express,5,Delivered
O008611,C00230,2024-11-28,Standard,20,Delivered
O008612,C00848,2023-12-03,Standard,15,Delivered
O008613,C00503,2023-04-06,Standard,0,Delivered
O008614,C01353,2023-10-05,Standard,0,Delivered
O008615,C01057,2024-05-05,Same Day,0,Delivered
O008616,C00223,2023-09-05,Standard,20,Delivered
O008617,C01319,2023-09-12,Standard,0,Delivered
O008618,C00938,2023-10-27,Standard,10,Delivered
O008619,C00747,2024-08-20,Standard,10,Returned
O008620,C00385,2024-11-30,Standard,0,Cancelled
O008621,C00951,2023-11-02,Standard,0,Delivered
O008622,C01361,2023-07-11,Express,15,Delivered
O008623,C00063,2023-12-10,Standard,5,Cancelled
O008624,C00568,2023-11-02,,5,Delivered
O008625,C01409,2024-12-26,Express,5,Delivered
O008626,C00578,2024-01-08,Standard,0,Delivered
O008627,C00057,2024-07-01,Standard,5,Delivered
O008628,C00156,2024-11-18,Standard,0,Returned
O008629,C01013,2024-05-23,Express,0,Delivered
O008630,C01025,2023-08-27,Standard,0,Returned
O008631,C00176,2024-05-06,Standard,10,Delivered
O008632,C00334,2023-11-29,Standard,0,Delivered
O008633,C00845,2023-12-11,Standard,0,Returned
O008634,C01011,2024-12-20,Express,15,Delivered
O008635,C00230,2023-09-19,Standard,10,Delivered
O008636,C00682,2024-01-12,Standard,15,Delivered
O008637,C00844,2023-06-07,Same Day,15,Delivered
O008638,C00080,2023-07-26,Express,5,Delivered
O008639,C00336,2024-05-03,Standard,10,Delivered
O008640,C01394,2024-08-23,Express,30,Returned
O008641,C01325,2024-05-28,Standard,5,Delivered
O008642,C00478,2023-10-21,Standard,0,Delivered
O008643,C01313,2023-03-28,Standard,0,Delivered
O008644,C00922,2024-01-13,Standard,20,Delivered
O008645,C01477,2024-05-13,Standard,0,Delivered
O008646,C01457,2024-09-06,Express,20,Delivered
O008647,C00899,2024-05-31,Standard,10,Delivered
O008648,C00706,2024-10-30,Same Day,10,Delivered
O008649,C00218,2024-09-14,Standard,5,Delivered
O008650,C00788,2023-11-10,Standard,5,Returned
O008651,C00609,2024-05-25,Express,0,Delivered
O008652,C00948,2024-08-21,Standard,10,Delivered
O008653,C00140,2024-12-08,Standard,10,Delivered
O008654,C01272,2023-12-11,Standard,5,Delivered
O008655,C01460,2024-06-06,Standard,5,Delivered
O008656,C00313,2023-11-24,Standard,10,Cancelled
O008657,C00922,2024-08-14,Standard,5,Cancelled
O008658,C01201,2024-11-17,Standard,15,Delivered
O008659,C00831,2024-11-21,Standard,0,Delivered
O008660,C01407,2024-06-07,Standard,20,Delivered
O008661,C00763,2023-07-19,Standard,5,Delivered
O008662,C00410,2024-08-26,Same Day,5,Delivered
O008663,C00717,2024-05-24,Express,5,Delivered
O008664,C00730,2024-11-14,Standard,5,Delivered
O008665,C00381,2023-10-12,Standard,0,Delivered
O008666,C01176,2024-10-19,Standard,5,Delivered
O008667,C00900,2024-07-04,Standard,5,Delivered
O008668,C00561,2023-07-26,Same Day,0,Cancelled
O008669,C00637,2023-05-07,Standard,0,Delivered
O008670,C00562,2024-07-19,Express,15,Delivered
O008671,C00674,2023-06-06,Express,15,Delivered
O008672,C00785,2024-09-21,Express,5,Delivered
O008673,C00490,2024-03-26,Standard,0,Delivered
O008674,C01239,2024-01-18,Standard,5,Delivered
O008675,C01403,2023-09-17,Express,20,Delivered
O008676,C00778,2024-12-23,Express,15,Returned
O008677,C01052,2024-08-03,Standard,15,Delivered
O008678,C01405,2024-09-11,Standard,10,Delivered
O008679,C00293,2024-09-04,Standard,10,Delivered
O008680,C00286,2024-06-15,Standard,0,Delivered
O008681,C00120,2024-11-30,Standard,0,Delivered
O008682,C00665,2024-04-17,Standard,15,Delivered
O008683,C00490,2024-02-24,Express,0,Delivered
O008684,C00842,2024-02-14,Express,0,Delivered
O008685,C00679,2024-03-23,Express,15,Delivered
O008686,C00286,2024-08-13,Express,15,Delivered
O008687,C00594,2023-11-12,Express,0,Delivered
O008688,C00046,2024-08-08,Standard,5,Delivered
O008689,C00799,2024-12-06,Express,0,Delivered
O008690,C00410,2024-04-15,Standard,0,Delivered
O008691,C00174,2023-04-09,Same Day,0,Delivered
O008692,C00102,2024-06-21,Standard,10,Delivered
O008693,C01057,2023-01-10,Express,0,Delivered
O008694,C00371,2024-09-16,Standard,15,Delivered
O008695,C00958,2024-04-18,Standard,0,Cancelled
O008696,C01237,2024-01-29,Standard,0,Delivered
O008697,C00755,2024-04-05,Standard,0,Delivered
O008698,C00208,2024-02-21,Express,10,Delivered
O008699,C00897,2023-10-18,Standard,30,Delivered
O008700,C00118,2023-09-21,Standard,0,Cancelled
O008701,C01239,2023-12-07,Express,10,Delivered
O008702,C01126,2024-11-10,Standard,0,Cancelled
O008703,C00614,2023-05-16,Express,0,Delivered
O008704,C00408,2023-10-18,Standard,0,Delivered
O008705,C01049,2023-12-21,Standard,0,Delivered
O008706,C00848,2023-12-14,Standard,20,Delivered
O008707,C00219,2023-05-14,Express,10,Delivered
O008708,C01124,2024-08-30,Express,20,Delivered
O008709,C00494,2023-04-15,Express,15,Delivered
O008710,C01353,2024-06-20,Standard,15,Delivered
O008711,C01259,2023-09-11,Standard,5,Returned
O008712,C00417,2024-01-15,Standard,0,Delivered
O008713,C00383,2023-07-15,Standard,0,Delivered
O008714,C00607,2024-08-09,Standard,0,Delivered
O008715,C01204,2024-12-04,Express,0,Delivered
O008716,C00206,2024-05-13,Express,0,Delivered
O008717,C00463,2024-12-06,Standard,10,Delivered
O008718,C00959,2023-10-19,Express,5,Delivered
O008719,C00050,2024-03-27,Standard,5,Cancelled
O008720,C00092,2024-07-18,Standard,5,Delivered
O008721,C01127,2024-03-10,Standard,0,Delivered
O008722,C00778,2023-12-25,Standard,0,Delivered
O008723,C00834,2023-07-13,Express,5,Delivered
O008724,C00373,2024-07-15,Standard,15,Returned
O008725,C00790,2023-12-07,Standard,10,Delivered
O008726,C00815,2024-11-08,Standard,20,Delivered
O008727,C00626,2023-09-16,Express,5,Delivered
O008728,C01453,2024-11-22,Standard,15,Delivered
O008729,C00080,2023-07-26,Express,10,Delivered
O008730,C00626,2024-05-06,Standard,20,Delivered
O008731,C01296,2023-10-09,Express,0,Delivered
O008732,C00310,2023-06-28,Standard,15,Cancelled
O008733,C01407,2024-06-07,Standard,5,Delivered
O008734,C00647,2024-06-12,Standard,5,Delivered
O008735,C00230,2023-08-14,Express,5,Returned
O008736,C00146,2024-04-08,Same Day,5,Delivered
O008737,C00486,2024-12-21,Same Day,20,Delivered
O008738,C01394,2023-10-13,Standard,20,Delivered
O008739,C01416,2023-08-27,Express,10,Delivered
O008740,C00845,2023-05-22,Standard,0,Delivered
O008741,C00183,2023-05-01,Standard,5,Delivered
O008742,C00682,2024-01-07,Standard,5,Delivered
O008743,C00630,2024-08-19,Express,10,Delivered
O008744,C00348,2024-06-05,Same Day,0,Delivered
O008745,C00122,2023-06-23,Standard,10,Delivered
O008746,C00576,2024-05-31,Standard,5,Delivered
O008747,C00562,2023-10-05,Standard,0,Delivered
O008748,C01036,2024-04-10,Standard,0,Delivered
O008749,C00599,2024-11-27,Standard,0,Delivered
O008750,C00035,2023-09-29,Standard,20,Cancelled
O008751,C00038,2024-02-18,Standard,10,Delivered
O008752,C01012,2024-09-29,Express,10,Returned
O008753,C00959,2024-07-11,Standard,0,Cancelled
O008754,C00236,2024-08-24,Express,15,Delivered
O008755,C01312,2024-09-07,Express,0,Delivered
O008756,C00961,2024-03-12,Standard,5,Delivered
O008757,C00230,2024-03-09,Standard,10,Delivered
O008758,C00426,2024-08-01,Same Day,0,Delivered
O008759,C01468,2024-07-15,Standard,15,Delivered
O008760,C00617,2024-06-24,Standard,15,Delivered
O008761,C00354,2024-02-20,Standard,5,Delivered
O008762,C00780,2024-10-10,Express,5,Delivered
O008763,C00310,2023-08-16,Standard,0,Delivered
O008764,C01185,2023-06-03,Standard,10,Delivered
O008765,C01190,2023-10-30,Express,0,Delivered
O008766,C01200,2023-08-31,Standard,15,Delivered
O008767,C00899,2024-06-18,Express,10,Delivered
O008768,C01015,2023-08-12,Standard,5,Delivered
O008769,C00473,2024-06-13,Express,0,Delivered
O008770,C01323,2024-04-02,Standard,5,Delivered
O008771,C00219,2023-05-31,Standard,0,Cancelled
O008772,C00383,2023-09-03,Standard,30,Delivered
O008773,C01495,2024-02-26,Standard,10,Delivered
O008774,C01445,2024-08-11,Standard,10,Delivered
O008775,C00762,2023-11-27,Standard,0,Delivered
O008776,C00753,2023-08-13,Standard,5,Delivered
O008777,C00182,2024-02-27,Standard,5,Delivered
O008778,C00959,2023-04-07,Standard,30,Delivered
O008779,C00048,2023-05-29,Standard,10,Delivered
O008780,C00456,2024-12-17,Express,0,Returned
O008781,C00630,2023-04-08,Standard,30,Delivered
O008782,C01353,2023-05-06,Express,0,Delivered
O008783,C01462,2024-10-30,Standard,10,Delivered
O008784,C01469,2024-06-18,Standard,20,Delivered
O008785,C01197,2023-12-20,Standard,10,Delivered
O008786,C00426,2024-06-07,Standard,20,Delivered
O008787,C00075,2024-11-27,Express,15,Cancelled
O008788,C00647,2023-04-11,Standard,0,Returned
O008789,C00436,2023-08-22,Same Day,10,Delivered
O008790,C00955,2024-10-25,Express,10,Delivered
O008791,C00561,2024-09-12,Standard,5,Delivered
O008792,C01347,2024-12-28,Same Day,20,Delivered
O008793,C00565,2023-10-12,,15,Delivered
O008794,C00574,2024-12-02,Express,5,Delivered
O008795,C01123,2023-10-29,Standard,0,Delivered
O008796,C00871,2024-07-29,Standard,0,Delivered
O008797,C00383,2024-11-04,Standard,0,Delivered
O008798,C00991,2023-06-18,Express,10,Delivered
O008799,C00845,2023-07-20,Standard,10,Delivered
O008800,C00163,2024-04-15,Standard,0,Delivered
O008801,C00704,2024-10-17,Same Day,5,Delivered
O008802,C01394,2023-03-22,Standard,0,Delivered
O008803,C00314,2024-10-21,Same Day,20,Delivered
O008804,C00626,2023-10-29,Standard,15,delivered
O008805,C00417,2023-12-01,Express,0,Delivered
O008806,C00799,2023-10-27,Standard,0,Delivered
O008807,C01469,2024-11-17,Express,20,Delivered
O008808,C00450,2023-05-11,Express,0,Delivered
O008809,C01266,2024-04-09,Standard,15,Cancelled
O008810,C01274,2024-01-10,Express,0,Delivered
O008811,C00392,2024-11-25,Same Day,5,Delivered
O008812,C01151,2024-09-24,Express,10,Delivered
O008813,C01490,2023-08-14,Same Day,5,Returned
O008814,C01434,2023-10-20,Express,15,Delivered
O008815,C00889,2023-11-18,Standard,30,Delivered
O008816,C00225,2023-11-30,Express,5,Delivered
O008817,C00189,2024-10-05,Express,5,Delivered
O008818,C00404,2024-04-10,Standard,10,Delivered
O008819,C00880,2023-12-15,Standard,15,Delivered
O008820,C00585,2024-08-01,Standard,0,Delivered
O008821,C01024,2024-01-03,Express,5,Delivered
O008822,C01176,2023-05-09,Express,5,Delivered
O008823,C00272,2023-11-16,Express,0,Delivered
O008824,C01379,2023-10-19,Standard,15,Delivered
O008825,C00096,2024-05-03,Standard,20,Delivered
O008826,C00397,2023-05-24,Standard,15,Delivered
O008827,C01234,2024-03-21,Express,10,Delivered
O008828,C00276,2023-09-12,Express,15,Delivered
O008829,C00335,2024-07-14,Express,0,Delivered
O008830,C01470,2023-01-28,Standard,0,Delivered
O008831,C01388,2024-01-12,Express,5,Delivered
O008832,C01227,2023-02-23,Express,5,Delivered
O008833,C00262,2023-10-22,Same Day,20,Returned
O008834,C00383,2023-07-01,Express,15,Delivered
O008835,C00353,2024-01-12,Standard,5,Delivered
O008836,C00285,2024-09-03,Express,0,Delivered
O008837,C01464,2024-03-27,Standard,0,Delivered
O008838,C00250,2024-08-12,Express,5,Delivered
O008839,C01102,2024-04-17,Express,10,Delivered
O008840,C00080,2024-02-11,Express,20,Delivered
O008841,C00812,2024-04-30,Standard,0,Returned
O008842,C00116,2023-10-25,Express,15,Delivered
O008843,C00098,2024-07-25,Standard,10,Delivered
O008844,C00343,2024-09-12,Express,5,Returned
O008845,C01400,2024-09-11,Same Day,0,Delivered
O008846,C00930,2023-11-08,Standard,0,Delivered
O008847,C00954,2024-06-11,Express,10,Delivered
O008848,C00436,2023-05-27,Express,15,Delivered
O008849,C01072,2024-02-03,Express,10,Delivered
O008850,C00999,2023-01-10,Standard,15,Delivered
O008851,C00696,2023-07-09,Same Day,5,Delivered
O008852,C01007,2024-05-25,Same Day,0,Delivered
O008853,C01312,2024-11-01,Express,0,Delivered
O008854,C01445,2023-09-01,Standard,15,Delivered
O008855,C01499,2024-03-27,Express,5,Delivered
O008856,C00731,2024-05-28,Standard,20,Delivered
O008857,C00049,2024-11-26,Express,5,Delivered
O008858,C00343,2024-06-12,Standard,0,Delivered
O008859,C00294,2023-10-24,Standard,10,Delivered
O008860,C00438,2023-05-26,Standard,10,Delivered
O008861,C00545,2024-05-28,Express,10,Delivered
O008862,C00973,2023-07-30,Standard,0,Delivered
O008863,C00784,2024-11-25,Express,0,Delivered
O008864,C00951,2024-11-21,Standard,10,Delivered
O008865,C01465,2024-12-04,Standard,5,Delivered
O008866,C00080,2023-09-30,Standard,0,Delivered
O008867,C00036,2024-07-30,Express,5,Delivered
O008868,C00969,2024-06-18,Standard,10,Delivered
O008869,C00817,2024-02-27,Express,5,Delivered
O008870,C00726,2023-09-09,Standard,0,Delivered
O008871,C01289,2023-07-21,Same Day,20,Delivered
O008872,C00235,2023-11-18,Standard,0,Delivered
O008873,C00852,2024-12-06,Standard,0,Delivered
O008874,C01405,2024-10-18,Standard,0,Delivered
O008875,C00669,2023-10-01,Standard,0,Delivered
O008876,C00860,2024-03-04,Standard,10,Delivered
O008877,C00111,2024-02-18,Express,0,Delivered
O008878,C00521,2023-09-18,Express,0,Delivered
O008879,C00071,2023-03-08,Standard,0,Delivered
O008880,C00851,2024-06-02,Express,0,Delivered
O008881,C00871,2024-06-13,Standard,5,Cancelled
O008882,C01427,2024-10-15,Express,0,Delivered
O008883,C00928,2024-10-30,Standard,0,Delivered
O008884,C00008,2023-11-03,Standard,15,Cancelled
O008885,C01268,2024-08-18,Express,5,Delivered
O008886,C00489,2023-05-15,Standard,0,Delivered
O008887,C01057,2023-11-14,Standard,5,Returned
O008888,C00397,2024-02-20,Express,0,Delivered
O008889,C01125,2023-02-20,Express,0,Cancelled
O008890,C01403,2023-06-04,Express,0,Delivered
O008891,C00124,2023-09-13,Express,0,Delivered
O008892,C00814,2023-05-08,Standard,0,Delivered
O008893,C00806,2024-11-27,Express,0,Delivered
O008894,C00426,2023-12-13,Express,5,Delivered
O008895,C00505,2024-02-08,Standard,0,Delivered
O008896,C00989,2024-12-30,Standard,0,Delivered
O008897,C00428,2024-04-03,Express,20,Delivered
O008898,C00047,2023-12-04,Express,10,Delivered
O008899,C01148,2024-11-25,Standard,10,Delivered
O008900,C00913,2023-08-05,Express,5,Delivered
O008901,C00376,2024-02-17,Standard,10,Delivered
O008902,C01449,2024-03-08,Standard,10,Delivered
O008903,C01361,2023-12-14,Express,5,Delivered
O008904,C01453,2024-09-23,Standard,15,Delivered
O008905,C00763,2023-02-12,Standard,15,Delivered
O008906,C00353,2024-05-14,Express,0,Returned
O008907,C00262,2024-07-25,Standard,0,Delivered
O008908,C01423,2024-12-17,Express,0,delivered
O008909,C01347,2023-05-25,Same Day,5,Delivered
O008910,C01092,2023-08-24,Express,15,Delivered
O008911,C00763,2024-11-26,Express,10,Delivered
O008912,C00584,2024-05-24,Same Day,5,Returned
O008913,C01033,2024-04-04,Express,5,Delivered
O008914,C00029,2023-04-21,Express,10,Delivered
O008915,C00780,2024-09-15,Standard,5,Delivered
O008916,C00993,2024-04-04,Express,10,Delivered
O008917,C01116,2024-04-13,Standard,10,Delivered
O008918,C00679,2024-11-03,Standard,10,Delivered
O008919,C01097,2023-08-20,Standard,10,Delivered
O008920,C00152,2024-03-27,Standard,10,Delivered
O008921,C00352,2024-05-11,Standard,10,Delivered
O008922,C00219,2024-11-04,Express,20,Delivered
O008923,C00503,2023-09-09,Standard,10,Delivered
O008924,C00515,2024-07-03,Express,5,Returned
O008925,C00564,2023-05-31,Same Day,20,Delivered
O008926,C00703,2023-06-19,Express,20,Delivered
O008927,C00656,2024-11-13,Standard,5,Delivered
O008928,C00738,2023-04-29,Standard,15,Delivered
O008929,C01111,2023-01-25,Standard,30,Delivered
O008930,C00218,2024-09-08,Express,0,Delivered
O008931,C00524,2023-11-08,Standard,5,Delivered
O008932,C00003,2023-11-26,Standard,5,Delivered
O008933,C00046,2024-09-25,Standard,10,Delivered
O008934,C00890,2024-03-02,Same Day,30,Returned
O008935,C01321,2024-06-08,Standard,0,Delivered
O008936,C00442,2023-10-12,Standard,15,Delivered
O008937,C00614,2023-04-16,Standard,15,Delivered
O008938,C00313,2024-07-07,Standard,10,Delivered
O008939,C00218,2023-10-15,Same Day,10,Delivered
O008940,C01333,2024-10-28,Standard,10,Delivered
O008941,C00850,2024-11-20,Standard,0,Delivered
O008942,C01038,2024-10-20,Standard,0,Delivered
O008943,C01330,2023-10-17,Standard,0,Delivered
O008944,C00869,2023-11-04,Express,0,Returned
O008945,C00272,2024-11-09,Express,10,Delivered
O008946,C01057,2023-12-30,Express,15,Delivered
O008947,C01102,2024-07-23,Standard,0,Delivered
O008948,C00626,2024-10-09,Same Day,10,Returned
O008949,C00899,2024-04-24,,0,Delivered
O008950,C00727,2024-02-17,Express,5,Delivered
O008951,C00494,2024-05-19,Standard,0,Delivered
O008952,C00979,2024-04-22,Express,0,Delivered
O008953,C00371,2024-06-10,Express,15,Delivered
O008954,C00487,2024-04-18,Standard,5,Delivered
O008955,C00616,2024-09-19,Standard,0,Delivered
O008956,C00897,2023-11-01,Standard,0,Delivered
O008957,C01288,2023-08-21,Standard,15,Delivered
O008958,C00897,2024-08-05,Standard,5,Delivered
O008959,C01076,2024-09-16,Same Day,20,Delivered
O008960,C00428,2024-12-07,Standard,10,Delivered
O008961,C00868,2023-05-27,Standard,5,Cancelled
O008962,C00161,2024-11-07,Standard,5,Delivered
O008963,C00696,2024-09-02,Express,15,Delivered
O008964,C01013,2024-07-19,Standard,15,Delivered
O008965,C00271,2023-10-12,Express,0,delivered
O008966,C01373,2023-06-20,Standard,5,Delivered
O008967,C00630,2024-02-13,Standard,0,Delivered
O008968,C00977,2023-12-13,Standard,20,Delivered
O008969,C00714,2023-09-28,Standard,10,Delivered
O008970,C01085,2024-11-24,Standard,0,Delivered
O008971,C00865,2024-03-22,Standard,5,Delivered
O008972,C00193,2024-11-27,Standard,5,Delivered
O008973,C01399,2024-02-10,Standard,20,Delivered
O008974,C00959,2024-10-15,Same Day,5,Delivered
O008975,C00717,2023-09-23,Express,0,Cancelled
O008976,C00991,2024-05-26,Standard,10,Delivered
O008977,C00395,2024-03-26,Standard,0,Delivered
O008978,C01148,2024-11-23,Standard,10,Returned
O008979,C00621,2023-06-26,Standard,5,Delivered
O008980,C01204,2023-07-19,Standard,15,Delivered
O008981,C00413,2024-12-04,Same Day,10,Delivered
O008982,C01179,2023-04-10,Standard,0,Delivered
O008983,C01381,2024-05-27,Express,20,Delivered
O008984,C01477,2024-05-13,Standard,20,Delivered
O008985,C01155,2023-03-20,Standard,5,Delivered
O008986,C01036,2024-04-28,Standard,10,Delivered
O008987,C00773,2024-05-18,Standard,10,Delivered
O008988,C00165,2024-04-08,Express,5,Delivered
O008989,C00841,2024-01-16,Express,0,Delivered
O008990,C00845,2024-08-17,Standard,5,Returned
O008991,C00099,2024-12-27,Standard,0,Delivered
O008992,C01013,2023-10-31,Standard,15,Delivered
O008993,C00224,2023-10-18,Standard,15,Delivered
O008994,C00874,2023-10-17,Express,0,Delivered
O008995,C00721,2024-09-01,Standard,10,Delivered
O008996,C01321,2023-10-31,Standard,0,Delivered
O008997,C00352,2024-06-29,Express,0,Delivered
O008998,C00259,2023-12-26,Standard,0,Delivered
O008999,C00829,2024-05-06,Standard,5,Delivered
O009000,C00693,2024-10-10,Standard,15,Delivered
O009001,C00240,2024-02-19,Express,0,Delivered
O009002,C00896,2024-01-17,Same Day,20,Delivered
O009003,C01379,2023-09-10,Express,5,Delivered
O009004,C01091,2024-02-21,Standard,0,Delivered
O009005,C00313,2023-09-06,Express,5,Delivered
O009006,C00356,2024-10-17,Standard,10,Delivered
O009007,C00834,2023-11-22,Standard,5,Delivered
O009008,C00992,2024-01-05,Standard,5,Delivered
O009009,C01473,2023-08-19,Standard,0,Delivered
O009010,C00164,2024-03-08,Standard,10,Delivered
O009011,C00819,2024-11-19,Same Day,5,Delivered
O009012,C01489,2023-10-05,Express,30,Delivered
O009013,C00172,2023-09-08,Same Day,5,Delivered
O009014,C01466,2023-12-01,Standard,0,Delivered
O009015,C00696,2024-12-14,Standard,15,Delivered
O009016,C01066,2024-10-18,Same Day,0,Delivered
O009017,C00647,2023-05-29,Standard,0,Delivered
O009018,C01281,2024-05-11,Standard,10,Delivered
O009019,C01382,2024-09-20,Standard,0,Returned
O009020,C00250,2024-09-04,Express,5,Delivered
O009021,C01102,2024-02-17,Standard,5,Delivered
O009022,C00038,2024-08-10,Same Day,15,Delivered
O009023,C00418,2024-04-17,Standard,10,Delivered
O009024,C00829,2023-07-17,Standard,10,Delivered
O009025,C00883,2023-11-17,Express,30,Returned
O009026,C00553,2023-11-12,Standard,10,Delivered
O009027,C00409,2023-04-18,Standard,0,Delivered
O009028,C00259,2023-11-25,Standard,15,Returned
O009029,C00357,2024-10-10,Standard,15,Delivered
O009030,C00206,2024-10-18,Standard,5,Delivered
O009031,C00395,2023-06-05,Standard,10,Delivered
O009032,C01245,2023-10-18,Standard,5,Delivered
O009033,C00426,2024-06-24,Standard,0,Delivered
O009034,C01381,2024-02-07,Express,10,Delivered
O009035,C00368,2023-05-28,Express,5,Delivered
O009036,C00745,2024-09-29,Standard,0,Delivered
O009037,C00253,2023-07-31,Standard,5,Delivered
O009038,C00037,2023-06-09,Standard,10,Delivered
O009039,C00913,2024-08-22,Express,15,Delivered
O009040,C00501,2024-05-07,Standard,20,Delivered
O009041,C00515,2023-12-30,Express,10,Delivered
O009042,C00617,2024-07-11,Standard,30,Cancelled
O009043,C01156,2024-11-17,Standard,0,Delivered
O009044,C00610,2023-10-09,Standard,0,Delivered
O009045,C00137,2024-05-21,Same Day,15,Delivered
O009046,C00418,2023-08-01,,10,Delivered
O009047,C00857,2024-01-16,Express,15,Delivered
O009048,C01496,2024-02-28,Standard,10,Delivered
O009049,C00218,2023-11-22,Standard,0,Delivered
O009050,C00479,2023-10-08,Standard,10,Delivered
O009051,C00730,2024-09-27,Standard,0,Delivered
O009052,C01418,2023-11-17,Express,5,Returned
O009053,C00170,2024-11-06,Express,10,Delivered
O009054,C01189,2023-11-04,Standard,10,Delivered
O009055,C01070,2024-10-15,Standard,5,Delivered
O009056,C00442,2024-03-16,Standard,10,Delivered
O009057,C01152,2023-11-20,Standard,20,Delivered
O009058,C00855,2024-07-20,Standard,0,Delivered
O009059,C00259,2024-09-16,Express,0,Delivered
O009060,C00425,2024-05-23,Standard,0,Delivered
O009061,C00487,2023-12-13,Standard,5,Returned
O009062,C00479,2024-04-12,Express,0,Delivered
O009063,C01102,2024-04-18,Express,5,Returned
O009064,C00959,2023-12-13,Standard,0,Delivered
O009065,C01242,2024-08-28,Standard,0,Delivered
O009066,C00763,2023-11-27,Standard,0,Delivered
O009067,C00524,2023-12-30,Standard,20,Delivered
O009068,C00106,2024-05-04,Express,0,Delivered
O009069,C01190,2024-12-25,Express,0,Returned
O009070,C00122,2023-09-05,Standard,0,Delivered
O009071,C00438,2023-08-13,Standard,20,Returned
O009072,C00973,2023-06-23,Express,5,Delivered
O009073,C01131,2024-07-09,Standard,15,Delivered
O009074,C00109,2023-12-28,Express,0,Delivered
O009075,C00890,2024-03-02,Express,0,Delivered
O009076,C00211,2023-07-19,Standard,5,Delivered
O009077,C01122,2024-11-08,Express,10,Delivered
O009078,C01081,2023-12-24,Standard,15,Delivered
O009079,C01103,2024-05-06,Standard,0,Delivered
O009080,C00098,2024-04-06,Standard,30,Delivered
O009081,C00841,2023-04-20,Express,5,Delivered
O009082,C00363,2023-11-15,Standard,5,Delivered
O009083,C00749,2023-11-11,Standard,15,Delivered
O009084,C01492,2024-01-15,Standard,5,Delivered
O009085,C00142,2023-08-23,Express,15,Delivered
O009086,C00873,2024-06-10,Express,10,Delivered
O009087,C00246,2023-01-07,Standard,0,Delivered
O009088,C00763,2023-11-02,Standard,0,Delivered
O009089,C00777,2023-05-01,Standard,20,Delivered
O009090,C00682,2023-05-09,Express,15,Delivered
O009091,C00930,2023-11-08,Standard,30,Delivered
O009092,C01469,2024-07-14,Express,10,Cancelled
O009093,C01204,2024-11-26,Express,10,Delivered
O009094,C01441,2024-05-17,Express,0,Delivered
O009095,C00285,2023-04-08,Standard,10,Delivered
O009096,C01496,2024-12-26,Express,5,Delivered
O009097,C00442,2024-12-19,Standard,5,Delivered
O009098,C00051,2024-01-11,Express,10,Cancelled
O009099,C00656,2024-02-03,Standard,0,Delivered
O009100,C00371,2024-08-02,Same Day,5,Delivered
O009101,C01126,2024-12-11,Standard,15,Delivered
O009102,C00138,2024-09-11,Express,15,Delivered
O009103,C00822,2024-05-19,Standard,5,Returned
O009104,C00426,2024-05-09,Same Day,5,Cancelled
O009105,C00310,2024-12-20,Standard,10,Delivered
O009106,C01321,2023-03-16,Standard,0,Delivered
O009107,C00768,2023-05-29,Standard,0,Delivered
O009108,C00480,2024-10-11,Express,15,Cancelled
O009109,C01102,2024-02-17,Express,0,Returned
O009110,C01289,2023-11-19,Express,5,Delivered
O009111,C00665,2023-09-21,Standard,5,Delivered
O009112,C00273,2023-08-22,Express,30,Delivered
O009113,C01498,2023-01-26,Standard,10,Delivered
O009114,C00543,2024-04-03,Standard,15,Delivered
O009115,C00310,2023-11-28,Express,10,Delivered
O009116,C00160,2024-03-22,Standard,0,Delivered
O009117,C00196,2023-10-07,Standard,5,Delivered
O009118,C01416,2024-11-30,Express,0,Delivered
O009119,C01419,2024-04-23,Standard,5,Delivered
O009120,C00762,2024-12-11,Express,0,Delivered
O009121,C01013,2023-11-01,Standard,20,Delivered
O009122,C01266,2023-06-23,Express,0,Cancelled
O009123,C00834,2024-09-13,Standard,0,Cancelled
O009124,C00970,2024-10-09,Express,5,Cancelled
O009125,C01458,2023-10-01,Express,0,Returned
O009126,C00260,2024-05-20,Express,0,Delivered
O009127,C00212,2024-06-17,Standard,30,Delivered
O009128,C01116,2024-04-13,Express,0,Delivered
O009129,C01033,2024-04-04,Standard,10,Delivered
O009130,C00280,2023-08-22,Standard,10,Delivered
O009131,C00438,2023-01-17,Standard,0,Delivered
O009132,C01008,2024-10-28,Standard,0,Delivered
O009133,C00747,2024-01-30,Express,5,Delivered
O009134,C01352,2024-09-13,Standard,15,Returned
O009135,C01273,2024-08-04,Express,10,Delivered
O009136,C00730,2024-12-28,Express,0,Delivered
O009137,C00970,2023-12-21,Standard,0,Delivered
O009138,C00941,2024-01-05,Standard,10,Delivered
O009139,C00144,2024-05-17,Standard,5,Delivered
O009140,C00647,2024-05-20,Standard,0,Delivered
O009141,C00662,2024-04-29,Standard,10,Delivered
O009142,C01355,2024-08-08,Express,30,Delivered
O009143,C01335,2023-11-05,Same Day,20,Delivered
O009144,C00093,2023-05-11,Standard,10,Delivered
O009145,C01281,2024-10-26,Standard,30,Delivered
O009146,C00895,2024-10-10,Express,5,Delivered
O009147,C00036,2023-11-02,Same Day,0,Delivered
O009148,C00576,2024-07-10,Same Day,5,Delivered
O009149,C01339,2024-01-31,Same Day,10,Delivered
O009150,C00542,2024-08-30,Standard,15,Delivered
O009151,C00991,2023-11-22,Same Day,20,Delivered
O009152,C00846,2024-03-09,Standard,5,Delivered
O009153,C00871,2023-03-01,Standard,5,Delivered
O009154,C00726,2023-06-22,Express,0,Delivered
O009155,C00726,2024-09-13,Standard,10,Delivered
O009156,C01376,2024-05-07,Express,10,Returned
O009157,C00626,2023-05-07,Express,10,Delivered
O009158,C00288,2023-06-15,Express,0,Cancelled
O009159,C00633,2023-12-04,Standard,5,Delivered
O009160,C01085,2024-07-31,Standard,0,Delivered
O009161,C00723,2023-11-09,Express,5,Delivered
O009162,C01084,2024-08-19,Standard,0,Returned
O009163,C00357,2024-10-24,Standard,20,Delivered
O009164,C00863,2023-10-28,Standard,15,Delivered
O009165,C01306,2024-09-25,Express,10,Delivered
O009166,C00788,2023-05-08,Same Day,0,Delivered
O009167,C00925,2023-12-07,Express,5,Returned
O009168,C00993,2023-04-09,Express,0,Delivered
O009169,C01091,2023-08-11,Express,0,Delivered
O009170,C00524,2023-09-19,Standard,5,Returned
O009171,C00914,2024-04-23,Standard,0,Delivered
O009172,C00630,2024-10-13,Standard,20,Delivered
O009173,C00594,2024-03-15,Same Day,20,Delivered
O009174,C00723,2024-12-03,Standard,20,Delivered
O009175,C00617,2024-03-11,Same Day,0,Delivered
O009176,C00042,2024-05-22,Express,5,Delivered
O009177,C01094,2023-07-01,Standard,0,Delivered
O009178,C00865,2024-03-22,Standard,10,Delivered
O009179,C00211,2023-11-20,Standard,5,Delivered
O009180,C00395,2024-11-26,Express,5,Returned
O009181,C00894,2024-11-27,Standard,0,Delivered
O009182,C00773,2024-05-18,Express,0,Returned
O009183,C01071,2024-05-16,Standard,0,Delivered
O009184,C00732,2024-05-29,Express,0,Delivered
O009185,C01281,2024-03-31,Standard,0,Delivered
O009186,C00123,2023-12-24,Express,15,Delivered
O009187,C00895,2024-06-11,Express,0,Delivered
O009188,C00562,2024-09-24,Express,0,Delivered
O009189,C00445,2023-10-30,Standard,20,Delivered
O009190,C01416,2024-02-19,Same Day,20,Delivered
O009191,C01306,2023-04-28,Express,5,Delivered
O009192,C00276,2024-11-26,Express,15,Delivered
O009193,C00093,2023-04-21,Standard,0,Delivered
O009194,C01312,2023-07-23,Express,10,Delivered
O009195,C00255,2023-10-04,Standard,20,Delivered
O009196,C01403,2024-10-09,Standard,5,Delivered
O009197,C00418,2024-07-18,Express,0,Delivered
O009198,C00622,2024-04-20,Standard,10,Delivered
O009199,C00075,2024-03-31,Standard,10,Delivered
O009200,C00799,2024-08-23,Standard,15,Delivered
O009201,C00282,2023-11-30,Standard,5,Delivered
O009202,C00652,2024-02-02,Express,0,Delivered
O009203,C01394,2024-12-12,Standard,10,Delivered
O009204,C00380,2023-05-30,Standard,0,Delivered
O009205,C00923,2024-02-16,Standard,0,Cancelled
O009206,C00302,2023-08-26,Same Day,0,Delivered
O009207,C00891,2024-08-14,Standard,5,Delivered
O009208,C00426,2024-09-10,Standard,5,Delivered
O009209,C00999,2023-11-26,Same Day,10,Delivered
O009210,C01151,2024-06-14,Same Day,0,Delivered
O009211,C01326,2024-11-16,Express,5,Delivered
O009212,C01394,2024-10-03,Standard,10,Delivered
O009213,C00364,2023-12-06,Standard,5,Returned
O009214,C00201,2024-04-24,Express,15,Delivered
O009215,C00079,2024-11-06,Express,20,Delivered
O009216,C01068,2023-02-04,Same Day,0,Delivered
O009217,C00280,2023-01-23,Standard,20,Delivered
O009218,C01200,2023-07-21,Standard,20,Returned
O009219,C01454,2024-10-10,Express,5,Cancelled
O009220,C00224,2023-06-01,Express,15,Delivered
O009221,C00418,2023-09-24,Express,5,Delivered
O009222,C00780,2024-05-23,Standard,15,Delivered
O009223,C00652,2024-02-02,Express,10,Delivered
O009224,C00649,2023-10-06,Standard,30,Delivered
O009225,C00327,2024-01-10,Standard,0,Delivered
O009226,C01342,2023-08-09,Standard,10,Delivered
O009227,C00999,2024-12-27,Standard,0,Cancelled
O009228,C00230,2023-06-11,Standard,20,Delivered
O009229,C00011,2024-10-20,Standard,0,Cancelled
O009230,C01128,2024-01-13,Standard,5,Delivered
O009231,C00036,2023-05-10,Standard,15,Delivered
O009232,C01325,2023-04-30,Standard,5,Delivered
O009233,C00788,2024-02-07,Same Day,10,Delivered
O009234,C01405,2023-11-03,Express,5,Delivered
O009235,C01151,2023-08-15,Standard,10,Delivered
O009236,C01353,2024-12-10,Express,15,Delivered
O009237,C01096,2024-06-16,Standard,20,delivered
O009238,C00857,2024-11-25,Standard,5,Delivered
O009239,C00260,2024-04-29,Standard,10,Delivered
O009240,C01080,2023-06-30,Same Day,5,delivered
O009241,C00873,2024-06-10,Standard,20,Delivered
O009242,C00681,2023-09-12,Express,10,Delivered
O009243,C00835,2023-07-01,Express,5,Returned
O009244,C00352,2023-04-07,Standard,5,Delivered
O009245,C00615,2023-03-19,Express,0,Cancelled
O009246,C00197,2024-08-25,Standard,20,Delivered
O009247,C00619,2023-09-22,Express,0,Delivered
O009248,C00703,2024-12-20,Express,0,Delivered
O009249,C01296,2023-06-29,Standard,5,Delivered
O009250,C00784,2023-11-04,Standard,10,Delivered
O009251,C01384,2023-11-15,Express,10,Delivered
O009252,C01462,2024-04-22,Standard,0,Delivered
O009253,C00080,2024-10-30,Same Day,0,Delivered
O009254,C00875,2024-10-13,Standard,0,Delivered
O009255,C00438,2023-01-10,Standard,10,Delivered
O009256,C01287,2023-12-03,Standard,30,delivered
O009257,C00747,2024-10-10,Standard,20,Delivered
O009258,C00123,2023-12-24,Same Day,5,delivered
O009259,C00321,2024-03-07,Standard,5,Delivered
O009260,C00986,2024-02-10,Express,5,Cancelled
O009261,C00124,2023-12-05,Standard,15,Returned
O009262,C00574,2023-12-10,Standard,10,Returned
O009263,C01319,2023-11-23,Standard,0,Delivered
O009264,C00046,2024-11-09,Standard,0,Delivered
O009265,C01018,2024-03-09,Express,5,Returned
O009266,C00988,2024-11-14,Standard,5,Delivered
O009267,C00473,2024-08-06,Same Day,30,Delivered
O009268,C00175,2023-11-02,Standard,0,Delivered
O009269,C00158,2024-02-01,Express,15,Delivered
O009270,C01463,2023-11-22,Standard,20,Delivered
O009271,C00991,2024-10-10,Express,5,Cancelled
O009272,C00570,2023-07-04,Standard,0,Delivered
O009273,C01269,2024-11-28,Standard,0,Delivered
O009274,C00160,2024-04-14,Express,10,Delivered
O009275,C00197,2024-05-09,Express,0,Delivered
O009276,C00296,2024-02-21,Standard,20,Cancelled
O009277,C01129,2024-03-24,Express,15,Delivered
O009278,C00617,2024-06-22,Standard,15,Delivered
O009279,C00940,2024-06-12,Standard,10,Delivered
O009280,C00352,2023-07-28,Express,0,Delivered
O009281,C01155,2024-04-16,Same Day,10,Cancelled
O009282,C01201,2023-11-04,Standard,10,Delivered
O009283,C00625,2024-05-29,Express,0,Delivered
O009284,C00313,2024-03-19,Express,0,Delivered
O009285,C00918,2023-06-26,Standard,5,Delivered
O009286,C00385,2024-08-12,Standard,5,Delivered
O009287,C00224,2024-01-02,Standard,0,Delivered
O009288,C00897,2024-03-22,Standard,5,Delivered
O009289,C00763,2024-06-26,Standard,30,Delivered
O009290,C01166,2024-06-10,Express,5,Returned
O009291,C00427,2024-08-22,Standard,0,Delivered
O009292,C00340,2023-07-21,Standard,5,Delivered
O009293,C00935,2023-04-22,Standard,5,Delivered
O009294,C01025,2024-06-23,Standard,20,Delivered
O009295,C00625,2023-08-16,Express,5,Delivered
O009296,C00665,2023-09-16,Express,0,Delivered
O009297,C00196,2023-05-12,Standard,0,Delivered
O009298,C00713,2023-10-12,Standard,0,Delivered
O009299,C01447,2024-12-27,Standard,10,Delivered
O009300,C00175,2023-06-05,Standard,0,Delivered
O009301,C00848,2023-10-04,Express,15,Delivered
O009302,C00037,2024-11-21,Express,10,Delivered
O009303,C00480,2024-12-12,Express,10,Delivered
O009304,C01126,2024-03-25,Standard,0,delivered
O009305,C00848,2024-11-03,Express,0,Delivered
O009306,C00126,2023-05-19,Standard,5,Delivered
O009307,C00680,2024-08-31,Standard,5,Delivered
O009308,C00124,2023-02-02,Standard,5,Delivered
O009309,C00563,2023-12-01,Express,10,Delivered
O009310,C01148,2023-08-25,Express,20,Delivered
O009311,C00391,2024-07-20,Express,10,Returned
O009312,C00681,2023-01-16,Standard,0,Delivered
O009313,C00756,2024-04-03,Express,0,Delivered
O009314,C01289,2024-07-15,Standard,20,Delivered
O009315,C00190,2023-02-23,Express,0,Delivered
O009316,C00827,2024-11-11,Standard,0,Delivered
O009317,C00047,2023-11-07,Express,20,Delivered
O009318,C00147,2023-06-12,Standard,0,Cancelled
O009319,C00335,2023-08-07,Standard,10,Returned
O009320,C01068,2023-10-26,Standard,0,Delivered
O009321,C00071,2023-07-14,Standard,10,Delivered
O009322,C01418,2024-02-16,Standard,0,Returned
O009323,C00651,2024-05-25,Express,20,Delivered
O009324,C01274,2024-01-10,Standard,0,Delivered
O009325,C00335,2023-12-14,Same Day,0,Delivered
O009326,C00501,2024-09-13,Standard,15,Delivered
O009327,C01077,2024-01-01,Express,10,Delivered
O009328,C00574,2024-05-18,Express,5,Delivered
O009329,C00762,2024-11-09,Express,5,Returned
O009330,C01215,2023-08-04,Standard,5,Delivered
O009331,C00954,2024-05-16,Standard,30,Delivered
O009332,C01272,2024-12-04,Standard,10,Delivered
O009333,C00137,2024-03-04,Express,5,Delivered
O009334,C00891,2024-12-19,Standard,0,Delivered
O009335,C00880,2023-10-10,Standard,5,Delivered
O009336,C00890,2024-04-01,Same Day,20,Delivered
O009337,C00871,2023-10-11,Express,0,Delivered
O009338,C01072,2023-12-17,Standard,0,Delivered
O009339,C01281,2024-12-30,Standard,0,Delivered
O009340,C00343,2023-08-19,Express,10,Delivered
O009341,C00164,2024-12-17,Express,15,Delivered
O009342,C00121,2024-06-10,Express,10,Delivered
O009343,C00235,2024-11-14,Standard,15,Delivered
O009344,C00956,2024-12-14,Same Day,15,Delivered
O009345,C00630,2024-04-04,Standard,30,Delivered
O009346,C00522,2024-12-31,Standard,5,Delivered
O009347,C01385,2024-09-03,Standard,0,Delivered
O009348,C01364,2024-02-28,Standard,5,Delivered
O009349,C00805,2024-06-12,Standard,15,Delivered
O009350,C00688,2023-07-10,Standard,5,Delivered
O009351,C00409,2023-04-18,Standard,5,Returned
O009352,C00693,2024-01-16,Standard,10,Delivered
O009353,C00620,2023-12-19,Same Day,0,Delivered
O009354,C00020,2023-11-07,Express,10,Returned
O009355,C01123,2024-02-19,Express,10,Delivered
O009356,C00659,2024-06-14,Express,30,Delivered
O009357,C00336,2024-06-12,Express,10,Delivered
O009358,C00969,2024-11-09,Standard,0,Delivered
O009359,C00673,2024-12-14,Same Day,5,Delivered
O009360,C00453,2024-11-08,Standard,5,Delivered
O009361,C00346,2024-05-16,Standard,5,Delivered
O009362,C00093,2023-07-21,Express,15,Delivered
O009363,C00759,2024-12-01,Standard,10,Delivered
O009364,C00568,2023-06-21,Standard,10,Returned
O009365,C00070,2024-06-05,Express,10,Delivered
O009366,C01227,2023-10-14,Standard,10,Delivered
O009367,C01213,2024-04-09,Standard,15,Returned
O009368,C00737,2024-07-03,Same Day,0,Delivered
O009369,C01274,2024-01-10,Express,0,Returned
O009370,C00726,2024-09-10,Express,0,Delivered
O009371,C00255,2023-06-22,Standard,15,Delivered
O009372,C00772,2023-10-02,Express,30,Delivered
O009373,C00453,2024-06-02,Express,20,Delivered
O009374,C00680,2023-10-23,Express,0,Delivered
O009375,C01464,2024-08-30,Standard,30,Delivered
O009376,C00538,2024-05-06,Standard,20,Delivered
O009377,C00323,2023-07-12,Standard,0,Delivered
O009378,C00199,2023-01-23,Same Day,10,Delivered
O009379,C01333,2024-09-11,Standard,30,Delivered
O009380,C00036,2024-12-23,Express,5,Delivered
O009381,C01381,2024-06-15,Standard,30,Delivered
O009382,C00098,2024-04-22,,5,Delivered
O009383,C01111,2024-11-16,Standard,0,Delivered
O009384,C00430,2023-09-01,Express,0,Returned
O009385,C00375,2023-03-09,Express,0,Delivered
O009386,C00271,2024-02-15,Standard,10,Delivered
O009387,C00208,2023-11-16,Standard,0,Returned
O009388,C00102,2024-03-08,Standard,5,Delivered
O009389,C00230,2024-01-02,Standard,20,delivered
O009390,C00870,2023-10-15,Standard,0,Delivered
O009391,C00848,2024-01-26,Standard,5,Delivered
O009392,C00418,2023-11-17,Standard,20,Delivered
O009393,C00996,2023-11-14,Express,20,Delivered
O009394,C01150,2024-10-28,Standard,15,Returned
O009395,C01474,2024-07-18,Standard,5,Cancelled
O009396,C00660,2023-02-11,Standard,0,Delivered
O009397,C00566,2023-04-27,Standard,15,Cancelled
O009398,C01467,2023-08-18,Standard,15,Delivered
O009399,C01416,2023-08-27,Standard,10,Delivered
O009400,C01401,2023-11-02,Standard,0,Delivered
O009401,C00891,2023-06-05,Express,10,Delivered
O009402,C00900,2024-10-19,Standard,10,Delivered
O009403,C01403,2024-10-10,Same Day,20,Delivered
O009404,C00724,2024-09-14,Standard,0,Delivered
O009405,C00321,2024-05-12,Express,0,Delivered
O009406,C01485,2024-08-04,Same Day,5,Returned
O009407,C01281,2024-08-15,Standard,15,Delivered
O009408,C00092,2024-11-07,Standard,20,Delivered
O009409,C00174,2024-08-10,Standard,0,Delivered
O009410,C01331,2024-08-13,Standard,5,Delivered
O009411,C00438,2024-09-28,Express,10,Delivered
O009412,C01018,2024-03-26,Standard,0,Delivered
O009413,C00183,2023-07-27,Express,15,Delivered
O009414,C00256,2023-03-28,Express,5,Returned
O009415,C01102,2024-02-17,Express,20,Delivered
O009416,C01473,2023-04-04,Standard,5,Delivered
O009417,C00758,2023-06-16,Express,15,Returned
O009418,C00071,2023-01-24,Standard,0,Delivered
O009419,C00353,2023-10-04,Express,5,Delivered
O009420,C00318,2024-12-16,Standard,5,Delivered
O009421,C01407,2024-06-07,Standard,0,Cancelled
O009422,C00631,2023-08-20,Standard,10,Delivered
O009423,C01422,2024-02-20,Standard,15,Delivered
O009424,C01298,2023-10-05,Standard,5,Cancelled
O009425,C00679,2024-06-27,Express,15,Delivered
O009426,C00042,2024-05-27,Standard,0,Delivered
O009427,C01466,2023-06-01,Same Day,0,Delivered
O009428,C00029,2024-02-17,Express,0,Delivered
O009429,C01291,2023-08-28,Express,15,Delivered
O009430,C00625,2024-06-29,Same Day,0,Returned
O009431,C00438,2024-11-28,Express,0,Delivered
O009432,C00617,2024-11-15,Standard,0,Delivered
O009433,C00540,2023-07-20,Standard,5,Delivered
O009434,C01013,2024-08-17,Standard,5,Delivered
O009435,C00851,2024-09-20,Standard,5,Delivered
O009436,C00388,2024-10-27,Express,15,Returned
O009437,C00784,2023-09-21,Standard,5,Cancelled
O009438,C00616,2023-12-29,Express,0,Delivered
O009439,C01395,2023-08-04,Standard,10,Delivered
O009440,C01351,2023-12-07,Same Day,0,Delivered
O009441,C00899,2024-06-15,Standard,0,Delivered
O009442,C01456,2023-12-17,Standard,15,Delivered
O009443,C00568,2023-08-26,Same Day,0,Delivered
O009444,C00140,2024-10-19,Standard,15,Delivered
O009445,C00077,2024-02-03,Express,10,Delivered
O009446,C01269,2024-12-29,Standard,20,Returned
O009447,C00579,2024-09-21,Express,5,Delivered
O009448,C01301,2024-10-29,Express,10,Cancelled
O009449,C00688,2024-09-07,Express,10,Delivered
O009450,C00032,2023-10-01,Standard,15,Delivered
O009451,C00788,2023-03-08,Express,0,Delivered
O009452,C00874,2024-11-19,Standard,10,Delivered
O009453,C00680,2023-05-18,Standard,5,Delivered
O009454,C01273,2023-11-23,Express,0,Delivered
O009455,C00943,2024-05-08,Standard,0,Delivered
O009456,C00553,2023-07-26,Express,20,Returned
O009457,C01067,2023-08-07,Standard,10,Returned
O009458,C00472,2024-01-10,Standard,10,Returned
O009459,C01274,2024-01-10,Express,10,Delivered
O009460,C00418,2024-06-29,Express,0,Delivered
O009461,C00970,2023-09-22,Express,0,Returned
O009462,C00626,2024-01-28,Same Day,10,Delivered
O009463,C00156,2023-07-04,Standard,10,Delivered
O009464,C00918,2024-05-05,Same Day,10,Delivered
O009465,C00579,2023-04-28,Standard,5,Delivered
O009466,C00923,2023-07-13,Standard,10,Delivered
O009467,C00805,2024-09-27,Express,10,Delivered
O009468,C00071,2023-08-15,Standard,5,Returned
O009469,C00310,2024-08-14,Same Day,10,Delivered
O009470,C01025,2023-09-15,Standard,0,Delivered
O009471,C00704,2023-08-15,Standard,0,Delivered
O009472,C00703,2023-10-04,,15,Delivered
O009473,C00008,2024-11-04,Standard,5,Delivered
O009474,C00441,2024-01-23,Standard,15,Delivered
O009475,C00973,2023-08-22,Standard,10,Delivered
O009476,C01337,2024-05-22,Express,5,Delivered
O009477,C00852,2023-11-20,Standard,15,Delivered
O009478,C00807,2024-09-18,Standard,0,Delivered
O009479,C00716,2024-12-26,Standard,0,Delivered
O009480,C00993,2024-03-01,Same Day,5,Delivered
O009481,C01197,2023-12-30,Same Day,10,Delivered
O009482,C00335,2023-10-29,Same Day,0,Delivered
O009483,C01057,2024-12-17,Standard,0,Delivered
O009484,C00368,2024-01-24,Standard,15,Delivered
O009485,C00049,2023-06-24,Express,20,Delivered
O009486,C00122,2024-12-15,Standard,20,Returned
O009487,C00077,2024-12-11,Standard,0,Delivered
O009488,C00418,2023-12-19,Same Day,15,Delivered
O009489,C00197,2023-11-01,Standard,15,Delivered
O009490,C00136,2024-07-02,Standard,0,Delivered
O009491,C00223,2024-10-10,Standard,0,Delivered
O009492,C00063,2024-02-05,Standard,0,Delivered
O009493,C00515,2023-12-30,Same Day,15,Delivered
O009494,C01247,2023-10-05,Standard,10,Delivered
O009495,C00831,2023-10-19,Standard,0,Delivered
O009496,C00099,2023-12-12,Standard,0,Delivered
O009497,C00568,2024-09-11,Standard,15,Delivered
O009498,C00652,2024-02-02,Express,10,Returned
O009499,C00260,2024-04-29,Express,15,Delivered
O009500,C00563,2024-10-13,Standard,0,Delivered
O009501,C00498,2024-03-02,Standard,30,Delivered
O009502,C00747,2023-10-01,Standard,0,Delivered
O009503,C01019,2024-12-04,Standard,0,Delivered
O009504,C00724,2023-05-07,Same Day,20,Delivered
O009505,C00121,2024-11-05,Express,0,Delivered
O009506,C00088,2023-03-05,Standard,10,Delivered
O009507,C01339,2023-12-05,Express,0,Delivered
O009508,C01015,2024-05-25,Express,10,Delivered
O009509,C00957,2023-11-12,Express,0,Delivered
O009510,C01388,2024-03-08,Express,5,Returned
O009511,C00807,2023-07-19,Same Day,0,Delivered
O009512,C00120,2024-04-05,Standard,20,Cancelled
O009513,C01057,2023-05-15,Standard,20,Delivered
O009514,C00244,2024-09-22,Same Day,15,Delivered
O009515,C00969,2024-04-17,Standard,20,Delivered
O009516,C00612,2024-01-22,Express,10,Returned
O009517,C00046,2023-03-03,Standard,0,Delivered
O009518,C00088,2024-02-06,Standard,0,Delivered
O009519,C00599,2024-04-01,Same Day,15,Delivered
O009520,C00874,2023-09-09,Standard,5,Delivered
O009521,C00259,2024-06-30,Standard,0,Delivered
O009522,C00165,2023-03-20,Standard,0,Delivered
O009523,C00570,2023-07-23,Same Day,30,Delivered
O009524,C01204,2024-08-14,Standard,0,Delivered
O009525,C01168,2023-10-13,Same Day,5,Delivered
O009526,C01007,2023-08-24,Standard,10,Delivered
O009527,C00647,2024-06-08,Same Day,10,Delivered
O009528,C00665,2024-08-08,Standard,0,Delivered
O009529,C00341,2023-02-22,Express,10,Delivered
O009530,C00211,2023-05-07,Standard,0,Delivered
O009531,C00036,2023-12-26,Standard,0,Returned
O009532,C01301,2024-04-24,Standard,10,Delivered
O009533,C00749,2023-12-31,Express,20,Delivered
O009534,C00008,2024-06-05,Express,15,Delivered
O009535,C00788,2024-08-27,Standard,0,Delivered
O009536,C00391,2024-12-05,Standard,0,Delivered
O009537,C00651,2023-11-01,Express,5,Delivered
O009538,C00979,2023-07-10,Express,0,Delivered
O009539,C01218,2023-09-08,Express,0,Delivered
O009540,C01025,2023-05-27,,0,Returned
O009541,C01353,2023-11-25,Standard,0,Delivered
O009542,C00353,2024-10-31,Standard,5,Delivered
O009543,C00959,2023-10-31,Standard,0,Delivered
O009544,C01344,2023-07-04,Same Day,0,Returned
O009545,C00448,2024-02-27,Standard,0,Delivered
O009546,C01197,2024-12-27,Standard,5,Delivered
O009547,C01416,2023-08-27,Standard,5,Delivered
O009548,C00942,2024-09-10,Standard,0,Delivered
O009549,C00246,2024-10-08,Express,5,Delivered
O009550,C00395,2023-11-28,Express,0,Returned
O009551,C00996,2024-05-15,Express,15,Delivered
O009552,C01312,2023-12-17,Standard,5,Delivered
O009553,C00042,2023-09-06,Express,10,Delivered
O009554,C00486,2024-04-07,Same Day,10,Delivered
O009555,C00352,2023-04-07,Same Day,10,Delivered
O009556,C00637,2024-07-23,Standard,10,Delivered
O009557,C01145,2024-10-10,Standard,5,Delivered
O009558,C00759,2023-10-09,Same Day,5,Cancelled
O009559,C00773,2024-05-18,Express,0,Delivered
O009560,C00891,2023-08-13,Standard,0,Delivered
O009561,C00768,2023-05-17,Express,0,Delivered
O009562,C01012,2024-06-19,Express,5,Delivered
O009563,C00165,2023-05-14,Express,0,Delivered
O009564,C00042,2024-09-13,Standard,20,Delivered
O009565,C01254,2024-03-07,Express,0,Delivered
O009566,C00724,2024-10-05,Express,0,Delivered
O009567,C00437,2024-01-07,Standard,10,Delivered
O009568,C00681,2023-11-11,Express,15,Delivered
O009569,C00951,2024-08-23,Standard,5,Delivered
O009570,C00190,2024-02-16,Standard,10,Delivered
O009571,C00779,2023-07-16,Express,0,Delivered
O009572,C00172,2024-10-20,Standard,30,Delivered
O009573,C01298,2023-10-27,Standard,10,Delivered
O009574,C00845,2023-04-15,Express,0,Delivered
O009575,C01221,2023-12-07,Express,10,Delivered
O009576,C01068,2024-04-09,Express,0,Delivered
O009577,C01236,2024-05-08,Standard,5,Delivered
O009578,C00505,2024-10-13,Express,5,Delivered
O009579,C00215,2024-03-13,Standard,10,Delivered
O009580,C01350,2023-12-13,Standard,30,Delivered
O009581,C01334,2023-09-06,Standard,5,Cancelled
O009582,C01333,2023-04-13,Standard,10,Delivered
O009583,C01491,2024-08-13,Express,10,Delivered
O009584,C00874,2023-04-18,Standard,0,Delivered
O009585,C00763,2024-05-05,Express,10,Delivered
O009586,C01195,2024-04-28,Same Day,20,Delivered
O009587,C00172,2024-09-15,Standard,10,Delivered
O009588,C01163,2023-07-18,Express,5,Delivered
O009589,C01227,2023-07-18,Express,10,Delivered
O009590,C00857,2024-11-16,Standard,15,Cancelled
O009591,C00586,2024-04-08,Standard,0,Delivered
O009592,C00956,2024-03-29,Express,0,Delivered
O009593,C01388,2024-08-21,Standard,10,Cancelled
O009594,C00235,2024-11-13,Express,0,Delivered
O009595,C00453,2024-06-02,Standard,15,Delivered
O009596,C00977,2024-11-13,Standard,0,delivered
O009597,C01268,2023-04-20,Standard,0,Delivered
O009598,C00955,2024-12-20,Standard,15,Cancelled
O009599,C00871,2023-06-12,Express,0,Delivered
O009600,C00137,2023-09-09,Express,5,Cancelled
O009601,C00655,2023-04-08,Standard,5,Delivered
O009602,C01346,2024-09-27,Express,15,Delivered
O009603,C00546,2024-12-23,Standard,0,Delivered
O009604,C00576,2023-10-03,Express,10,Delivered
O009605,C00540,2023-10-19,Standard,30,Delivered
O009606,C00548,2023-10-01,Standard,10,Delivered
O009607,C00615,2023-06-02,Express,0,Delivered
O009608,C01152,2024-09-17,Same Day,0,Delivered
O009609,C00681,2023-03-04,Standard,5,Delivered
O009610,C00890,2024-12-14,Standard,0,Delivered
O009611,C00665,2024-11-24,Express,5,Returned
O009612,C01321,2023-04-30,Standard,5,Delivered
O009613,C00269,2024-03-03,Express,10,Delivered
O009614,C00195,2024-12-28,Standard,10,delivered
O009615,C00617,2024-10-21,Standard,10,Delivered
O009616,C01469,2024-07-29,Standard,0,Delivered
O009617,C01024,2023-09-29,Standard,5,Delivered
O009618,C00899,2024-04-24,Express,15,Delivered
O009619,C00591,2024-09-21,Express,15,Delivered
O009620,C00434,2023-11-15,Standard,0,Cancelled
O009621,C01435,2024-06-22,Standard,0,Delivered
O009622,C00650,2024-08-15,Standard,10,Delivered
O009623,C01052,2023-12-11,Express,5,Delivered
O009624,C01219,2023-05-23,Standard,5,Delivered
O009625,C00957,2023-11-21,Standard,0,Delivered
O009626,C00352,2024-10-30,Express,5,Delivered
O009627,C00426,2023-12-13,Express,0,Delivered
O009628,C00042,2023-03-06,Same Day,0,Delivered
O009629,C01463,2024-12-10,Standard,5,Returned
O009630,C01270,2024-07-02,Standard,15,Delivered
O009631,C00615,2024-03-13,Standard,20,Delivered
O009632,C01351,2024-10-10,Same Day,0,Delivered
O009633,C00228,2023-12-04,Standard,0,Delivered
O009634,C00071,2024-12-24,Standard,0,Delivered
O009635,C00210,2024-10-24,Standard,20,Delivered
O009636,C01333,2023-09-21,Standard,0,Delivered
O009637,C00236,2023-11-12,Standard,20,Delivered
O009638,C00107,2023-09-17,Express,10,Delivered
O009639,C00280,2024-06-15,Standard,15,Delivered
O009640,C00626,2024-05-30,Express,0,Delivered
O009641,C00749,2024-02-26,Express,10,Delivered
O009642,C00353,2024-12-13,Standard,0,Returned
O009643,C01204,2024-01-15,Standard,10,Delivered
O009644,C01443,2024-09-14,Same Day,10,Delivered
O009645,C00426,2024-06-14,Standard,15,Delivered
O009646,C01405,2024-02-23,Standard,10,Delivered
O009647,C01239,2023-02-12,Standard,30,Delivered
O009648,C01335,2024-06-14,Standard,5,Delivered
O009649,C00093,2024-06-02,Express,10,Delivered
O009650,C01270,2023-06-15,Express,0,Delivered
O009651,C00867,2024-09-22,Standard,0,Cancelled
O009652,C00063,2024-01-10,Standard,0,Delivered
O009653,C01116,2024-04-13,Standard,0,delivered
O009654,C00365,2024-10-08,Standard,0,Delivered
O009655,C01195,2023-10-31,Express,0,Delivered
O009656,C00914,2024-05-17,Express,0,Delivered
O009657,C00746,2024-05-14,Express,10,Delivered
O009658,C00042,2023-02-23,Standard,5,Delivered
O009659,C01344,2023-12-11,Standard,20,Delivered
O009660,C00223,2023-09-05,Express,0,Delivered
O009661,C01259,2023-07-15,Standard,0,Delivered
O009662,C01012,2024-06-12,Standard,15,Delivered
O009663,C00110,2023-07-08,Same Day,15,Delivered
O009664,C00808,2024-12-15,Express,5,Delivered
O009665,C01450,2024-01-08,Standard,0,Cancelled
O009666,C01398,2023-10-04,Express,20,Delivered
O009667,C00221,2024-11-21,Standard,20,Delivered
O009668,C00260,2024-04-29,Standard,30,Delivered
O009669,C00228,2024-05-11,Standard,5,Delivered
O009670,C01120,2024-07-14,Standard,0,Delivered
O009671,C00238,2024-10-30,Standard,5,Delivered
O009672,C00099,2023-12-12,Express,10,Delivered
O009673,C00591,2023-03-25,Standard,0,Delivered
O009674,C01458,2024-12-28,Standard,0,Returned
O009675,C00448,2023-09-18,Express,20,Delivered
O009676,C01072,2024-07-24,Standard,0,Delivered
O009677,C00219,2024-05-09,Express,0,Delivered
O009678,C00907,2024-03-23,Express,10,Delivered
O009679,C00861,2024-09-16,Standard,30,Delivered
O009680,C01378,2024-12-28,Standard,20,Delivered
O009681,C01063,2024-05-30,Standard,0,Delivered
O009682,C00190,2024-05-11,Express,10,Delivered
O009683,C00615,2024-07-30,Standard,30,Delivered
O009684,C00004,2023-10-08,Express,10,Delivered
O009685,C00364,2024-11-09,Standard,0,Delivered
O009686,C01465,2024-01-02,Standard,10,Delivered
O009687,C00681,2023-06-12,Standard,5,Delivered
O009688,C01312,2024-10-22,Standard,5,Delivered
O009689,C00042,2024-12-01,Standard,5,delivered
O009690,C01325,2023-04-11,Express,0,Delivered
O009691,C01343,2024-08-24,Standard,15,Delivered
O009692,C00955,2023-07-29,Standard,0,Cancelled
O009693,C00181,2023-01-07,Express,0,Delivered
O009694,C01321,2023-09-05,Standard,5,Delivered
O009695,C01363,2024-10-23,Standard,10,Delivered
O009696,C00302,2023-05-21,Standard,10,Delivered
O009697,C01416,2023-08-27,Standard,15,Returned
O009698,C01326,2024-08-15,Standard,15,Returned
O009699,C00309,2023-12-01,Same Day,10,Delivered
O009700,C00599,2023-05-28,Standard,10,Delivered
O009701,C00498,2024-03-02,Standard,10,Delivered
O009702,C00751,2024-09-21,Standard,5,Delivered
O009703,C01341,2024-05-18,Express,5,Delivered
O009704,C01321,2024-08-30,Standard,5,Delivered
O009705,C00266,2023-04-10,Express,15,Delivered
O009706,C00829,2024-01-03,Standard,10,Delivered
O009707,C00796,2024-09-23,Express,0,Delivered
O009708,C00677,2023-12-28,Express,30,Returned
O009709,C01057,2023-06-16,Standard,30,Delivered
O009710,C00948,2023-11-18,Same Day,0,Delivered
O009711,C00416,2023-10-23,Same Day,30,Delivered
O009712,C00520,2023-07-02,Standard,5,Delivered
O009713,C01339,2024-12-07,Standard,0,Cancelled
O009714,C00484,2024-01-23,Express,10,Delivered
O009715,C00667,2024-05-07,Express,0,Delivered
O009716,C01466,2023-06-01,Express,10,Delivered
O009717,C01296,2024-05-08,Express,15,Delivered
O009718,C01024,2024-03-25,Standard,5,Delivered
O009719,C00442,2024-11-26,Express,0,Delivered
O009720,C00916,2024-03-23,Standard,0,Returned
O009721,C00937,2024-09-13,Express,5,Delivered
O009722,C00622,2024-04-20,Standard,10,Delivered
O009723,C00057,2024-04-13,Express,15,Delivered
O009724,C00554,2024-11-24,Express,20,Delivered
O009725,C00762,2024-05-19,Standard,5,Returned
O009726,C01427,2024-07-26,Express,5,Delivered
O009727,C01080,2024-11-01,Express,5,Delivered
O009728,C00167,2024-11-23,Standard,10,Delivered
O009729,C00438,2023-07-23,Standard,0,Delivered
O009730,C00778,2023-07-11,Standard,5,Delivered
O009731,C00679,2024-03-23,Standard,5,Cancelled
O009732,C00014,2024-12-29,Express,10,Delivered
O009733,C01407,2024-06-07,Standard,0,Delivered
O009734,C01378,2023-10-22,Express,5,Delivered
O009735,C01398,2024-03-10,Standard,15,Delivered
O009736,C00651,2023-03-07,Standard,15,Delivered
O009737,C01268,2023-06-24,Express,5,Delivered
O009738,C01049,2023-12-21,Standard,20,Cancelled
O009739,C00763,2023-01-28,Express,15,Returned
O009740,C00123,2024-08-03,Standard,15,Cancelled
O009741,C00254,2023-10-19,Express,15,Delivered
O009742,C00356,2023-06-15,Express,10,Delivered
O009743,C01353,2024-02-17,Express,15,Delivered
O009744,C00969,2023-10-18,Express,0,Delivered
O009745,C01479,2023-12-16,Standard,5,Delivered
O009746,C00847,2023-10-13,Express,15,Delivered
O009747,C00134,2023-01-04,Standard,0,Delivered
O009748,C00724,2024-07-08,Express,0,Delivered
O009749,C00172,2023-04-22,Standard,5,Delivered
O009750,C01368,2023-08-02,Standard,10,Delivered
O009751,C00418,2023-07-06,Standard,10,Returned
O009752,C00294,2023-10-24,Standard,10,Delivered
O009753,C00763,2023-06-08,Standard,0,Delivered
O009754,C01207,2024-06-07,Standard,15,Delivered
O009755,C00763,2023-08-22,Standard,0,Delivered
O009756,C00063,2023-03-04,Standard,15,Delivered
O009757,C01095,2024-10-30,Standard,5,Cancelled
O009758,C00050,2023-10-08,Express,0,Delivered
O009759,C00888,2023-04-07,Same Day,5,Delivered
O009760,C00899,2024-04-24,Standard,10,Delivered
O009761,C00312,2023-05-04,Standard,20,Delivered
O009762,C00672,2024-09-07,Standard,10,Delivered
O009763,C00019,2023-11-14,Express,30,Delivered
O009764,C00418,2024-01-08,Same Day,5,Delivered
O009765,C00905,2024-12-01,Standard,0,Delivered
O009766,C00418,2023-06-06,Standard,5,Returned
O009767,C00077,2023-07-16,Standard,10,Delivered
O009768,C00986,2024-05-01,Standard,0,Delivered
O009769,C01095,2024-12-21,Standard,0,Delivered
O009770,C01306,2023-11-20,Express,10,Delivered
O009771,C01321,2024-06-07,Standard,5,Delivered
O009772,C00749,2023-05-31,Standard,15,Delivered
O009773,C00617,2024-06-01,Express,0,Delivered
O009774,C00867,2023-08-30,Express,5,Delivered
O009775,C01188,2024-05-10,Standard,5,Delivered
O009776,C00723,2023-04-01,Express,20,Delivered
O009777,C01498,2024-02-29,Standard,0,Delivered
O009778,C00926,2023-08-17,Standard,0,Delivered
O009779,C00447,2024-07-03,Standard,0,Delivered
O009780,C01189,2024-08-21,Standard,30,Delivered
O009781,C00225,2024-10-19,Standard,0,Delivered
O009782,C01409,2024-12-27,Express,15,Delivered
O009783,C00503,2024-01-04,Express,5,Delivered
O009784,C01008,2024-06-24,Standard,15,Delivered
O009785,C00913,2023-01-19,Standard,0,Delivered
O009786,C00152,2024-11-14,Standard,5,Delivered
O009787,C01068,2024-05-12,Standard,30,Delivered
O009788,C00453,2024-06-02,Express,0,Delivered
O009789,C00576,2023-12-19,Standard,10,Delivered
O009790,C00153,2024-08-28,Express,30,Returned
O009791,C01218,2024-10-12,Standard,0,Delivered
O009792,C01301,2024-09-30,Express,15,Delivered
O009793,C00208,2024-02-16,Standard,0,Cancelled
O009794,C01227,2023-11-13,Standard,0,Delivered
O009795,C01359,2024-12-02,Standard,0,Delivered
O009796,C00154,2024-05-26,Express,10,Delivered
O009797,C01500,2024-03-15,Standard,0,Delivered
O009798,C00013,2024-04-29,Standard,5,Delivered
O009799,C01281,2024-05-23,Standard,10,Delivered
O009800,C00834,2024-07-27,Standard,0,Delivered
O009801,C01436,2024-03-23,Standard,0,Delivered
O009802,C00501,2024-11-01,Standard,0,Delivered
O009803,C00545,2024-10-25,Same Day,0,Delivered
O009804,C01281,2023-12-24,Express,5,Cancelled
O009805,C01051,2024-06-11,Standard,5,Delivered
O009806,C00880,2024-04-11,Standard,20,Delivered
O009807,C00946,2024-05-16,Standard,10,Returned
O009808,C01007,2024-02-27,Same Day,30,returned
O009809,C00079,2024-11-08,Standard,15,Delivered
O009810,C00183,2023-04-05,Standard,30,Delivered
O009811,C00272,2023-11-16,Express,0,Cancelled
O009812,C00267,2024-10-28,Standard,0,Delivered
O009813,C01281,2024-11-29,Standard,5,Delivered
O009814,C00599,2023-12-13,Standard,5,Delivered
O009815,C00733,2023-07-08,Standard,15,Delivered
O009816,C00140,2023-12-10,Standard,5,Delivered
O009817,C01319,2024-01-02,Same Day,30,Delivered
O009818,C00029,2024-02-24,Standard,0,Delivered
O009819,C00133,2024-04-02,Express,10,Delivered
O009820,C01227,2023-10-12,Standard,10,Delivered
O009821,C00206,2024-06-12,Express,0,Delivered
O009822,C01189,2024-05-17,Express,15,Delivered
O009823,C00524,2024-06-17,Express,10,Delivered
O009824,C01154,2024-01-09,Express,0,Delivered
O009825,C00080,2023-10-25,Standard,5,Delivered
O009826,C00505,2023-11-02,Express,10,Delivered
O009827,C00726,2024-12-05,Express,10,Delivered
O009828,C00913,2023-11-25,Standard,5,Delivered
O009829,C01273,2024-05-05,Standard,10,Delivered
O009830,C00368,2024-02-27,Same Day,0,Delivered
O009831,C00958,2024-11-02,Express,0,Delivered
O009832,C00225,2023-11-11,Standard,0,Delivered
O009833,C01192,2024-06-16,Express,5,Delivered
O009834,C01407,2024-10-17,Express,0,Returned
O009835,C00077,2023-06-08,Standard,10,Delivered
O009836,C00124,2024-04-26,Standard,30,Delivered
O009837,C01176,2023-11-27,Standard,30,Delivered
O009838,C01325,2024-12-24,Standard,5,Delivered
O009839,C00950,2024-08-03,Standard,10,Returned
O009840,C00693,2024-01-16,Same Day,30,Delivered
O009841,C01148,2024-10-15,Express,5,Delivered
O009842,C00438,2024-07-20,Express,0,Delivered
O009843,C01495,2024-03-29,,0,Delivered
O009844,C01285,2023-08-16,Standard,0,Delivered
O009845,C01337,2024-05-22,Standard,15,Delivered
O009846,C01290,2024-05-22,Express,0,Delivered
O009847,C01407,2024-06-07,Standard,0,Delivered
O009848,C00099,2024-10-26,Standard,10,Delivered
O009849,C01383,2023-09-06,Express,15,Returned
O009850,C00372,2024-05-29,Standard,0,Delivered
O009851,C00543,2023-08-27,Standard,10,Delivered
O009852,C00561,2024-05-28,Standard,5,Delivered
O009853,C00352,2023-02-19,Same Day,0,Delivered
O009854,C00659,2023-11-23,Standard,5,Delivered
O009855,C00761,2023-06-19,Standard,15,Delivered
O009856,C00224,2024-05-05,Same Day,0,Delivered
O009857,C00543,2023-10-14,Same Day,0,Delivered
O009858,C00520,2024-09-06,Standard,20,Delivered
O009859,C00986,2024-02-10,Express,30,Delivered
O009860,C00861,2024-03-26,Same Day,5,Returned
O009861,C01063,2024-05-30,Standard,0,Delivered
O009862,C01168,2023-10-13,Express,0,Delivered
O009863,C00970,2023-09-22,Standard,0,Delivered
O009864,C00364,2023-10-09,Express,0,Delivered
O009865,C00758,2024-05-07,Standard,10,Delivered
O009866,C00703,2024-12-12,Express,0,Delivered
O009867,C00122,2023-06-23,Express,0,Delivered
O009868,C01353,2024-07-20,Standard,10,Delivered
O009869,C00142,2024-07-11,Express,0,Delivered
O009870,C01471,2024-06-23,Standard,0,Delivered
O009871,C00049,2024-02-21,Standard,10,Delivered
O009872,C01081,2024-12-14,Same Day,0,Returned
O009873,C00426,2024-02-08,Same Day,10,Delivered
O009874,C01379,2024-10-15,Express,0,Delivered
O009875,C01249,2023-09-07,Express,0,Delivered
O009876,C00042,2024-09-29,Standard,5,Delivered
O009877,C00038,2024-12-30,Standard,10,Cancelled
O009878,C00883,2024-11-17,Express,0,Delivered
O009879,C00224,2023-10-07,Express,20,Delivered
O009880,C00036,2024-10-18,Standard,20,Delivered
O009881,C01462,2024-04-22,Standard,5,Delivered
O009882,C00922,2024-06-30,Express,0,Delivered
O009883,C00030,2023-10-28,Standard,0,Delivered
O009884,C00738,2024-06-15,Express,20,Delivered
O009885,C00233,2023-12-05,Standard,0,Delivered
O009886,C01204,2023-01-09,Standard,0,Delivered
O009887,C00046,2023-08-12,Standard,0,Delivered
O009888,C00561,2023-07-26,Express,0,Delivered
O009889,C00356,2023-12-14,Same Day,0,Delivered
O009890,C01477,2024-10-16,Standard,0,Delivered
O009891,C00123,2024-08-14,Same Day,10,Delivered
O009892,C01068,2024-09-18,Standard,0,Delivered
O009893,C00724,2024-09-30,Standard,15,Delivered
O009894,C01239,2023-11-13,Express,5,Delivered
O009895,C00321,2024-02-12,Standard,0,Delivered
O009896,C01290,2024-02-14,Standard,15,Delivered
O009897,C01427,2023-06-05,Express,10,Delivered
O009898,C00320,2024-04-29,Standard,10,Delivered
O009899,C00367,2024-08-02,Express,0,Delivered
O009900,C01452,2024-05-09,Standard,10,Delivered
O009901,C00656,2024-08-20,Standard,15,Delivered
O009902,C01272,2023-04-30,Standard,30,Delivered
O009903,C01281,2024-08-30,Standard,10,Cancelled
O009904,C00453,2024-06-02,Express,5,Delivered
O009905,C00269,2024-11-02,Standard,15,Delivered
O009906,C00554,2023-08-23,Express,0,Delivered
O009907,C00872,2024-01-31,Standard,5,Delivered
O009908,C00749,2024-01-27,Standard,10,Delivered
O009909,C01089,2023-09-12,Express,5,Returned
O009910,C00824,2023-11-08,Standard,0,Delivered
O009911,C01204,2023-07-02,Standard,0,Delivered
O009912,C00161,2024-04-06,Standard,0,Delivered
O009913,C00659,2024-11-18,Standard,15,Delivered
O009914,C00036,2023-10-14,Standard,10,Delivered
O009915,C00190,2024-02-14,Same Day,15,Delivered
O009916,C00491,2024-10-26,Standard,20,Delivered
O009917,C01369,2023-12-30,Standard,0,Delivered
O009918,C00574,2024-10-11,Standard,10,Returned
O009919,C00412,2023-12-26,Express,5,Delivered
O009920,C00977,2023-12-22,Standard,15,Delivered
O009921,C01033,2024-04-04,Standard,10,Delivered
O009922,C00726,2023-06-11,Standard,30,Delivered
O009923,C00426,2024-05-09,Express,15,Delivered
O009924,C00438,2024-10-09,Standard,0,Delivered
O009925,C00280,2023-05-16,Express,10,Delivered
O009926,C00548,2024-11-17,Standard,0,delivered
O009927,C00255,2023-11-06,Same Day,5,Delivered
O009928,C00940,2024-05-20,Same Day,0,Delivered
O009929,C01353,2024-11-10,Express,5,Delivered
O009930,C00383,2024-11-10,Express,15,Delivered
O009931,C00366,2024-02-29,Express,0,Delivered
O009932,C01360,2023-09-18,Express,0,Returned
O009933,C00848,2023-06-19,Standard,0,Delivered
O009934,C01081,2023-09-14,Express,0,Delivered
O009935,C01341,2024-09-12,Standard,0,Delivered
O009936,C00967,2024-03-24,Express,10,Delivered
O009937,C01095,2024-07-13,Standard,10,Delivered
O009938,C00586,2023-07-11,Express,5,Delivered
O009939,C01415,2024-01-20,Standard,0,Delivered
O009940,C01035,2024-02-03,Standard,5,Delivered
O009941,C00118,2024-02-10,Standard,20,Delivered
O009942,C00874,2024-04-06,Express,5,Delivered
O009943,C00150,2024-12-27,Standard,5,Delivered
O009944,C00778,2024-11-12,Same Day,5,Delivered
O009945,C00140,2024-07-14,Express,0,Delivered
O009946,C00915,2023-06-01,Express,0,Returned
O009947,C00682,2024-11-20,Same Day,10,Delivered
O009948,C00831,2024-11-09,Standard,0,Delivered
O009949,C00950,2024-11-06,Express,10,Delivered
O009950,C00376,2024-02-17,Standard,5,Delivered
O009951,C00472,2023-06-18,Standard,0,Delivered
O009952,C00726,2024-08-26,Standard,5,Delivered
O009953,C00846,2023-11-22,Standard,0,Delivered
O009954,C01398,2023-10-30,Standard,0,Delivered
O009955,C00529,2024-01-27,Standard,5,Delivered
O009956,C00872,2024-03-28,Same Day,10,Delivered
O009957,C01397,2023-10-23,Standard,15,Delivered
O009958,C01066,2024-07-09,Same Day,15,Delivered
O009959,C00487,2024-06-06,Express,5,Delivered
O009960,C00626,2024-02-14,Express,0,Delivered
O009961,C01323,2024-04-02,Express,0,Delivered
O009962,C00657,2024-11-28,Same Day,0,Delivered
O009963,C00380,2023-12-04,Standard,0,Delivered
O009964,C00778,2023-12-28,Standard,0,Delivered
O009965,C00280,2024-01-01,Standard,10,Cancelled
O009966,C00862,2023-11-09,Standard,5,Delivered
O009967,C01494,2024-06-27,Standard,0,Delivered
O009968,C01463,2023-01-14,Standard,10,Delivered
O009969,C00896,2024-10-31,Same Day,15,Delivered
O009970,C01335,2023-04-14,Standard,0,Delivered
O009971,C01236,2024-12-31,Same Day,0,Delivered
O009972,C01427,2024-05-22,Standard,5,Delivered
O009973,C01321,2023-03-09,Express,0,Delivered
O009974,C01363,2024-03-31,Standard,0,Delivered
O009975,C00343,2023-10-22,Same Day,10,Delivered
O009976,C00235,2024-12-06,Express,10,Returned
O009977,C00073,2024-08-26,Standard,15,Cancelled
O009978,C00959,2024-02-13,Same Day,0,Delivered
O009979,C01407,2024-06-07,Standard,20,Delivered
O009980,C01498,2024-12-29,Same Day,0,Returned
O009981,C01288,2024-06-22,Standard,0,Delivered
O009982,C01261,2024-02-19,Standard,0,Delivered
O009983,C00773,2024-05-18,Standard,0,Delivered
O009984,C00680,2023-10-18,Express,15,Delivered
O009985,C00935,2024-07-21,Express,0,Delivered
O009986,C00042,2024-04-20,Express,0,Delivered
O009987,C01190,2024-10-19,Standard,10,Delivered
O009988,C00957,2024-03-23,Standard,0,Delivered
O009989,C00255,2024-04-16,Standard,10,Delivered
O009990,C00923,2024-01-19,Standard,20,Delivered
O009991,C00879,2024-08-31,Standard,0,Delivered
O009992,C01176,2023-12-06,Standard,0,Delivered
O009993,C01273,2024-10-21,Standard,5,Delivered
O009994,C00381,2023-10-20,Express,15,Delivered
O009995,C01234,2024-07-11,Standard,20,Delivered
O009996,C00273,2024-11-09,Same Day,15,Delivered
O009997,C00599,2024-09-05,Express,10,Delivered
O009998,C00746,2024-02-09,Express,5,Delivered
O009999,C01204,2024-07-22,Express,15,Delivered
O010000,C01367,2023-10-17,Standard,15,Delivered
O010001,C00037,2023-06-09,Same Day,0,Delivered
O010002,C01090,2024-09-19,Standard,10,Delivered
O010003,C01321,2024-09-30,Standard,15,Delivered
O010004,C01434,2023-10-20,Express,20,Delivered
O010005,C00406,2024-12-04,Express,10,Cancelled
O010006,C00260,2024-04-29,Standard,10,Delivered
O010007,C00753,2024-11-14,Express,20,Delivered
O010008,C01367,2024-09-17,Express,0,Delivered
O010009,C00463,2024-11-12,Standard,10,Delivered
O010010,C00761,2024-10-12,Same Day,20,Delivered
O010011,C01499,2024-12-18,Standard,10,Returned
O010012,C00681,2024-05-23,Express,20,Delivered
O010013,C00915,2023-08-09,Express,0,Delivered
O010014,C01499,2023-11-22,Standard,0,Delivered
O010015,C00554,2024-08-24,Express,0,Delivered
O010016,C00411,2024-02-03,Standard,0,Delivered
O010017,C00418,2024-11-25,Express,10,Delivered
O010018,C00899,2024-04-24,Express,5,Returned
O010019,C00245,2024-11-01,Express,0,Delivered
O010020,C00246,2024-01-24,Same Day,10,Delivered
O010021,C00392,2024-10-16,Express,10,Delivered
O010022,C00807,2024-12-09,Standard,0,Delivered
O010023,C01281,2023-12-11,Standard,5,Cancelled
O010024,C00788,2024-07-15,Express,10,Delivered
O010025,C01163,2023-08-08,Standard,0,Delivered
O010026,C01439,2024-09-25,Standard,15,Returned
O010027,C01091,2024-10-06,Standard,10,Delivered
O010028,C00940,2024-05-20,Express,10,Delivered
O010029,C00025,2023-03-16,Express,0,Delivered
O010030,C00674,2023-12-17,Express,10,Delivered
O010031,C00406,2024-04-05,Standard,0,Delivered
O010032,C00763,2024-10-05,Same Day,15,Delivered
O010033,C01428,2023-11-10,Express,0,Returned
O010034,C00473,2024-12-01,Standard,0,Delivered
O010035,C00238,2024-12-16,Standard,10,Delivered
O010036,C01254,2024-11-16,Same Day,0,Delivered
O010037,C01493,2024-04-30,Same Day,0,Delivered
O010038,C01160,2023-09-10,Standard,0,Delivered
O010039,C00211,2024-09-30,Express,15,Delivered
O010040,C00827,2024-07-18,Same Day,5,Delivered
O010041,C00616,2024-12-19,Standard,5,Cancelled
O010042,C00923,2023-11-16,Standard,0,Cancelled
O010043,C00973,2023-03-02,Express,10,Delivered
O010044,C01207,2024-12-31,Standard,10,Returned
O010045,C00360,2024-10-15,Express,0,Delivered
O010046,C01454,2024-05-15,Standard,0,Delivered
O010047,C00321,2024-08-06,Standard,10,Delivered
O010048,C00196,2023-01-01,Standard,0,Delivered
O010049,C01259,2024-03-27,Express,30,Delivered
O010050,C00696,2023-11-08,Standard,0,Delivered
O010051,C00738,2023-11-18,Standard,0,Cancelled
O010052,C00467,2023-08-23,Standard,0,Delivered
O010053,C00077,2023-09-16,Standard,10,Delivered
O010054,C00294,2023-12-31,Express,0,Delivered
O010055,C01126,2024-03-25,Standard,0,Delivered
O010056,C00338,2024-01-10,Standard,0,Delivered
O010057,C01495,2024-04-12,Standard,0,Delivered
O010058,C01174,2024-07-26,Standard,0,Delivered
O010059,C01285,2024-06-29,Standard,5,Delivered
O010060,C01321,2023-08-21,Standard,10,Delivered
O010061,C01067,2023-02-09,Express,0,Delivered
O010062,C00703,2024-10-12,Standard,5,Delivered
O010063,C01391,2024-10-31,Standard,30,Delivered
O010064,C00649,2024-12-20,Standard,10,Delivered
O010065,C00152,2024-12-10,Express,30,Delivered
O010066,C00874,2024-05-26,Standard,0,Delivered
O010067,C00164,2024-11-10,Express,5,Delivered
O010068,C00955,2023-12-27,Same Day,0,Delivered
O010069,C01500,2024-09-17,Standard,20,Delivered
O010070,C00987,2024-12-08,Standard,20,Delivered
O010071,C00314,2024-09-22,Express,10,Delivered
O010072,C00211,2023-12-07,Same Day,0,Delivered
O010073,C00540,2023-11-16,Standard,5,Delivered
O010074,C00221,2023-09-29,Express,20,Delivered
O010075,C00848,2023-11-10,Express,10,Delivered
O010076,C01163,2024-10-06,Standard,15,Delivered
O010077,C00958,2024-07-18,Express,10,Delivered
O010078,C00899,2024-04-24,Standard,0,Returned
O010079,C00656,2024-07-26,Same Day,15,Delivered
O010080,C00260,2024-04-29,Standard,0,Delivered
O010081,C00926,2024-03-27,Standard,20,Delivered
O010082,C00631,2023-11-12,Express,0,Returned
O010083,C00442,2024-02-26,Standard,10,Delivered
O010084,C00959,2024-08-08,Standard,0,Returned
O010085,C00574,2024-08-09,Standard,0,Delivered
O010086,C00255,2024-08-25,Express,15,Returned
O010087,C00726,2023-11-23,Standard,10,Delivered
O010088,C00426,2024-07-10,Express,20,Delivered
O010089,C01087,2023-08-18,Express,10,Delivered
O010090,C00077,2024-01-19,Standard,0,Delivered
O010091,C01288,2024-04-17,Express,0,Delivered
O010092,C00693,2024-07-07,Standard,5,Delivered
O010093,C00036,2024-11-17,Standard,0,Delivered
O010094,C00208,2023-11-16,Standard,5,Delivered
O010095,C01418,2024-10-18,Standard,0,Delivered
O010096,C00799,2023-10-11,Express,30,Delivered
O010097,C01146,2024-03-22,Same Day,0,Delivered
O010098,C01332,2024-10-10,Standard,10,Delivered
O010099,C00473,2024-08-04,Standard,10,Delivered
O010100,C00821,2024-10-26,Standard,10,Delivered
O010101,C00953,2024-10-04,Standard,10,Delivered
O010102,C01281,2023-09-17,Express,20,Cancelled
O010103,C00634,2024-12-28,Standard,10,Returned
O010104,C01429,2024-11-28,Express,0,Delivered
O010105,C00890,2024-03-02,Standard,0,Delivered
O010106,C01321,2023-02-17,Standard,15,Delivered
O010107,C00134,2023-10-06,Express,5,Delivered
O010108,C00696,2024-10-14,Standard,10,Cancelled
O010109,C00269,2024-12-05,Express,5,Delivered
O010110,C01388,2024-10-12,Express,10,Delivered
O010111,C00353,2023-11-26,Standard,5,Delivered
O010112,C01057,2023-02-27,Standard,5,Delivered
O010113,C00098,2024-04-06,Standard,20,Delivered
O010114,C00301,2023-11-15,Same Day,5,Delivered
O010115,C00472,2023-05-04,Same Day,0,Delivered
O010116,C01161,2023-04-18,Standard,5,Delivered
O010117,C00378,2023-06-01,Express,0,Returned
O010118,C01239,2023-07-21,Express,0,Delivered
O010119,C01176,2024-08-25,Express,10,Delivered
O010120,C01495,2024-02-14,Standard,0,Delivered
O010121,C00992,2024-01-05,Same Day,5,Delivered
O010122,C00926,2024-04-29,Express,10,Delivered
O010123,C00880,2024-12-10,Express,0,Delivered
O010124,C00170,2024-08-27,Standard,0,Delivered
O010125,C00763,2024-06-04,Standard,10,Delivered
O010126,C01287,2024-08-18,Standard,30,Delivered
O010127,C00038,2024-08-01,Express,0,Delivered
O010128,C00197,2024-07-10,Express,0,Cancelled
O010129,C00880,2024-02-03,Same Day,30,Returned
O010130,C01283,2024-04-03,Standard,15,Returned
O010131,C00446,2024-01-06,Same Day,20,Delivered
O010132,C01319,2023-11-25,Express,0,Cancelled
O010133,C00501,2023-09-13,Standard,20,Delivered
O010134,C00702,2023-11-04,Standard,15,Delivered
O010135,C01431,2024-03-19,Express,0,Returned
O010136,C00630,2024-04-14,Express,10,Delivered
O010137,C00879,2024-02-06,Standard,0,Delivered
O010138,C01407,2024-06-07,Express,5,Delivered
O010139,C00397,2023-10-27,Standard,10,Delivered
O010140,C00144,2024-05-17,Express,0,Delivered
O010141,C01439,2024-07-23,,30,Delivered
O010142,C00841,2023-10-23,Standard,20,Delivered
O010143,C01456,2023-01-08,Standard,15,Delivered
O010144,C01312,2023-03-27,Express,0,Delivered
O010145,C00874,2024-02-04,Express,10,Delivered
O010146,C00716,2023-07-04,Standard,20,Delivered
O010147,C00724,2024-02-02,Standard,0,Delivered
O010148,C00250,2024-04-09,Standard,10,Delivered
O010149,C00681,2024-11-27,Express,0,Delivered
O010150,C01246,2024-06-12,Express,10,Delivered
O010151,C01491,2023-01-31,Standard,10,Delivered
O010152,C01445,2023-11-18,Standard,20,delivered
O010153,C01451,2024-09-21,Standard,5,Delivered
O010154,C00037,2023-09-05,Standard,15,Returned
O010155,C00768,2024-11-23,Standard,0,Delivered
O010156,C00300,2024-03-03,Express,10,Delivered
O010157,C00897,2023-04-04,Express,20,Delivered
O010158,C01418,2023-08-21,Standard,10,Delivered
O010159,C01321,2024-11-15,Express,20,Delivered
O010160,C01312,2024-12-27,Standard,10,Delivered
O010161,C00553,2024-10-26,Express,10,Delivered
O010162,C00757,2023-10-16,Express,20,Delivered
O010163,C00418,2024-09-04,Standard,0,Delivered
O010164,C00831,2023-08-04,Express,10,Delivered
O010165,C00441,2024-01-23,Standard,10,Returned
O010166,C01215,2024-07-15,Same Day,15,Delivered
O010167,C00700,2024-12-15,Standard,5,Delivered
O010168,C01025,2023-12-22,Express,5,Delivered
O010169,C01320,2024-02-03,Standard,0,Delivered
O010170,C00438,2023-08-03,Standard,20,Delivered
O010171,C00908,2023-11-29,Standard,5,Delivered
O010172,C01281,2023-08-04,Express,10,Delivered
O010173,C01427,2024-10-24,Standard,0,Delivered
O010174,C00245,2023-12-24,Standard,10,Delivered
O010175,C00999,2024-07-04,Standard,0,delivered
O010176,C00656,2024-02-03,Standard,10,delivered
O010177,C00423,2024-01-18,Standard,10,Delivered
O010178,C00233,2023-09-21,Standard,10,Delivered
O010179,C00867,2023-11-28,Standard,0,Delivered
O010180,C00494,2024-03-18,Same Day,15,Delivered
O010181,C00971,2024-06-01,Standard,10,Delivered
O010182,C00418,2024-11-30,Standard,0,Returned
O010183,C00004,2023-10-23,Express,0,Delivered
O010184,C01139,2024-04-18,Standard,15,Delivered
O010185,C00240,2024-11-13,Express,20,Delivered
O010186,C00380,2023-09-28,Standard,15,Delivered
O010187,C00353,2024-10-27,Standard,20,Delivered
O010188,C00507,2024-12-09,Same Day,5,Delivered
O010189,C00730,2024-10-19,Standard,5,Cancelled
O010190,C01227,2024-04-06,Express,15,Delivered
O010191,C00953,2024-08-03,Standard,5,Delivered
O010192,C00221,2024-01-22,Standard,10,Delivered
O010193,C00276,2024-04-28,Standard,10,Delivered
O010194,C01283,2024-12-18,Standard,0,Delivered
O010195,C00375,2023-08-28,Express,0,Delivered
O010196,C00333,2024-09-20,Standard,0,Delivered
O010197,C00009,2024-02-12,Standard,0,Returned
O010198,C01153,2023-06-23,Standard,5,Delivered
O010199,C01091,2024-06-03,Standard,0,Delivered
O010200,C00520,2024-09-20,Standard,0,Delivered
O010201,C00024,2024-04-05,Standard,0,Cancelled
O010202,C01172,2024-10-14,Standard,10,Cancelled
O010203,C00154,2023-11-10,Express,15,Delivered
O010204,C00693,2024-11-18,Same Day,5,Delivered
O010205,C01277,2024-06-06,Standard,10,Delivered
O010206,C00368,2024-09-27,Standard,10,Delivered
O010207,C00574,2023-09-15,Standard,10,Delivered
O010208,C00959,2023-12-26,Express,30,Delivered
O010209,C00980,2024-11-16,Standard,10,Delivered
O010210,C00696,2023-06-15,Standard,5,Returned
O010211,C00655,2023-11-30,Express,15,Delivered
O010212,C00633,2024-09-12,Standard,10,Delivered
O010213,C00730,2024-08-18,Standard,5,Delivered
O010214,C00520,2024-10-21,Express,10,Delivered
O010215,C00385,2024-08-15,Express,0,Cancelled
O010216,C00463,2024-12-03,Standard,10,Delivered
O010217,C00724,2024-02-05,Standard,15,Delivered
O010218,C00576,2024-05-19,Standard,10,Delivered
O010219,C00867,2024-10-19,Standard,0,Delivered
O010220,C00922,2024-07-18,Express,5,Delivered
O010221,C01499,2023-06-06,Express,15,Delivered
O010222,C00897,2023-11-10,Standard,5,Delivered
O010223,C01087,2024-03-23,Standard,20,Delivered
O010224,C00154,2024-08-26,Standard,0,Delivered
O010225,C01125,2024-03-15,Express,10,Delivered
O010226,C00762,2024-09-10,Standard,0,Delivered
O010227,C01312,2024-10-14,Express,10,Delivered
O010228,C01465,2023-09-09,Express,20,Cancelled
O010229,C00346,2024-05-13,Standard,10,Delivered
O010230,C01403,2024-03-26,Express,5,Delivered
O010231,C00978,2023-08-09,Express,15,Delivered
O010232,C01091,2024-01-29,Standard,5,Delivered
O010233,C00720,2024-03-19,Standard,10,Delivered
O010234,C00538,2024-10-05,Standard,0,Cancelled
O010235,C01200,2024-01-06,Standard,5,Delivered
O010236,C00038,2023-03-24,Standard,10,Delivered
O010237,C00807,2024-01-27,Standard,5,Delivered
O010238,C00121,2024-10-15,Express,0,Delivered
O010239,C00383,2024-04-07,Standard,0,Delivered
O010240,C01073,2023-10-15,Standard,0,Delivered
O010241,C01118,2024-11-21,Same Day,15,Cancelled
O010242,C01341,2024-03-05,Standard,30,Delivered
O010243,C01058,2024-01-24,Standard,10,Delivered
O010244,C00987,2023-12-20,Same Day,15,Delivered
O010245,C01418,2024-08-14,Standard,0,Delivered
O010246,C00799,2024-10-13,Standard,15,Delivered
O010247,C00955,2023-03-01,Standard,0,Delivered
O010248,C01313,2024-09-20,Express,0,Delivered
O010249,C01129,2024-08-02,Express,0,Delivered
O010250,C01150,2024-11-10,Express,5,Delivered
O010251,C00798,2024-11-12,Standard,10,Delivered
O010252,C00784,2024-09-10,Same Day,0,Returned
O010253,C00950,2023-07-06,Standard,0,Delivered
O010254,C01025,2023-10-12,Express,10,Delivered
O010255,C00817,2024-11-28,Standard,15,Delivered
O010256,C00280,2024-04-29,Standard,0,Delivered
O010257,C00372,2024-03-11,Same Day,0,Delivered
O010258,C00747,2024-11-19,Express,10,Delivered
O010259,C00308,2024-11-01,Standard,10,Delivered
O010260,C00644,2024-08-07,Express,5,Delivered
O010261,C00223,2024-11-04,Standard,5,Delivered
O010262,C00221,2023-04-25,Standard,5,Delivered
O010263,C01281,2024-08-28,Standard,5,Delivered
O010264,C00808,2024-12-13,Standard,15,Delivered
O010265,C01160,2023-02-19,Standard,20,Delivered
O010266,C00032,2023-10-01,Express,10,Delivered
O010267,C00423,2024-09-21,Express,0,Delivered
O010268,C00037,2024-02-24,Standard,30,Delivered
O010269,C00009,2023-03-30,Standard,0,Delivered
O010270,C00049,2023-09-11,Standard,30,Cancelled
O010271,C00778,2023-10-18,Same Day,10,Delivered
O010272,C00142,2023-10-16,Express,10,Delivered
O010273,C01197,2024-11-02,Same Day,5,Delivered
O010274,C00769,2024-06-17,Express,5,Cancelled
O010275,C00368,2024-08-12,Express,0,Delivered
O010276,C01274,2024-01-10,Standard,0,Delivered
O010277,C00763,2023-12-14,Express,0,Delivered
O010278,C00525,2023-10-14,Express,0,Delivered
O010279,C00848,2024-10-21,Standard,5,Delivered
O010280,C00980,2024-12-07,Standard,15,Returned
O010281,C00839,2023-12-12,Standard,0,Cancelled
O010282,C01407,2024-12-17,Standard,10,Delivered
O010283,C00536,2023-11-19,Same Day,0,Delivered
O010284,C00619,2023-10-19,Standard,10,Delivered
O010285,C01298,2024-09-08,Standard,10,Delivered
O010286,C00926,2023-11-07,Standard,10,delivered
O010287,C01457,2024-11-21,Standard,0,Delivered
O010288,C01185,2023-08-01,Express,0,Returned
O010289,C00763,2024-09-22,Standard,0,Delivered
O010290,C00923,2023-07-17,Standard,30,Delivered
O010291,C00616,2023-07-12,Same Day,0,Delivered
O010292,C00198,2023-12-26,Standard,10,Delivered
O010293,C00617,2024-12-02,Standard,0,Delivered
O010294,C00418,2024-04-18,Standard,5,Delivered
O010295,C00993,2024-05-27,Standard,5,Delivered
O010296,C00973,2023-01-10,Standard,0,Delivered
O010297,C01410,2023-02-27,Express,5,Delivered
O010298,C00124,2023-03-10,Standard,0,Delivered
O010299,C00704,2024-10-06,Express,0,Delivered
O010300,C00609,2023-08-17,Standard,5,Cancelled
O010301,C00784,2023-10-21,Standard,15,Delivered
O010302,C00189,2024-05-08,Express,0,Delivered
O010303,C00744,2024-04-17,Express,0,Delivered
O010304,C00957,2023-12-04,Same Day,0,Delivered
O010305,C00453,2024-06-02,Standard,15,Returned
O010306,C00953,2023-12-28,Standard,0,Returned
O010307,C00400,2024-08-15,Same Day,15,Delivered
O010308,C00559,2024-05-08,Standard,0,Delivered
O010309,C01381,2024-07-24,Express,0,Delivered
O010310,C00042,2023-01-15,Standard,5,Delivered
O010311,C00411,2024-11-16,Standard,5,Delivered
O010312,C01409,2024-12-05,Same Day,5,Delivered
O010313,C00223,2023-09-05,Same Day,5,Delivered
O010314,C00606,2024-01-03,Same Day,30,Delivered
O010315,C00681,2023-12-06,Express,10,Delivered
O010316,C00955,2024-10-16,Standard,20,Delivered
O010317,C00895,2024-03-13,Standard,20,Delivered
O010318,C00914,2024-05-09,Standard,5,Cancelled
O010319,C01416,2023-08-27,Express,15,Delivered
O010320,C00599,2023-03-20,Express,5,Delivered
O010321,C00734,2024-07-11,Express,10,Cancelled
O010322,C01452,2024-05-16,Standard,10,Delivered
O010323,C00199,2024-10-12,Standard,10,Delivered
O010324,C01423,2024-10-18,Express,5,Delivered
O010325,C01423,2024-05-24,Same Day,0,Delivered
O010326,C01432,2024-03-11,Standard,30,Delivered
O010327,C00105,2024-11-18,Standard,0,Delivered
O010328,C00857,2024-09-26,Same Day,0,Delivered
O010329,C01274,2024-11-04,Express,0,Delivered
O010330,C00453,2024-12-29,,10,Cancelled
O010331,C00871,2023-11-29,Same Day,0,Delivered
O010332,C00385,2024-07-30,Express,20,Delivered
O010333,C00206,2024-07-08,Express,10,Delivered
O010334,C01288,2023-06-21,Express,15,Delivered
O010335,C01477,2024-05-28,Standard,0,Delivered
O010336,C00111,2024-02-18,Standard,5,Delivered
O010337,C00190,2023-12-29,Standard,10,Delivered
O010338,C00871,2023-06-26,Express,0,Delivered
O010339,C00137,2024-08-19,Standard,5,Delivered
O010340,C00922,2024-07-16,Same Day,15,delivered
O010341,C01068,2024-03-06,Standard,10,Delivered
O010342,C00626,2023-06-04,Express,20,Delivered
O010343,C01120,2024-03-26,Standard,10,Delivered
O010344,C00175,2023-04-12,Standard,0,Delivered
O010345,C00438,2023-10-27,Standard,20,Delivered
O010346,C01209,2023-11-13,Express,30,Delivered
O010347,C00140,2024-11-05,Standard,5,Delivered
O010348,C00422,2023-12-07,Standard,0,Delivered
O010349,C00907,2024-04-29,Express,0,Delivered
O010350,C00371,2024-11-01,Express,15,Delivered
O010351,C00726,2023-12-13,Express,0,Returned
O010352,C01273,2024-11-05,Express,0,Delivered
O010353,C00408,2023-08-08,Express,5,Delivered
O010354,C00656,2024-02-03,Standard,15,Delivered
O010355,C00037,2023-06-09,Standard,5,Delivered
O010356,C01049,2024-03-29,Standard,5,Cancelled
O010357,C00538,2024-12-09,Standard,10,Delivered
O010358,C01301,2024-06-13,Standard,15,Delivered
O010359,C00140,2024-05-20,Express,0,Delivered
O010360,C01163,2023-09-19,Express,0,Delivered
O010361,C01229,2024-11-26,Standard,0,Returned
O010362,C01154,2024-01-14,Express,0,Delivered
O010363,C01087,2023-09-10,Standard,0,Delivered
O010364,C00356,2024-12-25,Standard,5,Delivered
O010365,C00630,2023-12-12,Standard,0,Delivered
O010366,C00584,2023-11-13,Express,15,Delivered
O010367,C00364,2023-02-04,Express,0,Delivered
O010368,C00744,2023-06-25,Standard,30,Delivered
O010369,C01020,2024-10-01,Express,0,Delivered
O010370,C00724,2024-01-23,Express,0,Cancelled
O010371,C01469,2024-12-07,Standard,15,Delivered
O010372,C01049,2023-12-21,Express,20,Delivered
O010373,C00665,2024-05-13,Standard,0,Delivered
O010374,C00615,2024-08-02,Standard,15,Delivered
O010375,C00865,2024-05-17,Standard,15,Delivered
O010376,C00652,2024-03-04,Standard,5,Delivered
O010377,C00335,2024-04-13,Express,10,Delivered
O010378,C00777,2024-07-09,Standard,5,Delivered
O010379,C00980,2024-10-27,Standard,0,Delivered
O010380,C00543,2023-10-25,Standard,0,Delivered
O010381,C00418,2024-01-04,Express,0,Delivered
O010382,C00327,2024-05-28,Standard,5,delivered
O010383,C00548,2023-10-12,Express,0,Delivered
O010384,C00368,2023-06-25,Standard,0,Delivered
O010385,C01128,2024-12-13,Standard,0,Delivered
O010386,C00930,2023-11-08,Standard,10,Delivered
O010387,C00426,2023-12-13,Same Day,10,Delivered
O010388,C01495,2024-05-15,Standard,15,Returned
O010389,C00948,2023-03-20,Standard,30,Delivered
O010390,C00218,2023-02-03,Standard,30,Delivered
O010391,C01259,2023-03-07,Standard,0,Delivered
O010392,C01116,2024-04-13,Standard,5,Delivered
O010393,C00755,2023-12-15,Standard,10,Delivered
O010394,C00352,2024-10-10,Express,0,Delivered
O010395,C01221,2023-10-28,Express,0,Delivered
O010396,C00197,2023-12-14,Standard,15,Delivered
O010397,C00630,2024-05-01,Standard,5,Delivered
O010398,C01239,2023-10-06,Standard,5,Delivered
O010399,C01201,2023-12-17,Same Day,10,Delivered
O010400,C00918,2023-11-20,Standard,15,Delivered
O010401,C00025,2023-10-28,Standard,15,Delivered
O010402,C00494,2023-11-22,Express,20,Delivered
O010403,C01289,2023-01-30,Standard,0,Delivered
O010404,C01068,2024-11-06,Standard,10,Delivered
O010405,C01219,2024-12-19,Same Day,0,Returned
O010406,C00098,2024-10-26,Standard,30,Delivered
O010407,C01416,2023-08-27,Standard,0,Delivered
O010408,C00343,2024-08-23,Express,5,Delivered
O010409,C00493,2024-04-08,Standard,20,Delivered
O010410,C01281,2023-08-04,Standard,10,Delivered
O010411,C00616,2024-11-27,Express,0,Delivered
O010412,C00940,2024-09-09,Express,0,Delivered
O010413,C00829,2023-05-25,Express,5,Delivered
O010414,C01311,2024-12-12,Standard,10,Delivered
O010415,C00230,2023-05-07,Standard,10,Delivered
O010416,C00154,2023-12-31,Same Day,0,Returned
O010417,C00922,2023-06-06,Express,10,Delivered
O010418,C01281,2023-08-04,Standard,5,Delivered
O010419,C01398,2024-12-14,Express,20,Delivered
O010420,C00611,2024-04-08,Standard,10,Delivered
O010421,C01087,2023-09-04,Same Day,20,Delivered
O010422,C00594,2024-09-09,Express,0,Delivered
O010423,C00468,2024-11-01,Express,20,Delivered
O010424,C00042,2024-11-20,Standard,20,Returned
O010425,C00375,2024-11-27,Express,5,Delivered
O010426,C00255,2024-11-15,Standard,30,Delivered
O010427,C00406,2024-05-30,Standard,10,Delivered
O010428,C00426,2023-12-13,Standard,30,Delivered
O010429,C01298,2024-11-23,Express,15,Delivered
O010430,C00307,2023-12-28,Express,20,Delivered
O010431,C01241,2023-06-16,Standard,0,Delivered
O010432,C01298,2023-12-18,Standard,0,Delivered
O010433,C00697,2024-03-05,Standard,5,Delivered
O010434,C01072,2024-05-12,Standard,10,Delivered
O010435,C00467,2024-11-14,Standard,0,Delivered
O010436,C00037,2024-01-30,Express,5,Cancelled
O010437,C01049,2024-03-24,Standard,0,Delivered
O010438,C00890,2024-03-02,Standard,20,Delivered
O010439,C00693,2024-07-23,Standard,10,Returned
O010440,C01361,2023-04-12,Standard,0,Delivered
O010441,C01078,2023-02-19,Standard,0,Delivered
O010442,C00647,2024-06-01,Express,30,Delivered
O010443,C00087,2024-03-08,Standard,5,Delivered
O010444,C01321,2023-12-02,Standard,10,Delivered
O010445,C01483,2023-10-24,Standard,20,Delivered
O010446,C00923,2023-03-01,Standard,30,Delivered
O010447,C01142,2024-07-02,Express,0,Delivered
O010448,C00762,2023-12-10,Express,10,Delivered
O010449,C00353,2023-12-26,Express,30,Returned
O010450,C01388,2024-11-09,Standard,0,Delivered
O010451,C01012,2024-08-14,Standard,10,Delivered
O010452,C00822,2023-08-16,Standard,15,Delivered
O010453,C01007,2024-06-13,Express,0,delivered
O010454,C00763,2023-05-13,Standard,5,Returned
O010455,C00093,2023-07-10,Express,0,Delivered
O010456,C00959,2024-07-28,Same Day,0,Delivered
O010457,C00014,2023-06-15,Express,0,Delivered
O010458,C00335,2023-09-20,Standard,0,Delivered
O010459,C00230,2024-11-11,Express,10,Delivered
O010460,C00503,2024-08-14,Standard,30,Delivered
O010461,C01382,2024-11-25,Same Day,20,Delivered
O010462,C00124,2024-11-04,Standard,20,Delivered
O010463,C00540,2023-10-11,Express,15,Delivered
O010464,C01124,2024-05-25,Standard,0,Delivered
O010465,C01306,2023-11-16,Express,5,Delivered
O010466,C01089,2024-07-15,Standard,15,Delivered
O010467,C01456,2023-11-01,Standard,30,Delivered
O010468,C01017,2023-07-05,Standard,5,Delivered
O010469,C01096,2024-06-16,Standard,10,Delivered
O010470,C00637,2024-09-06,Standard,30,Delivered
O010471,C00438,2023-03-27,Express,10,Delivered
O010472,C00696,2024-04-30,Standard,15,Delivered
O010473,C01139,2024-10-24,Express,30,Delivered
O010474,C00953,2024-08-16,Standard,10,Delivered
O010475,C01151,2023-12-05,Express,0,Delivered
O010476,C00915,2023-07-23,Same Day,30,Delivered
O010477,C01085,2024-11-22,Standard,15,Delivered
O010478,C00230,2024-04-03,Same Day,0,Delivered
O010479,C00479,2023-11-30,Express,30,Delivered
O010480,C00842,2024-12-01,Standard,0,Delivered
O010481,C00037,2023-07-29,Standard,20,Delivered
O010482,C01388,2023-12-24,Same Day,15,Delivered
O010483,C00356,2023-04-20,Express,0,Delivered
O010484,C00140,2023-05-06,Standard,15,Delivered
O010485,C00964,2023-11-27,Standard,0,Delivered
O010486,C00294,2024-07-17,Standard,30,Cancelled
O010487,C00842,2024-02-14,Standard,10,Delivered
O010488,C00373,2024-07-09,Standard,5,Cancelled
O010489,C00250,2024-09-28,Same Day,30,Delivered
O010490,C01087,2024-11-02,Express,0,Delivered
O010491,C00587,2023-05-07,Standard,5,Returned
O010492,C00854,2024-09-08,Standard,10,Delivered
O010493,C00323,2023-05-26,Standard,0,Delivered
O010494,C00829,2024-07-16,Same Day,0,Delivered
O010495,C00637,2023-11-13,Express,10,Delivered
O010496,C00080,2024-07-23,Express,0,Delivered
O010497,C01076,2023-07-28,Express,5,Delivered
O010498,C00829,2024-06-04,Standard,10,Delivered
O010499,C01403,2023-05-06,Standard,5,Returned
O010500,C01212,2023-06-17,Express,0,Returned
O010501,C00849,2024-05-11,Express,0,Delivered
O010502,C00072,2023-10-25,Express,0,Delivered
O010503,C01110,2024-07-20,Express,10,Delivered
O010504,C00824,2024-07-06,Standard,0,Delivered
O010505,C01272,2024-05-17,Standard,30,Cancelled
O010506,C00858,2024-08-09,Express,0,Delivered
O010507,C00007,2024-09-21,Standard,0,Returned
O010508,C01236,2024-11-17,Standard,15,Delivered
O010509,C01197,2023-03-24,Express,0,Delivered
O010510,C00154,2024-04-07,Standard,10,Returned
O010511,C01007,2024-08-22,Express,0,Delivered
O010512,C00784,2023-09-21,Standard,30,Returned
O010513,C00871,2023-09-07,Express,0,Delivered
O010514,C01342,2023-09-10,Same Day,0,Delivered
O010515,C00375,2024-04-08,Standard,10,Delivered
O010516,C00036,2023-11-10,Same Day,5,Returned
O010517,C00312,2024-06-21,Express,20,Delivered
O010518,C01388,2024-05-08,Express,20,Delivered
O010519,C00314,2024-06-13,Express,15,Delivered
O010520,C00986,2024-02-10,Standard,0,Delivered
O010521,C01178,2024-09-03,Standard,10,delivered
O010522,C01228,2024-06-19,Standard,0,Delivered
O010523,C00029,2023-05-11,Express,0,Delivered
O010524,C00029,2023-07-15,Standard,0,Delivered
O010525,C01491,2023-10-05,Standard,5,Delivered
O010526,C00784,2024-11-28,Same Day,5,Delivered
O010527,C00098,2024-04-06,Same Day,15,Delivered
O010528,C00044,2023-10-31,Express,5,Delivered
O010529,C01220,2023-05-21,Standard,0,Delivered
O010530,C01379,2023-02-01,Express,0,Delivered
O010531,C00781,2024-03-02,Same Day,10,Delivered
O010532,C00562,2024-09-23,Standard,10,Delivered
O010533,C01032,2023-12-29,Standard,0,Delivered
O010534,C00039,2024-10-15,Same Day,10,Delivered
O010535,C01362,2023-10-27,Standard,15,Delivered
O010536,C00385,2024-01-13,Express,0,Delivered
O010537,C00287,2024-09-16,Standard,15,Delivered
O010538,C00453,2024-06-27,Standard,30,Delivered
O010539,C00098,2024-10-22,Standard,20,Delivered
O010540,C00590,2023-09-15,Express,0,Delivered
O010541,C01058,2024-02-07,Express,0,Delivered
O010542,C00751,2024-06-29,Same Day,10,Delivered
O010543,C00971,2023-06-15,Standard,5,Delivered
O010544,C00321,2024-10-04,Same Day,0,Delivered
O010545,C00607,2024-02-23,Standard,5,Delivered
O010546,C00773,2024-05-18,Standard,5,Delivered
O010547,C00851,2024-09-02,Same Day,0,Delivered
O010548,C00280,2024-07-21,Standard,0,Delivered
O010549,C01209,2024-11-05,Standard,15,Delivered
O010550,C00140,2024-11-09,Standard,5,Delivered
O010551,C00154,2023-09-19,Express,0,Delivered
O010552,C00375,2024-06-01,Express,30,Delivered
O010553,C00955,2024-12-31,Same Day,15,Returned
O010554,C00123,2023-12-24,Standard,5,Delivered
O010555,C00025,2024-01-15,Standard,0,Delivered
O010556,C00717,2024-11-17,Standard,10,Delivered
O010557,C00520,2023-04-15,Same Day,10,Delivered
O010558,C00230,2024-11-24,Standard,20,Delivered
O010559,C00956,2024-03-29,Standard,0,Delivered
O010560,C00936,2024-11-09,Standard,10,Delivered
O010561,C00191,2024-05-17,Standard,0,Delivered
O010562,C00343,2024-06-25,Express,30,Delivered
O010563,C00553,2024-09-07,Standard,0,delivered
O010564,C01493,2023-03-10,Express,5,Delivered
O010565,C01146,2024-05-22,Standard,10,Delivered
O010566,C00500,2024-11-23,Standard,15,Delivered
O010567,C01456,2024-12-08,Express,10,Delivered
O010568,C00681,2024-12-15,Express,5,Delivered
O010569,C00576,2024-06-04,Standard,20,Delivered
O010570,C01418,2024-05-26,Express,10,Delivered
O010571,C01089,2024-03-22,Express,5,Delivered
O010572,C00822,2024-05-06,Express,15,Delivered
O010573,C00880,2024-05-10,Express,5,delivered
O010574,C01466,2023-06-01,Express,10,Delivered
O010575,C00228,2023-08-14,Standard,0,Delivered
O010576,C00520,2024-05-15,Standard,0,Delivered
O010577,C00637,2023-10-12,Standard,5,Delivered
O010578,C01483,2023-10-05,Standard,0,Delivered
O010579,C00134,2023-07-09,Express,0,Delivered
O010580,C00172,2024-09-26,Express,5,Delivered
O010581,C00656,2024-12-12,Standard,10,Delivered
O010582,C00255,2024-05-22,Same Day,0,Delivered
O010583,C01007,2024-12-02,Same Day,10,Delivered
O010584,C00545,2024-11-05,Standard,0,Delivered
O010585,C01282,2023-08-01,Standard,0,Delivered
O010586,C01104,2023-06-01,Standard,0,Delivered
O010587,C00716,2023-07-26,Same Day,10,Delivered
O010588,C01281,2023-08-04,Standard,5,Delivered
O010589,C00155,2024-04-16,Express,30,Delivered
O010590,C00861,2023-10-17,Same Day,10,Delivered
O010591,C00889,2024-11-18,Express,30,Delivered
O010592,C00371,2024-06-10,Express,0,Returned
O010593,C00080,2023-11-07,Standard,10,Delivered
O010594,C00797,2024-12-23,Standard,10,Delivered
O010595,C00764,2024-12-07,Standard,5,Cancelled
O010596,C00955,2024-09-11,Express,20,Delivered
O010597,C00319,2024-09-19,Standard,5,Delivered
O010598,C00271,2024-12-19,Standard,0,Delivered
O010599,C01472,2024-05-27,Express,10,Delivered
O010600,C00175,2024-11-03,Standard,0,Delivered
O010601,C01500,2023-03-08,Express,0,Delivered
O010602,C01068,2024-03-24,Standard,10,Delivered
O010603,C00916,2024-03-23,Standard,0,Delivered
O010604,C00503,2023-04-06,Standard,10,Delivered
O010605,C01312,2023-03-30,Express,5,Delivered
O010606,C01385,2023-07-16,Standard,15,Returned
O010607,C01068,2023-10-01,Standard,5,delivered
O010608,C01049,2023-12-21,Express,5,Delivered
O010609,C00747,2023-12-12,Standard,5,Delivered
O010610,C00123,2024-10-03,Standard,10,Delivered
O010611,C01500,2024-05-11,Standard,0,Delivered
O010612,C00036,2024-06-27,Same Day,0,Delivered
O010613,C00749,2023-01-31,Express,0,Delivered
O010614,C00554,2024-10-15,Standard,5,Delivered
O010615,C01154,2024-01-09,Express,20,Delivered
O010616,C01089,2023-10-06,Standard,10,Delivered
O010617,C00915,2024-02-21,Standard,5,Delivered
O010618,C00122,2024-11-25,Standard,0,Delivered
O010619,C00354,2024-12-31,Express,10,Cancelled
O010620,C00149,2024-09-14,Express,15,Delivered
O010621,C01473,2024-08-08,Standard,5,Cancelled
O010622,C00198,2024-03-02,Standard,20,Delivered
O010623,C01460,2024-06-20,Express,5,delivered
O010624,C00175,2023-05-24,Standard,0,Delivered
O010625,C01306,2023-09-12,Standard,15,Delivered
O010626,C00854,2024-12-23,Same Day,10,Delivered
O010627,C01263,2024-12-21,Same Day,5,Delivered
O010628,C00923,2023-10-17,Same Day,20,Delivered
O010629,C01148,2023-08-20,Express,15,Delivered
O010630,C01082,2024-03-10,Standard,30,Delivered
O010631,C00392,2024-01-25,Standard,10,Delivered
O010632,C01407,2024-06-07,Same Day,10,Returned
O010633,C00942,2024-06-07,Standard,5,Returned
O010634,C00302,2023-03-18,Standard,5,Delivered
O010635,C00442,2023-04-15,Standard,0,Delivered
O010636,C00792,2024-04-14,Express,15,Delivered
O010637,C01330,2024-09-10,Standard,0,Delivered
O010638,C01195,2023-10-31,Express,20,Delivered
O010639,C00438,2024-01-13,Express,0,Delivered
O010640,C01012,2024-06-13,Standard,0,Returned
O010641,C00007,2024-09-17,Express,0,Delivered
O010642,C00494,2023-10-08,Express,5,Delivered
O010643,C01275,2024-08-09,Standard,0,Delivered
O010644,C00225,2023-09-25,Standard,0,Delivered
O010645,C00534,2024-06-03,Express,10,Delivered
O010646,C00005,2023-12-29,Standard,5,Delivered
O010647,C00042,2024-11-24,Standard,0,Delivered
O010648,C00221,2024-12-22,Same Day,0,Delivered
O010649,C00158,2024-09-08,Standard,0,Delivered
O010650,C00734,2024-11-19,Standard,20,Returned
O010651,C01364,2023-05-17,Standard,15,Delivered
O010652,C00134,2024-06-11,Standard,5,Delivered
O010653,C01318,2024-03-02,Standard,0,Delivered
O010654,C00973,2023-09-18,Standard,0,Cancelled
O010655,C00255,2024-02-27,Express,10,Delivered
O010656,C00426,2024-08-17,Express,0,Delivered
O010657,C00294,2024-08-03,Standard,10,Delivered
O010658,C01178,2024-10-29,Express,0,Cancelled
O010659,C01072,2024-03-28,Standard,10,Delivered
O010660,C00442,2024-11-24,Standard,5,Delivered
O010661,C00088,2024-11-07,Express,0,Returned
O010662,C00255,2024-10-20,Express,0,Returned
O010663,C00918,2023-08-11,Same Day,10,Delivered
O010664,C00142,2024-03-05,Standard,10,Delivered
O010665,C00797,2024-08-13,Same Day,10,Delivered
O010666,C00895,2024-12-19,Standard,0,Delivered
O010667,C01012,2023-05-26,Standard,10,Delivered
O010668,C00197,2023-10-20,Standard,0,Delivered
O010669,C00692,2023-10-28,Express,10,Delivered
O010670,C00696,2023-09-27,Standard,15,Delivered
O010671,C01272,2024-10-05,Standard,0,Delivered
O010672,C00709,2023-02-15,Same Day,15,Delivered
O010673,C00616,2023-11-06,Express,20,Delivered
O010674,C00196,2024-07-26,Standard,30,Delivered
O010675,C01015,2023-12-01,Standard,0,Delivered
O010676,C00905,2023-07-30,,20,Delivered
O010677,C01063,2024-05-30,Same Day,0,Delivered
O010678,C00956,2024-03-29,Express,5,Delivered
O010679,C01321,2024-12-22,Standard,5,Delivered
O010680,C01321,2024-08-22,Standard,0,Delivered
O010681,C00446,2024-12-24,Standard,0,Delivered
O010682,C00274,2024-01-29,Same Day,20,Delivered
O010683,C01401,2024-08-31,Express,0,Delivered
O010684,C01057,2024-03-22,Express,5,Delivered
O010685,C01465,2024-07-27,Standard,15,Cancelled
O010686,C00749,2024-01-11,Standard,0,Delivered
O010687,C01451,2023-12-02,Express,20,Delivered
O010688,C00194,2023-02-16,Express,30,Delivered
O010689,C00871,2024-10-15,Standard,0,Delivered
O010690,C00749,2024-10-03,Express,5,delivered
O010691,C00008,2023-11-03,Standard,0,Delivered
O010692,C00294,2024-06-04,Express,30,Delivered
O010693,C00228,2024-08-14,Express,0,Delivered
O010694,C00097,2024-03-27,Standard,5,Returned
O010695,C01423,2023-10-14,Express,10,Delivered
O010696,C01456,2024-11-04,Standard,10,Delivered
O010697,C01350,2024-06-02,Standard,10,Delivered
O010698,C01491,2024-08-02,Same Day,0,Returned
O010699,C01261,2024-06-09,Same Day,10,Delivered
O010700,C01405,2024-08-03,,10,Delivered
O010701,C00297,2023-05-24,Express,5,Delivered
O010702,C00388,2024-11-22,Standard,10,Delivered
O010703,C01306,2023-09-25,Express,0,Delivered
O010704,C00724,2024-10-14,Standard,0,Delivered
O010705,C01063,2024-11-09,Standard,0,Returned
O010706,C00842,2024-06-09,Standard,0,Delivered
O010707,C00442,2024-04-29,Same Day,0,Delivered
O010708,C00422,2023-04-21,Same Day,0,Delivered
O010709,C01103,2023-12-20,Standard,5,Delivered
O010710,C00790,2024-05-09,Standard,10,Returned
O010711,C00543,2023-03-25,Standard,5,Delivered
O010712,C00899,2024-04-24,Standard,15,delivered
O010713,C00633,2024-12-28,Standard,5,Delivered
O010714,C00723,2023-10-23,Express,5,Delivered
O010715,C00993,2023-11-01,Standard,0,Returned
O010716,C00686,2023-08-29,Standard,15,Delivered
O010717,C01426,2024-06-12,Same Day,10,Delivered
O010718,C00730,2024-01-15,Standard,0,Delivered
O010719,C01451,2024-09-19,Standard,0,Delivered
O010720,C01285,2024-02-18,Same Day,0,Delivered
O010721,C01348,2023-01-16,Express,5,Delivered
O010722,C01129,2024-01-23,Standard,0,Delivered
O010723,C00888,2023-02-26,Standard,15,Delivered
O010724,C00791,2024-10-09,Express,0,Delivered
O010725,C00829,2023-04-25,Standard,20,Delivered
O010726,C00302,2023-07-31,Standard,0,Delivered
O010727,C00321,2024-01-05,Standard,5,Cancelled
O010728,C00051,2023-07-11,Express,20,Delivered
O010729,C01098,2024-03-12,Standard,0,Delivered
O010730,C00197,2024-01-05,Standard,15,Cancelled
O010731,C00862,2024-12-06,Express,0,Cancelled
O010732,C00211,2023-03-31,Standard,5,Cancelled
O010733,C00105,2024-04-11,Express,20,Delivered
O010734,C00796,2024-08-02,Same Day,0,Delivered
O010735,C01321,2023-05-08,Express,0,Delivered
O010736,C00540,2024-05-28,Standard,0,Delivered
O010737,C01394,2024-10-27,Same Day,0,Delivered
O010738,C00029,2024-09-17,Standard,5,Delivered
O010739,C00703,2024-11-28,Standard,10,Delivered
O010740,C00223,2024-08-02,Standard,0,Delivered
O010741,C00463,2023-11-24,Express,10,Delivered
O010742,C00042,2024-11-21,Standard,10,Delivered
O010743,C00056,2024-02-13,Standard,15,Delivered
O010744,C01057,2024-04-17,Standard,30,Delivered
O010745,C00955,2024-09-02,Standard,15,Delivered
O010746,C00311,2024-10-31,Express,0,Delivered
O010747,C01367,2024-11-19,Standard,0,Delivered
O010748,C01012,2023-05-26,Standard,10,Delivered
O010749,C00497,2024-08-06,Standard,0,Delivered
O010750,C00617,2023-07-19,Same Day,0,Returned
O010751,C00428,2024-09-11,Standard,15,Delivered
O010752,C01261,2024-07-18,Standard,5,Delivered
O010753,C00747,2023-06-28,Standard,5,Delivered
O010754,C00210,2024-10-12,Same Day,5,Delivered
O010755,C00302,2024-01-06,Express,0,Delivered
O010756,C00435,2024-03-15,Standard,0,Delivered
O010757,C00614,2024-12-16,Standard,30,Delivered
O010758,C00873,2024-06-13,Standard,0,Delivered
O010759,C01452,2024-04-21,Standard,5,Delivered
O010760,C00396,2023-01-17,Express,0,Delivered
O010761,C00487,2023-12-10,Standard,0,Delivered
O010762,C00042,2023-01-27,Standard,0,Delivered
O010763,C00562,2023-10-23,Express,0,Delivered
O010764,C00987,2023-10-29,Standard,10,Delivered
O010765,C01452,2024-03-04,Standard,0,Delivered
O010766,C01091,2024-07-09,Standard,5,Delivered
O010767,C00183,2023-06-26,Express,10,Delivered
O010768,C01344,2024-05-02,Express,5,Delivered
O010769,C01274,2024-11-20,Express,0,Delivered
O010770,C00284,2023-07-01,Express,0,Returned
O010771,C01407,2024-06-15,Standard,0,Delivered
O010772,C01057,2023-02-16,Standard,0,Delivered
O010773,C01163,2024-03-05,Standard,5,Delivered
O010774,C00690,2024-08-17,Standard,5,Delivered
O010775,C00300,2023-02-03,Express,0,Delivered
O010776,C01197,2023-10-23,Standard,0,Delivered
O010777,C00724,2024-11-02,Standard,10,Delivered
O010778,C01460,2023-11-13,Standard,0,Delivered
O010779,C00228,2024-08-04,Express,5,Delivered
O010780,C00538,2024-05-10,Express,20,Delivered
O010781,C01089,2023-06-11,Express,15,Delivered
O010782,C00850,2024-08-17,Standard,0,Delivered
O010783,C00655,2024-03-06,Same Day,5,Delivered
O010784,C01027,2023-04-24,Express,30,Delivered
O010785,C01086,2024-12-04,Express,10,Returned
O010786,C00857,2024-01-31,Express,10,Delivered
O010787,C00470,2024-08-19,Standard,10,Delivered
O010788,C00902,2023-09-15,Express,20,Delivered
O010789,C00815,2023-05-17,Same Day,0,Delivered
O010790,C01196,2024-08-17,Standard,10,Returned
O010791,C00955,2024-06-27,Standard,5,Delivered
O010792,C00749,2023-09-16,Standard,5,Delivered
O010793,C00037,2024-08-20,Same Day,0,Delivered
O010794,C00250,2024-02-11,Standard,15,Returned
O010795,C00497,2023-11-01,Same Day,0,Delivered
O010796,C00880,2024-09-16,Express,10,Delivered
O010797,C01186,2024-05-13,Standard,20,Delivered
O010798,C01443,2024-02-13,Standard,0,Delivered
O010799,C00879,2024-09-07,Standard,0,Delivered
O010800,C01080,2024-03-16,Standard,5,Delivered
O010801,C00907,2024-11-29,Standard,5,Delivered
O010802,C00652,2024-10-05,Standard,0,Delivered
O010803,C00891,2023-11-06,Standard,10,Delivered
O010804,C00612,2024-01-09,Standard,10,Returned
O010805,C00681,2024-12-09,Express,0,Cancelled
O010806,C01388,2024-11-10,Standard,5,Delivered
O010807,C00845,2023-07-07,Same Day,5,Delivered
O010808,C00155,2023-09-16,Standard,5,Delivered
O010809,C00779,2023-11-09,Express,30,Delivered
O010810,C01432,2024-11-03,Standard,5,Delivered
O010811,C00154,2024-11-24,Standard,0,Delivered
O010812,C01465,2024-09-26,Express,5,Delivered
O010813,C01489,2023-09-17,Same Day,10,Delivered
O010814,C00842,2024-11-06,Standard,5,Delivered
O010815,C00493,2023-02-02,Standard,0,Delivered
O010816,C00026,2023-12-11,Express,0,Delivered
O010817,C00036,2023-11-16,Same Day,15,Delivered
O010818,C00587,2024-03-08,Express,0,Delivered
O010819,C01163,2024-03-29,Standard,0,Delivered
O010820,C01416,2023-08-27,Standard,30,Returned
O010821,C00230,2023-07-19,Same Day,10,Delivered
O010822,C00730,2024-09-27,Standard,0,returned
O010823,C00758,2023-03-19,Standard,0,Delivered
O010824,C00576,2024-02-01,Express,5,Delivered
O010825,C00805,2023-07-07,Standard,10,Delivered
O010826,C01399,2023-10-15,Standard,0,Delivered
O010827,C00659,2023-09-18,Express,10,Delivered
O010828,C00211,2024-07-24,Same Day,0,Delivered
O010829,C00969,2024-01-01,Express,0,Delivered
O010830,C00049,2023-10-04,Standard,10,Returned
O010831,C01416,2024-10-11,Express,10,Delivered
O010832,C01416,2023-08-27,Express,10,Delivered
O010833,C00144,2024-09-03,Standard,0,Delivered
O010834,C00827,2023-08-26,Standard,5,Delivered
O010835,C01195,2024-11-20,Same Day,0,Delivered
O010836,C00701,2024-03-12,Standard,0,Delivered
O010837,C00724,2024-03-26,Standard,5,Delivered
O010838,C01464,2024-05-17,Express,5,Delivered
O010839,C00346,2024-04-12,Express,15,Delivered
O010840,C00784,2024-10-04,Standard,30,Delivered
O010841,C00175,2023-04-24,Express,10,Delivered
O010842,C00438,2023-12-07,Express,15,Returned
O010843,C01287,2024-10-27,Express,0,Delivered
O010844,C01063,2024-11-07,Express,15,Delivered
O010845,C00895,2024-02-05,Standard,0,Delivered
O010846,C00175,2024-03-27,Express,5,Delivered
O010847,C01287,2024-09-01,Standard,0,Delivered
O010848,C00437,2024-09-12,Standard,5,Delivered
O010849,C00797,2024-11-07,Standard,10,Delivered
O010850,C00352,2024-10-17,Standard,0,Delivered
O010851,C00775,2024-04-24,Standard,15,Returned
O010852,C00845,2024-06-08,Standard,20,Delivered
O010853,C00503,2024-01-24,Standard,10,Delivered
O010854,C00762,2023-04-29,Express,0,Delivered
O010855,C00616,2024-10-07,Standard,10,Cancelled
O010856,C01020,2024-05-02,Express,0,Cancelled
O010857,C00812,2024-01-02,Express,0,Delivered
O010858,C01322,2024-06-29,Standard,0,Delivered
O010859,C00080,2023-09-23,Same Day,5,Delivered
O010860,C00044,2023-10-31,Standard,0,Delivered
O010861,C00280,2024-05-05,Express,0,Delivered
O010862,C00184,2024-08-10,Standard,5,Delivered
O010863,C00784,2024-02-22,Express,15,Delivered
O010864,C00300,2023-01-06,Express,15,Delivered
O010865,C00036,2024-04-12,Standard,15,Delivered
O010866,C00418,2023-01-07,Same Day,0,Delivered
O010867,C00763,2024-11-24,Standard,15,Cancelled
O010868,C01057,2023-09-10,Express,10,Cancelled
O010869,C00658,2024-10-30,Standard,0,Delivered
O010870,C01452,2023-12-21,Standard,5,Delivered
O010871,C00300,2023-04-09,Express,0,Delivered
O010872,C00764,2024-02-19,Standard,5,Delivered
O010873,C00380,2024-08-29,Express,15,Delivered
O010874,C01206,2024-12-01,Express,5,Delivered
O010875,C00280,2024-02-25,Express,0,Delivered
O010876,C01450,2024-01-08,Standard,10,Delivered
O010877,C01063,2024-05-30,Same Day,15,Delivered
O010878,C00834,2024-04-17,Express,10,Delivered
O010879,C00790,2023-11-17,Express,5,Delivered
O010880,C00548,2024-11-16,Standard,15,Cancelled
O010881,C00038,2024-01-21,Standard,0,Delivered
O010882,C01388,2024-09-02,Standard,10,Delivered
O010883,C01191,2024-10-19,Express,30,Delivered
O010884,C00209,2023-04-10,Standard,15,Delivered
O010885,C00192,2023-12-23,Standard,0,Delivered
O010886,C00447,2024-11-09,Standard,20,Delivered
O010887,C01128,2023-12-12,Standard,0,Delivered
O010888,C00759,2024-04-02,Express,5,Delivered
O010889,C00955,2024-10-31,Express,10,Delivered
O010890,C00019,2023-11-14,Same Day,0,Delivered
O010891,C01398,2024-11-10,Standard,0,Delivered
O010892,C00247,2023-12-13,Standard,5,Delivered
O010893,C00468,2024-04-25,Standard,0,Delivered
O010894,C01422,2024-02-20,Express,5,Delivered
O010895,C01085,2024-03-01,,10,Delivered
O010896,C00763,2023-02-20,Standard,10,Delivered
O010897,C01306,2023-03-08,Standard,20,Delivered
O010898,C00097,2023-12-06,Same Day,20,Delivered
O010899,C00123,2023-12-24,Standard,20,Delivered
O010900,C00230,2024-05-12,Standard,5,Delivered
O010901,C00397,2023-05-24,Standard,0,Returned
O010902,C01049,2023-12-21,Standard,10,Delivered
O010903,C00790,2023-10-29,Standard,20,Delivered
O010904,C00649,2023-12-23,Express,15,Delivered
O010905,C01163,2023-08-25,Express,10,Delivered
O010906,C00466,2023-05-18,Standard,15,Delivered
O010907,C00137,2024-04-28,Express,5,Delivered
O010908,C00605,2024-08-18,Standard,5,Cancelled
O010909,C01135,2024-07-06,Standard,0,Delivered
O010910,C00721,2024-02-15,Standard,10,Delivered
O010911,C01471,2024-10-22,Standard,0,Delivered
O010912,C01291,2024-05-09,Same Day,0,Delivered
O010913,C01182,2024-05-12,Standard,0,Delivered
O010914,C01152,2023-07-27,Standard,5,Delivered
O010915,C00861,2023-10-17,Express,5,Delivered
O010916,C01367,2024-01-17,Standard,15,Delivered
O010917,C00871,2023-08-17,Standard,20,Delivered
O010918,C00562,2024-07-08,Standard,0,Delivered
O010919,C00294,2023-10-24,Standard,0,Delivered
O010920,C01228,2024-03-12,Standard,0,Delivered
O010921,C00562,2023-08-22,Express,0,Returned
O010922,C01182,2023-12-25,Standard,10,Delivered
O010923,C01479,2023-12-22,Standard,10,Delivered
O010924,C00609,2023-01-04,Express,0,Returned
O010925,C00503,2024-03-14,Standard,10,Delivered
O010926,C00255,2023-10-03,Standard,15,Delivered
O010927,C00723,2024-03-22,Standard,0,Delivered
O010928,C00955,2024-11-28,Standard,20,Delivered
O010929,C00453,2024-10-29,Standard,0,Delivered
O010930,C00730,2024-04-11,Standard,0,Delivered
O010931,C00799,2023-12-08,Standard,5,Delivered
O010932,C00416,2024-07-16,Standard,0,Delivered
O010933,C00042,2024-11-22,Express,0,Delivered
O010934,C00323,2024-01-29,Standard,0,Delivered
O010935,C01202,2023-04-11,Standard,0,Delivered
O010936,C00418,2024-09-03,Standard,10,Delivered
O010937,C00036,2023-01-11,Standard,0,Delivered
O010938,C00645,2024-09-02,Standard,0,Delivered
O010939,C01007,2023-07-04,Standard,10,Delivered
O010940,C01110,2023-04-18,Standard,10,Returned
O010941,C00626,2024-09-13,Same Day,10,Delivered
O010942,C00850,2024-07-09,Express,5,Delivered
O010943,C01098,2024-03-30,Standard,20,Delivered
O010944,C01342,2024-10-06,Express,0,Returned
O010945,C00932,2024-10-21,Standard,15,Delivered
O010946,C01013,2024-01-03,Express,5,Delivered
O010947,C00154,2024-12-30,Express,20,delivered
O010948,C00636,2023-11-05,Express,0,Delivered
O010949,C01341,2024-03-05,Standard,20,Delivered
O010950,C00238,2024-10-18,Express,15,Delivered
O010951,C00451,2023-12-11,Standard,0,Delivered
O010952,C00993,2024-11-01,Express,5,Delivered
O010953,C01372,2023-03-04,Standard,0,Delivered
O010954,C00093,2023-04-23,Standard,0,Delivered
O010955,C01318,2024-03-02,Standard,5,Cancelled
O010956,C00335,2024-05-02,Standard,5,Returned
O010957,C01301,2024-10-12,Standard,5,Delivered
O010958,C01342,2023-11-29,Standard,0,Delivered
O010959,C01153,2023-04-03,Standard,0,delivered
O010960,C01398,2023-11-14,Standard,0,Delivered
O010961,C01447,2023-10-31,Standard,0,Delivered
O010962,C01399,2024-06-03,Standard,5,Delivered
O010963,C00763,2024-06-09,Same Day,0,Delivered
O010964,C00697,2024-03-05,Standard,15,Delivered
O010965,C00164,2023-12-10,Express,10,Delivered
O010966,C00323,2024-06-02,Standard,30,Cancelled
O010967,C00955,2023-09-04,Standard,0,Delivered
O010968,C00198,2023-12-01,Standard,0,Delivered
O010969,C01416,2024-05-11,Standard,0,Delivered
O010970,C00341,2023-11-29,Same Day,0,Returned
O010971,C00140,2023-02-08,Standard,20,Delivered
O010972,C00353,2023-08-05,Standard,10,Delivered
O010973,C00080,2024-09-09,Express,30,Delivered
O010974,C00250,2023-08-26,Express,20,Cancelled
O010975,C00868,2024-10-05,Express,5,Delivered
O010976,C00426,2024-01-10,Standard,5,Cancelled
O010977,C01201,2024-01-15,Same Day,0,Delivered
O010978,C00615,2024-09-06,Standard,10,Delivered
O010979,C01057,2023-11-19,Standard,10,Delivered
O010980,C01049,2023-12-21,Express,0,Delivered
O010981,C00210,2023-07-31,Same Day,20,Returned
O010982,C00092,2024-06-25,Same Day,15,Delivered
O010983,C01281,2024-01-13,Standard,20,Delivered
O010984,C01025,2024-10-01,Express,0,Delivered
O010985,C00265,2024-01-03,Standard,15,Delivered
O010986,C00996,2023-12-06,Express,10,Delivered
O010987,C00489,2023-10-04,Express,0,Delivered
O010988,C00092,2024-05-27,Standard,0,Delivered
O010989,C00343,2024-10-11,Standard,0,Delivered
O010990,C01118,2023-07-15,Express,0,Delivered
O010991,C00594,2024-11-13,Standard,10,Delivered
O010992,C00815,2023-01-27,Same Day,15,Delivered
O010993,C00210,2024-02-26,Express,30,Delivered
O010994,C00145,2023-03-01,Express,0,Delivered
O010995,C00356,2024-09-12,Standard,10,Delivered
O010996,C00721,2024-02-15,Express,0,Delivered
O010997,C01283,2024-04-03,Express,0,Delivered
O010998,C01129,2024-11-19,Standard,15,Delivered
O010999,C00236,2024-06-07,Standard,20,Delivered
O011000,C00117,2024-01-30,Express,30,Delivered
O011001,C00340,2024-09-23,Standard,5,Delivered
O011002,C01288,2023-12-23,Standard,10,Delivered
O011003,C00768,2023-05-17,Standard,5,Delivered
O011004,C01206,2024-01-26,Standard,10,Delivered
O011005,C00559,2024-10-02,Standard,0,Returned
O011006,C00871,2023-12-16,Standard,0,Delivered
O011007,C00874,2024-08-28,Standard,30,Delivered
O011008,C00914,2024-07-21,Express,0,Delivered
O011009,C00716,2024-01-02,Standard,20,Delivered
O011010,C00356,2023-10-18,Standard,0,Delivered
O011011,C00651,2024-08-06,Standard,15,Delivered
O011012,C01469,2024-03-24,Standard,20,Delivered
O011013,C00410,2024-04-15,Express,0,Delivered
O011014,C01072,2023-12-17,Express,5,Delivered
O011015,C01418,2024-11-02,Express,15,Delivered
O011016,C00846,2023-09-23,Standard,0,Delivered
O011017,C00733,2023-08-15,Standard,0,Delivered
O011018,C00190,2023-05-14,Express,0,Delivered
O011019,C01116,2024-04-13,Same Day,0,Delivered
O011020,C01388,2024-12-19,Same Day,0,Delivered
O011021,C01477,2024-05-13,Same Day,0,Delivered
O011022,C00302,2024-08-08,Standard,0,Delivered
O011023,C01395,2024-09-07,Express,30,Delivered
O011024,C00561,2023-11-03,Standard,0,Delivered
O011025,C00904,2024-09-24,Standard,0,Delivered
O011026,C00336,2024-12-11,Express,15,Delivered
O011027,C00372,2024-08-17,Standard,15,delivered
O011028,C00904,2024-07-26,Standard,5,Cancelled
O011029,C00730,2023-12-17,Standard,5,Delivered
O011030,C01453,2024-10-16,Standard,0,delivered
O011031,C00397,2023-05-24,Standard,30,Delivered
O011032,C01322,2024-08-22,Standard,15,Delivered
O011033,C00693,2024-01-16,Standard,0,Cancelled
O011034,C00208,2024-04-03,Standard,5,Delivered
O011035,C00356,2024-11-09,Express,10,Delivered
O011036,C01118,2024-05-04,Standard,15,Delivered
O011037,C01254,2024-03-07,Express,0,Delivered
O011038,C00067,2024-08-03,Standard,30,Delivered
O011039,C00619,2024-11-25,Express,15,Delivered
O011040,C00747,2024-06-01,Same Day,5,Delivered
O011041,C00897,2024-10-26,Same Day,5,Delivered
O011042,C00954,2024-10-09,Standard,5,Delivered
O011043,C01261,2024-10-26,Express,15,Delivered
O011044,C00412,2023-10-29,Standard,5,Delivered
O011045,C00172,2024-01-16,Same Day,15,Delivered
O011046,C00280,2024-10-19,Standard,15,Delivered
O011047,C01410,2024-11-17,Standard,10,Delivered
O011048,C00820,2023-05-26,Standard,0,Delivered
O011049,C00334,2023-06-28,Express,5,Delivered
O011050,C01174,2023-10-31,Express,0,Delivered
O011051,C00867,2024-09-05,Standard,0,Delivered
O011052,C00554,2024-11-01,Standard,10,Delivered
O011053,C00037,2024-04-14,Express,5,Delivered
O011054,C01163,2023-07-18,Same Day,0,Delivered
O011055,C01066,2023-10-06,Standard,10,delivered
O011056,C00397,2024-10-24,Express,0,Delivered
O011057,C00397,2023-10-31,Standard,20,Delivered
O011058,C00410,2024-04-15,Standard,10,Delivered
O011059,C00977,2023-12-13,Standard,0,Delivered
O011060,C00432,2024-09-29,Express,20,Delivered
O011061,C00451,2024-02-01,Standard,0,Delivered
O011062,C00570,2023-06-18,Express,0,Delivered
O011063,C01474,2023-10-12,Standard,5,Delivered
O011064,C00693,2024-12-07,Standard,0,Delivered
O011065,C00574,2023-12-17,Standard,15,Delivered
O011066,C00716,2023-12-23,Express,20,Delivered
O011067,C01067,2023-06-01,Standard,15,Delivered
O011068,C01333,2023-10-07,,5,Delivered
O011069,C01493,2024-10-03,Standard,0,Delivered
O011070,C00730,2024-09-16,Standard,0,Delivered
O011071,C00693,2024-01-16,Standard,0,Delivered
O011072,C00489,2024-11-09,Standard,20,Delivered
O011073,C01157,2023-11-17,Standard,0,Delivered
O011074,C00955,2024-10-27,,0,Delivered
O011075,C00548,2023-10-01,Standard,10,Delivered
O011076,C00773,2024-05-18,Standard,10,Delivered
O011077,C00310,2024-10-23,Standard,30,Returned
O011078,C01015,2024-11-13,Standard,30,Delivered
O011079,C00380,2024-08-27,Standard,5,Delivered
O011080,C00522,2024-06-24,Standard,20,Delivered
O011081,C00107,2024-10-04,Express,30,Delivered
O011082,C00334,2024-07-23,Express,15,Delivered
O011083,C00294,2023-10-24,Standard,20,Delivered
O011084,C01088,2024-01-10,Standard,10,Returned
O011085,C01015,2024-06-16,Standard,0,Delivered
O011086,C00802,2024-04-20,Standard,15,Cancelled
O011087,C00586,2024-11-06,Standard,0,Delivered
O011088,C01343,2024-01-31,Same Day,20,Delivered
O011089,C01333,2023-06-24,Standard,5,Delivered
O011090,C00882,2023-07-29,Same Day,5,Delivered
O011091,C00957,2024-10-18,Standard,15,Delivered
O011092,C01195,2023-10-31,Standard,5,Delivered
O011093,C01070,2024-10-29,Standard,0,Delivered
O011094,C00338,2023-02-26,Standard,15,Delivered
O011095,C00759,2023-11-23,Standard,0,Delivered
O011096,C00226,2024-09-25,Same Day,15,Returned
O011097,C01216,2023-12-02,Standard,20,Delivered
O011098,C00955,2024-10-07,Same Day,5,Delivered
O011099,C01473,2023-04-12,Express,10,Delivered
O011100,C00210,2024-02-17,Express,0,Delivered
O011101,C00763,2024-04-16,Same Day,15,Delivered
O011102,C01072,2024-11-08,Standard,5,Delivered
O011103,C01312,2023-04-06,Express,0,Delivered
O011104,C01289,2023-10-26,Express,20,Returned
O011105,C00302,2024-06-15,Standard,5,Delivered
O011106,C01477,2024-12-21,Express,15,Delivered
O011107,C01477,2024-10-19,Same Day,5,Delivered
O011108,C01463,2024-10-19,Same Day,20,Delivered
O011109,C00896,2024-02-22,Standard,10,Delivered
O011110,C01263,2024-04-01,Standard,10,Delivered
O011111,C00122,2024-10-24,Standard,0,Delivered
O011112,C00383,2024-10-30,Express,10,Delivered
O011113,C00144,2024-09-26,Standard,5,Delivered
O011114,C00761,2024-10-05,Express,10,Returned
O011115,C01454,2024-11-03,Standard,15,Delivered
O011116,C00950,2023-05-13,Same Day,10,Delivered
O011117,C00693,2024-01-16,Express,5,Delivered
O011118,C01188,2024-12-19,Standard,15,Returned
O011119,C00827,2024-03-16,Standard,10,Returned
O011120,C00685,2023-06-23,Express,15,Delivered
O011121,C00916,2024-03-23,Standard,20,Cancelled
O011122,C00763,2024-06-04,Standard,0,Delivered
O011123,C00937,2024-10-10,Same Day,5,Delivered
O011124,C01202,2024-10-02,Express,0,Returned
O011125,C00696,2023-06-15,Same Day,10,Delivered
O011126,C00626,2023-12-31,Standard,5,Delivered
O011127,C00838,2023-01-21,Express,10,Delivered
O011128,C01379,2024-11-07,Same Day,0,Delivered
O011129,C00641,2023-06-21,Express,10,Cancelled
O011130,C01285,2024-05-19,Same Day,0,Delivered
O011131,C00899,2024-04-24,Express,5,Delivered
O011132,C00035,2024-05-20,Standard,5,Delivered
O011133,C00723,2024-03-31,Standard,10,Cancelled
O011134,C00314,2024-07-29,Express,5,Delivered
O011135,C00224,2024-05-20,Express,10,Delivered
O011136,C00353,2023-04-02,Express,0,Delivered
O011137,C01056,2023-11-10,Standard,10,Delivered
O011138,C00915,2024-03-18,Express,5,delivered
O011139,C00798,2023-10-19,Express,0,Delivered
O011140,C00749,2024-08-30,Standard,15,Delivered
O011141,C00589,2023-10-15,Standard,30,Delivered
O011142,C01335,2024-10-10,Same Day,0,Delivered
O011143,C01406,2023-06-01,Standard,0,Returned
O011144,C01131,2024-09-05,Standard,15,Delivered
O011145,C00426,2023-12-13,Standard,30,Delivered
O011146,C01388,2024-03-02,Standard,5,Delivered
O011147,C01241,2023-10-16,Express,15,Delivered
O011148,C00196,2024-05-29,Same Day,0,Delivered
O011149,C00505,2023-07-27,Express,0,Returned
O011150,C00487,2024-09-22,Express,0,Delivered
O011151,C01081,2024-04-09,Express,10,Returned
O011152,C00779,2024-12-09,Standard,10,Delivered
O011153,C00404,2024-07-26,Standard,10,Delivered
O011154,C00346,2024-05-06,Standard,0,Delivered
O011155,C00685,2024-10-10,Standard,0,Delivered
O011156,C00969,2023-08-02,Standard,5,Cancelled
O011157,C00762,2024-05-25,Express,5,Delivered
O011158,C00395,2023-11-23,Standard,5,Returned
O011159,C00905,2024-08-18,Standard,10,Delivered
O011160,C01500,2023-01-25,Standard,5,Delivered
O011161,C00267,2023-12-14,Same Day,15,Delivered
O011162,C00787,2024-06-09,Standard,15,Delivered
O011163,C00568,2024-01-05,Express,0,Delivered
O011164,C00331,2023-08-18,Standard,20,Returned
O011165,C01321,2024-01-08,Standard,5,Cancelled
O011166,C01439,2024-10-20,Standard,5,Delivered
O011167,C00524,2023-09-19,Standard,10,Delivered
O011168,C00520,2023-11-10,Standard,30,Delivered
O011169,C00143,2024-12-26,Standard,0,Delivered
O011170,C00900,2024-11-18,Express,0,Delivered
O011171,C00044,2023-10-31,Standard,15,Delivered
O011172,C00749,2024-03-04,Standard,5,Delivered
O011173,C00228,2023-08-14,Standard,15,Returned
O011174,C00979,2024-11-23,Express,5,Delivered
O011175,C01404,2023-12-23,,30,Delivered
O011176,C00140,2023-12-09,Standard,0,Delivered
O011177,C01156,2023-09-15,Express,20,Delivered
O011178,C01261,2024-04-05,Standard,15,Delivered
O011179,C00267,2023-09-15,Standard,30,Delivered
O011180,C01398,2024-09-24,Standard,0,Cancelled
O011181,C00905,2024-01-30,Same Day,5,Delivered
O011182,C00797,2024-04-03,Express,0,Delivered
O011183,C00977,2024-10-16,Standard,15,Delivered
O011184,C00426,2023-12-13,Standard,0,Cancelled
O011185,C00042,2023-06-22,Standard,5,Delivered
O011186,C00665,2023-12-10,Standard,0,Delivered
O011187,C01096,2024-09-16,Same Day,10,Delivered
O011188,C01394,2023-03-01,Standard,10,Delivered
O011189,C00652,2024-09-22,Standard,0,Returned
O011190,C00397,2024-02-07,Standard,10,Delivered
O011191,C00206,2024-05-13,Express,0,Delivered
O011192,C01408,2024-04-01,Standard,30,Delivered
O011193,C00346,2023-10-02,Standard,20,Delivered
O011194,C01388,2023-08-27,Standard,0,Cancelled
O011195,C00276,2024-08-26,Standard,0,Delivered
O011196,C00037,2023-12-05,Standard,10,Delivered
O011197,C00336,2024-03-29,Same Day,15,Delivered
O011198,C00746,2024-12-02,Express,20,Cancelled
O011199,C00520,2023-02-16,Express,5,Returned
O011200,C01381,2023-12-28,Standard,5,Delivered
O011201,C00815,2023-11-07,Standard,0,Delivered
O011202,C00183,2023-04-18,Express,0,Delivered
O011203,C00913,2024-12-05,Standard,30,Cancelled
O011204,C00589,2024-12-11,Express,20,Delivered
O011205,C00993,2023-10-11,Standard,5,Delivered
O011206,C01174,2024-12-03,Standard,0,Delivered
O011207,C01486,2024-02-10,Standard,10,Delivered
O011208,C00857,2024-12-21,Express,5,Delivered
O011209,C00554,2024-10-14,Same Day,15,Delivered
O011210,C00655,2023-07-29,Standard,10,Delivered
O011211,C00614,2024-04-30,Standard,10,Returned
O011212,C00678,2024-09-24,Express,5,Delivered
O011213,C00047,2023-10-15,Express,10,Delivered
O011214,C00371,2024-06-10,Standard,10,Delivered
O011215,C01490,2024-05-22,Same Day,10,Delivered
O011216,C01403,2023-05-26,Express,10,Delivered
O011217,C00079,2023-06-04,Standard,20,Delivered
O011218,C01473,2023-08-27,Standard,0,Delivered
O011219,C01185,2024-08-16,Standard,0,Cancelled
O011220,C00008,2023-11-10,Express,0,Delivered
O011221,C01388,2024-02-13,Standard,10,Delivered
O011222,C01445,2023-09-01,Same Day,0,Delivered
O011223,C00916,2024-03-23,Express,5,Delivered
O011224,C01176,2024-06-08,Express,0,Delivered
O011225,C00494,2023-04-20,Standard,20,Delivered
O011226,C00850,2024-06-22,Standard,10,Delivered
O011227,C01082,2024-03-10,Same Day,0,Delivered
O011228,C00842,2024-06-25,Standard,5,Delivered
O011229,C00442,2023-11-18,Same Day,0,Delivered
O011230,C00950,2024-10-18,Standard,15,Delivered
O011231,C01274,2024-01-10,Express,20,Delivered
O011232,C01273,2024-11-09,Standard,15,Delivered
O011233,C00207,2023-09-28,Standard,5,Delivered
O011234,C00667,2023-02-12,Standard,20,Delivered
O011235,C00063,2024-03-31,Same Day,0,Delivered
O011236,C00922,2023-08-06,Standard,10,Delivered
O011237,C00366,2024-01-04,Standard,5,Delivered
O011238,C01405,2024-09-26,Express,5,Delivered
O011239,C00901,2024-09-19,Express,0,Delivered
O011240,C00612,2024-05-01,Express,0,Delivered
O011241,C01082,2024-12-20,Standard,15,Cancelled
O011242,C00310,2024-01-08,Standard,10,Delivered
O011243,C00142,2023-02-09,Standard,20,Delivered
O011244,C00138,2024-10-06,Same Day,10,Delivered
O011245,C00863,2023-08-04,Same Day,0,Cancelled
O011246,C01341,2024-03-05,Express,0,Delivered
O011247,C00336,2023-03-13,Standard,10,Delivered
O011248,C01125,2023-10-20,Same Day,0,Delivered
O011249,C00062,2023-12-12,Standard,0,Delivered
O011250,C00534,2023-10-06,Standard,5,Delivered
O011251,C00955,2024-04-25,Standard,10,Delivered
O011252,C01254,2024-08-24,Express,10,Returned
O011253,C01416,2024-11-29,Standard,0,Delivered
O011254,C00922,2023-04-06,Standard,20,Delivered
O011255,C00696,2023-06-15,Express,30,Cancelled
O011256,C00096,2024-04-22,Express,15,Delivered
O011257,C00416,2023-04-10,Standard,0,Delivered
O011258,C01398,2023-11-12,Standard,15,Delivered
O011259,C00863,2024-05-19,Express,5,Delivered
O011260,C00507,2024-09-12,Standard,0,Delivered
O011261,C00372,2023-08-01,Standard,10,Delivered
O011262,C00175,2024-06-22,Same Day,30,Cancelled
O011263,C01109,2024-06-04,Express,5,Returned
O011264,C00623,2024-10-25,Standard,0,Delivered
O011265,C01410,2023-10-12,Standard,0,Delivered
O011266,C00681,2024-08-23,Express,10,Delivered
O011267,C01239,2024-08-24,Standard,15,Delivered
O011268,C00206,2024-05-13,Express,0,Delivered
O011269,C00225,2024-05-17,Express,0,Delivered
O011270,C00411,2024-06-28,Standard,20,Returned
O011271,C00288,2023-09-16,Standard,20,Delivered
O011272,C01471,2023-12-30,Standard,20,Delivered
O011273,C01213,2023-12-20,Express,0,Delivered
O011274,C00520,2024-09-08,Express,20,Delivered
O011275,C00773,2024-05-18,Express,0,Delivered
O011276,C00794,2024-02-07,Standard,5,Returned
O011277,C00890,2024-03-02,Standard,5,Delivered
O011278,C00161,2024-06-05,Express,30,Delivered
O011279,C00521,2024-07-02,Standard,0,Delivered
O011280,C00137,2024-02-08,Same Day,30,Delivered
O011281,C01394,2024-03-14,Standard,30,Delivered
O011282,C00614,2023-10-13,Standard,20,Delivered
O011283,C01077,2024-01-01,Express,5,Delivered
O011284,C01395,2024-08-19,Express,5,Delivered
O011285,C00450,2023-05-12,Standard,0,Delivered
O011286,C00140,2024-09-06,Standard,5,Delivered
O011287,C00497,2024-06-12,Express,0,Delivered
O011288,C00977,2024-11-05,Standard,10,Delivered
O011289,C00753,2023-09-05,Standard,15,Delivered
O011290,C00122,2024-02-12,Express,20,Delivered
O011291,C00112,2023-03-22,Standard,5,Delivered
O011292,C01024,2024-11-18,Express,5,Cancelled
O011293,C01089,2024-06-28,Standard,5,Delivered
O011294,C00170,2024-05-18,Express,20,Delivered
O011295,C01190,2024-08-11,Standard,0,Delivered
O011296,C00515,2023-12-30,Standard,0,Returned
O011297,C00108,2024-05-03,Standard,0,Delivered
O011298,C00494,2024-09-26,Standard,15,Delivered
O011299,C01081,2023-04-02,Express,5,Delivered
O011300,C00956,2024-12-10,Standard,30,Delivered
O011301,C00726,2024-11-09,Standard,30,Delivered
O011302,C00418,2024-12-12,Same Day,20,Delivered
O011303,C00630,2024-09-30,Standard,5,Delivered
O011304,C00576,2023-10-01,Standard,20,Delivered
O011305,C00590,2024-04-15,Standard,5,Delivered
O011306,C00734,2023-09-17,Express,5,Delivered
O011307,C00681,2024-08-25,Standard,5,Delivered
O011308,C00159,2023-11-27,Standard,10,Delivered
O011309,C00426,2024-10-28,Express,0,Delivered
O011310,C00202,2024-05-07,Standard,5,Delivered
O011311,C00880,2023-06-21,Express,30,Delivered
O011312,C00641,2023-03-14,Standard,0,Delivered
O011313,C00978,2024-07-26,Standard,0,Returned
O011314,C00140,2023-07-02,Standard,20,Returned
O011315,C00515,2023-12-30,Standard,15,Delivered
O011316,C00272,2023-11-16,Standard,0,Delivered
O011317,C00144,2024-05-17,Standard,5,Delivered
O011318,C01152,2024-11-30,Standard,0,Delivered
O011319,C00206,2024-05-13,Same Day,0,Delivered
O011320,C00265,2023-09-05,Same Day,0,Delivered
O011321,C00554,2023-06-17,Standard,0,Delivered
O011322,C00430,2023-01-19,Standard,10,Delivered
O011323,C01394,2023-11-09,Same Day,0,Delivered
O011324,C01491,2023-04-22,Standard,0,Delivered
O011325,C00637,2023-01-27,Standard,0,returned
O011326,C00302,2023-04-15,Express,0,Delivered
O011327,C00751,2023-10-16,Standard,10,Delivered
O011328,C00749,2024-08-23,Standard,10,Delivered
O011329,C00703,2023-04-18,Express,30,Delivered
O011330,C00038,2024-06-30,Standard,0,Delivered
O011331,C00199,2024-05-16,Express,0,Delivered
O011332,C00217,2024-11-04,Same Day,10,Delivered
O011333,C00528,2023-06-30,Standard,0,Delivered
O011334,C00861,2024-09-21,Express,5,Delivered
O011335,C01321,2024-10-27,Standard,10,Delivered
O011336,C00336,2024-12-19,Same Day,5,Delivered
O011337,C01151,2024-10-01,Standard,5,Delivered
O011338,C00341,2023-05-05,Standard,5,Returned
O011339,C00049,2024-12-03,Express,5,Delivered
O011340,C00951,2024-10-04,Same Day,0,Delivered
O011341,C00321,2023-11-30,Express,0,Delivered
O011342,C01394,2023-06-12,Express,10,Delivered
O011343,C01407,2024-11-28,Same Day,0,Delivered
O011344,C00164,2023-06-03,Standard,0,Delivered
O011345,C00294,2024-09-10,Express,5,Delivered
O011346,C00314,2023-11-30,Standard,5,Delivered
O011347,C01388,2024-08-04,Standard,0,Delivered
O011348,C00123,2023-12-24,Standard,20,Delivered
O011349,C01108,2024-08-05,Same Day,0,Delivered
O011350,C00426,2024-02-17,Standard,20,Delivered
O011351,C00863,2024-11-12,Standard,30,Returned
O011352,C00267,2023-09-15,Standard,0,Cancelled
O011353,C01206,2023-04-21,Standard,0,Cancelled
O011354,C00977,2023-12-13,Standard,0,Delivered
O011355,C00038,2023-03-22,Standard,15,Delivered
O011356,C00354,2024-12-21,Express,30,Delivered
O011357,C00703,2023-05-04,Express,10,Delivered
O011358,C00789,2023-07-16,Express,20,Delivered
O011359,C01255,2024-10-01,Standard,15,Delivered
O011360,C00586,2023-08-25,Express,10,Delivered
O011361,C01401,2023-11-02,Standard,20,Delivered
O011362,C00294,2024-06-25,Standard,5,Delivered
O011363,C01296,2023-11-27,Standard,5,Cancelled
O011364,C01378,2024-10-13,Standard,10,Delivered
O011365,C00914,2024-05-30,Standard,10,Delivered
O011366,C01460,2023-11-13,Standard,5,Delivered
O011367,C00620,2024-04-29,Express,5,Delivered
O011368,C01024,2024-10-28,Express,0,Delivered
O011369,C00029,2023-11-09,Standard,0,Delivered
O011370,C00414,2024-08-13,Standard,5,Delivered
O011371,C00847,2023-12-07,Express,5,Delivered
O011372,C01321,2024-03-15,Standard,0,Delivered
O011373,C01431,2024-08-11,Standard,0,Cancelled
O011374,C00860,2024-01-10,Express,0,Delivered
O011375,C01291,2024-01-01,Standard,20,Delivered
O011376,C01197,2023-04-07,Standard,10,Delivered
O011377,C01152,2024-08-05,Standard,0,Cancelled
O011378,C00172,2024-05-06,Standard,10,Delivered
O011379,C00724,2023-10-20,Standard,5,Delivered
O011380,C00730,2023-03-19,Express,10,Delivered
O011381,C01176,2024-11-23,Standard,15,Delivered
O011382,C00867,2023-10-13,Standard,5,Delivered
O011383,C01242,2023-09-17,Express,0,Delivered
O011384,C01435,2023-04-13,Standard,15,Delivered
O011385,C00831,2024-04-12,Same Day,0,Delivered
O011386,C01185,2023-09-09,Standard,20,Delivered
O011387,C00842,2024-10-17,Standard,20,Delivered
O011388,C00913,2024-07-04,Express,0,Delivered
O011389,C00723,2023-01-04,Same Day,15,Delivered
O011390,C01443,2024-04-02,Express,20,Delivered
O011391,C01239,2023-08-12,Express,20,Delivered
O011392,C01110,2023-01-16,Express,0,Delivered
O011393,C00489,2024-05-15,Standard,0,Delivered
O011394,C00730,2023-07-20,Express,5,Delivered
O011395,C01306,2024-11-12,Standard,10,Returned
O011396,C01409,2024-04-09,Standard,0,Returned
O011397,C01500,2023-07-24,Standard,0,Delivered
O011398,C01087,2024-12-20,Standard,5,Delivered
O011399,C01082,2024-03-18,Standard,0,Delivered
O011400,C00148,2023-10-14,Standard,5,Delivered
O011401,C01109,2024-02-22,Standard,0,Delivered
O011402,C00520,2024-12-10,Express,5,Delivered
O011403,C01306,2023-12-12,Standard,10,Delivered
O011404,C00032,2023-12-13,Standard,5,Delivered
O011405,C01407,2024-06-07,Express,0,Delivered
O011406,C00726,2023-09-20,Standard,5,Delivered
O011407,C00198,2023-06-09,Standard,0,Returned
O011408,C00880,2024-04-13,Same Day,0,Delivered
O011409,C01013,2024-11-10,Express,10,Delivered
O011410,C01160,2024-08-13,Standard,10,Delivered
O011411,C01028,2024-05-24,Standard,0,Returned
O011412,C00831,2023-11-28,Standard,30,Delivered
O011413,C00128,2024-03-05,Standard,15,Delivered
O011414,C01306,2023-10-09,Standard,20,Returned
O011415,C01479,2024-06-23,Standard,5,Delivered
O011416,C01156,2023-09-28,Same Day,5,Delivered
O011417,C00052,2024-10-16,Express,10,Delivered
O011418,C01118,2024-01-19,Express,10,Delivered
O011419,C00408,2024-06-23,Express,10,Delivered
O011420,C01451,2024-11-05,Express,5,Delivered
O011421,C00098,2024-07-04,Standard,0,Delivered
O011422,C00144,2024-11-11,Express,15,Delivered
O011423,C00272,2024-09-30,Express,5,Delivered
O011424,C01116,2024-04-13,Express,10,Delivered
O011425,C00954,2024-01-15,Standard,5,Delivered
O011426,C01078,2023-10-03,Standard,5,Delivered
O011427,C00536,2024-11-01,Standard,10,Delivered
O011428,C01324,2024-03-28,Standard,10,Delivered
O011429,C00672,2024-11-30,Express,0,Delivered
O011430,C00208,2023-11-16,Same Day,0,Delivered
O011431,C01139,2024-08-15,Express,0,Delivered
O011432,C00788,2023-10-21,Standard,10,Returned
O011433,C00873,2024-12-07,Standard,5,Delivered
O011434,C00584,2023-10-11,Standard,0,Delivered
O011435,C01052,2023-11-03,Standard,0,Delivered
O011436,C00056,2024-10-29,Standard,15,Delivered
O011437,C00743,2023-09-16,Standard,0,Delivered
O011438,C00650,2023-09-17,Standard,5,Delivered
O011439,C01102,2024-11-12,Standard,5,Cancelled
O011440,C00400,2024-10-11,Standard,5,Returned
O011441,C00352,2023-04-17,Express,0,Delivered
O011442,C00472,2024-04-14,Same Day,10,Delivered
O011443,C00725,2023-08-05,Express,0,Delivered
O011444,C00313,2023-07-29,Standard,10,Delivered
O011445,C01007,2024-05-12,Standard,5,Delivered
O011446,C00492,2023-05-16,Standard,5,Returned
O011447,C00637,2024-01-13,Express,5,Delivered
O011448,C00834,2023-09-01,Express,30,Delivered
O011449,C00572,2024-10-22,Express,0,Delivered
O011450,C01025,2024-03-24,Standard,0,Delivered
O011451,C00956,2024-03-29,Same Day,5,Delivered
O011452,C01121,2024-11-24,Express,5,Returned
O011453,C00778,2024-10-07,Standard,0,Returned
O011454,C00554,2023-09-09,Standard,20,Delivered
O011455,C00302,2024-12-11,Standard,0,Delivered
O011456,C00656,2024-02-03,Standard,20,Delivered
O011457,C01321,2023-09-30,Standard,5,Delivered
O011458,C00190,2023-11-20,Express,10,Delivered
O011459,C00323,2023-06-12,Standard,10,Delivered
O011460,C00969,2024-07-07,Express,0,Delivered
O011461,C00856,2024-03-26,Standard,5,Delivered
O011462,C01388,2024-11-10,Same Day,0,Delivered
O011463,C00046,2023-08-20,Standard,0,Cancelled
O011464,C01323,2024-04-02,Same Day,10,Delivered
O011465,C01076,2023-11-06,Standard,0,Cancelled
O011466,C01153,2023-05-25,Standard,10,Delivered
O011467,C00574,2024-12-03,Same Day,5,Delivered
O011468,C00446,2024-07-31,Standard,30,Delivered
O011469,C00036,2024-09-22,Express,20,Delivered
O011470,C01176,2024-08-21,Standard,0,Delivered
O011471,C00241,2023-08-22,Standard,15,Delivered
O011472,C00341,2023-05-20,Express,0,Delivered
O011473,C00417,2023-12-16,Standard,5,Delivered
O011474,C01318,2024-10-10,Express,15,Returned
O011475,C00426,2023-12-13,Standard,0,Returned
O011476,C00648,2023-12-23,Express,10,Delivered
O011477,C01102,2024-06-16,Express,0,Delivered
O011478,C01351,2023-12-07,Standard,20,Delivered
O011479,C01183,2024-03-15,Standard,5,Delivered
O011480,C00797,2023-01-15,Express,0,Delivered
O011481,C00007,2024-02-14,Standard,0,Delivered
O011482,C00234,2023-11-24,Express,10,Delivered
O011483,C00381,2024-11-03,Same Day,10,Delivered
O011484,C00626,2024-08-03,Standard,10,Cancelled
O011485,C00547,2023-09-14,Standard,5,Delivered
O011486,C00765,2024-09-18,Same Day,5,Delivered
O011487,C00623,2024-09-19,Same Day,10,Delivered
O011488,C01076,2024-06-18,Standard,0,Delivered
O011489,C00086,2024-11-25,Express,0,Delivered
O011490,C01498,2024-09-27,Standard,0,Delivered
O011491,C01281,2023-08-04,Express,15,Delivered
O011492,C00496,2023-12-23,Standard,5,Delivered
O011493,C00605,2023-11-01,Standard,0,Delivered
O011494,C01452,2024-02-11,Standard,20,Delivered
O011495,C01409,2024-12-07,Standard,5,Delivered
O011496,C00599,2024-05-12,Standard,0,Delivered
O011497,C00093,2023-10-12,Standard,5,Delivered
O011498,C01490,2024-11-30,Same Day,20,Delivered
O011499,C00955,2024-07-17,Standard,15,Delivered
O011500,C01013,2023-10-31,Express,10,Delivered
O011501,C00413,2024-11-15,Standard,15,Delivered
O011502,C01241,2023-10-29,Same Day,5,Delivered
O011503,C00834,2024-02-21,Standard,15,Delivered
O011504,C00716,2024-01-20,Standard,15,Delivered
O011505,C01093,2024-11-22,Express,0,Delivered
O011506,C00562,2023-09-09,Standard,5,Delivered
O011507,C00652,2024-02-02,Standard,0,Cancelled
O011508,C00955,2024-06-16,Standard,10,Delivered
O011509,C00930,2024-11-06,Standard,0,Delivered
O011510,C01465,2023-04-26,Standard,5,Delivered
O011511,C00845,2023-07-24,Express,30,Returned
O011512,C00473,2024-12-04,Standard,5,Delivered
O011513,C00426,2024-09-10,Standard,0,Delivered
O011514,C00796,2023-10-30,Standard,0,Delivered
O011515,C00189,2023-11-05,Standard,30,Delivered
O011516,C00868,2024-01-12,Standard,10,Delivered
O011517,C00591,2024-06-27,Standard,10,Delivered
O011518,C00529,2024-03-30,Standard,5,Delivered
O011519,C00294,2024-09-09,Same Day,5,Delivered
O011520,C00749,2023-02-25,Standard,10,Delivered
O011521,C00062,2024-10-06,Standard,15,Delivered
O011522,C00890,2024-03-02,Standard,5,Delivered
O011523,C00423,2024-11-04,Standard,0,Delivered
O011524,C01379,2023-02-13,Standard,5,Delivered
O011525,C00784,2023-09-21,Express,10,Delivered
O011526,C01160,2023-06-27,Express,0,Delivered
O011527,C01287,2023-08-16,Standard,5,Delivered
O011528,C01323,2024-04-02,Standard,0,Delivered
O011529,C01319,2024-06-12,Express,20,Delivered
O011530,C00340,2024-11-09,Standard,5,Returned
O011531,C00441,2024-02-28,Same Day,10,Delivered
O011532,C01049,2024-03-06,Standard,5,Delivered
O011533,C00801,2024-02-06,Standard,15,Delivered
O011534,C00891,2024-09-25,Standard,20,Delivered
O011535,C00993,2023-04-22,Express,0,Delivered
O011536,C00175,2023-10-05,Express,0,Delivered
O011537,C00255,2023-04-09,Express,10,Delivered
O011538,C00926,2023-07-28,Standard,10,Delivered
O011539,C00913,2024-04-19,Express,10,Delivered
O011540,C01239,2023-05-07,Same Day,5,Delivered
O011541,C01015,2023-04-12,Standard,10,Delivered
O011542,C00310,2024-10-09,Standard,10,Delivered
O011543,C00112,2023-04-30,Standard,5,Delivered
O011544,C00594,2024-05-06,Express,0,Delivered
O011545,C00562,2023-11-03,Standard,30,Delivered
O011546,C01139,2024-11-10,Standard,5,Returned
O011547,C00977,2024-07-23,Standard,0,Delivered
O011548,C01319,2023-04-28,Express,30,Delivered
O011549,C00761,2024-11-10,Standard,10,Delivered
O011550,C00426,2023-12-13,Standard,10,Delivered
O011551,C00761,2023-10-03,Express,15,Returned
O011552,C00323,2024-06-26,Standard,0,Delivered
O011553,C00096,2024-07-31,Standard,10,Delivered
O011554,C00753,2023-10-06,Standard,0,Delivered
O011555,C00625,2023-11-02,Express,15,Delivered
O011556,C00049,2023-06-04,Express,0,Delivered
O011557,C01068,2024-04-25,Express,0,Delivered
O011558,C00945,2024-12-09,Standard,0,Delivered
O011559,C00121,2023-12-07,Standard,5,Delivered
O011560,C01050,2024-12-29,Standard,0,Delivered
O011561,C00133,2024-04-02,Standard,5,Delivered
O011562,C00772,2024-09-22,Express,10,Delivered
O011563,C00908,2024-11-24,Same Day,0,Delivered
O011564,C00753,2024-07-08,Standard,20,Delivered
O011565,C01102,2024-02-17,Express,15,Delivered
O011566,C00584,2023-10-19,Standard,0,Delivered
O011567,C00319,2023-03-29,Standard,0,Delivered
O011568,C00730,2024-05-02,Express,10,Delivered
O011569,C00507,2024-12-31,Express,0,Delivered
O011570,C00225,2023-11-14,Same Day,5,Delivered
O011571,C00716,2023-06-10,Same Day,10,Delivered
O011572,C00302,2023-09-11,Standard,10,Delivered
O011573,C00716,2024-04-07,Express,10,Delivered
O011574,C00873,2024-06-10,Express,15,delivered
O011575,C01163,2023-08-11,Standard,10,Delivered
O011576,C01289,2024-08-23,Standard,0,Delivered
O011577,C00973,2023-03-31,Same Day,0,Delivered
O011578,C01352,2024-05-18,Same Day,10,Delivered
O011579,C00834,2023-12-13,Standard,10,delivered
O011580,C01051,2024-06-11,Standard,15,Delivered
O011581,C01151,2024-05-27,Standard,5,Delivered
O011582,C01251,2024-06-26,Standard,10,Delivered
O011583,C01110,2023-12-22,Express,30,Cancelled
O011584,C01376,2024-09-24,Standard,0,Delivered
O011585,C00721,2024-02-15,Standard,0,Delivered
O011586,C01432,2024-01-20,Standard,30,Delivered
O011587,C00612,2024-12-07,Express,20,Delivered
O011588,C00112,2024-12-02,Express,0,Delivered
O011589,C00273,2023-05-30,Express,5,Delivered
O011590,C00834,2024-12-03,Standard,10,Delivered
O011591,C00036,2024-09-09,Standard,0,Delivered
O011592,C00233,2023-04-18,Standard,0,Delivered
O011593,C00565,2024-02-24,Express,0,Delivered
O011594,C00913,2023-02-04,Express,10,Delivered
O011595,C00247,2024-04-21,Standard,0,Delivered
O011596,C00855,2024-11-27,Standard,0,Returned
O011597,C00962,2023-11-11,Express,0,Delivered
O011598,C01129,2024-02-14,Express,10,Delivered
O011599,C00959,2023-08-09,Express,15,Delivered
O011600,C00375,2024-03-13,Standard,10,Delivered
O011601,C01500,2024-09-27,Same Day,0,Delivered
O011602,C01339,2023-07-29,Standard,30,Delivered
O011603,C00563,2024-03-23,Express,30,Returned
O011604,C00046,2023-11-04,Standard,0,Delivered
O011605,C00788,2024-08-21,Standard,30,Cancelled
O011606,C01306,2024-07-19,Standard,5,Delivered
O011607,C01246,2024-07-16,Standard,0,Delivered
O011608,C01356,2023-11-16,Same Day,10,Delivered
O011609,C01463,2024-04-30,Express,5,Delivered
O011610,C01057,2024-06-09,Same Day,15,Delivered
O011611,C00244,2024-07-02,Express,5,Delivered
O011612,C00061,2024-04-10,Standard,15,Delivered
O011613,C00225,2024-10-28,Express,15,Delivered
O011614,C00302,2023-08-27,Express,0,Delivered
O011615,C00097,2023-09-05,Express,10,Delivered
O011616,C00681,2024-12-12,Standard,5,Delivered
O011617,C01168,2023-10-13,Standard,0,Delivered
O011618,C00011,2024-11-13,Express,5,Cancelled
O011619,C01203,2024-05-10,Express,15,Delivered
O011620,C01399,2024-11-20,Standard,10,Returned
O011621,C00226,2024-04-02,Standard,10,Delivered
O011622,C00038,2024-10-06,Standard,0,Delivered
O011623,C00724,2024-08-03,Express,10,Delivered
O011624,C01313,2024-02-29,Standard,15,Delivered
O011625,C01089,2023-11-08,Express,20,Delivered
O011626,C00052,2023-01-03,Standard,15,Delivered
O011627,C00982,2023-08-28,Standard,0,Delivered
O011628,C01239,2024-12-06,Standard,20,Delivered
O011629,C00410,2024-04-15,Standard,15,Delivered
O011630,C00955,2024-08-24,Standard,0,Delivered
O011631,C00747,2024-02-14,Express,10,Delivered
O011632,C00310,2023-10-09,Standard,0,Delivered
O011633,C01369,2024-12-27,Standard,10,Returned
O011634,C00336,2023-02-17,Express,0,Delivered
O011635,C01281,2024-04-16,Standard,10,Delivered
O011636,C01027,2024-01-06,Standard,0,Delivered
O011637,C00335,2023-03-20,Express,15,Delivered
O011638,C01052,2023-07-28,Standard,0,Delivered
O011639,C00042,2024-07-13,Standard,0,Delivered
O011640,C00353,2023-04-20,Standard,0,Delivered
O011641,C00423,2024-09-26,Standard,5,Delivered
O011642,C01342,2024-05-19,Standard,10,Delivered
O011643,C01388,2023-05-04,Express,5,Delivered
O011644,C00410,2024-04-15,Standard,5,Delivered
O011645,C00721,2024-02-15,Express,15,Delivered
O011646,C01477,2024-09-23,Express,10,Delivered
O011647,C00969,2024-03-06,Standard,5,Delivered
O011648,C00111,2024-02-18,Standard,5,Delivered
O011649,C00594,2024-03-15,Standard,30,Delivered
O011650,C00637,2024-01-23,Standard,0,Returned
O011651,C00442,2024-06-02,Same Day,0,Delivered
O011652,C00773,2024-05-18,Standard,5,Delivered
O011653,C01089,2023-02-05,Standard,10,Delivered
O011654,C01013,2023-11-01,Standard,0,Delivered
O011655,C00527,2024-07-08,Express,15,Delivered
O011656,C01089,2024-06-21,Standard,0,Delivered
O011657,C00796,2023-09-19,Standard,10,Delivered
O011658,C01150,2023-07-30,Standard,0,Delivered
O011659,C00175,2024-07-04,Same Day,20,Delivered
O011660,C00615,2023-01-27,Standard,5,Delivered
O011661,C00599,2024-03-26,Standard,0,Returned
O011662,C00528,2023-12-12,Express,0,Delivered
O011663,C01021,2023-08-18,Express,0,Delivered
O011664,C00834,2024-02-25,Standard,5,Delivered
O011665,C00584,2023-10-11,Same Day,0,Delivered
O011666,C00797,2024-04-01,Standard,10,Returned
O011667,C01036,2023-05-28,Express,5,Delivered
O011668,C00987,2023-11-30,Express,5,Returned
O011669,C01125,2024-02-16,Standard,0,Delivered
O011670,C01287,2023-08-16,Standard,5,Delivered
O011671,C01091,2024-05-09,Standard,30,Delivered
O011672,C00272,2024-08-23,Standard,5,Cancelled
O011673,C01282,2024-12-08,Standard,15,Delivered
O011674,C00493,2023-07-18,Same Day,0,Returned
O011675,C00969,2023-07-23,Standard,0,Delivered
O011676,C01493,2023-10-07,Standard,30,Returned
O011677,C00434,2024-11-08,Standard,10,Delivered
O011678,C00408,2023-12-01,Standard,10,Delivered
O011679,C00274,2024-01-29,Standard,5,Delivered
O011680,C01480,2024-08-16,Same Day,15,Delivered
O011681,C00650,2023-06-28,Standard,20,Delivered
O011682,C01168,2024-03-19,Standard,0,Delivered
O011683,C00080,2023-12-29,Standard,0,Delivered
O011684,C00272,2024-05-19,Standard,15,Delivered
O011685,C00098,2024-08-09,Standard,0,Delivered
O011686,C01237,2024-01-28,Standard,5,Delivered
O011687,C00165,2024-05-28,Standard,0,Delivered
O011688,C01398,2024-02-28,Standard,5,Delivered
O011689,C00964,2023-09-27,Standard,5,Delivered
O011690,C01385,2024-11-04,Express,0,Delivered
O011691,C00617,2024-08-26,Express,0,Delivered
O011692,C00784,2024-11-22,Standard,5,Delivered
O011693,C00045,2024-08-02,Standard,5,Delivered
O011694,C00703,2023-08-23,Standard,10,Delivered
O011695,C00871,2023-12-16,Standard,10,Delivered
O011696,C00155,2023-11-21,Standard,0,Delivered
O011697,C01477,2024-05-13,Express,5,Delivered
O011698,C00011,2023-12-04,Standard,15,Delivered
O011699,C00404,2024-04-10,Standard,10,Delivered
O011700,C00897,2023-01-04,Standard,15,Cancelled
O011701,C00749,2024-10-19,Standard,30,Returned
O011702,C00356,2023-05-23,Standard,0,Delivered
O011703,C01489,2024-02-07,Express,0,Delivered
O011704,C00284,2024-09-15,Standard,0,Delivered
O011705,C00848,2024-05-04,Express,0,Delivered
O011706,C00180,2024-04-07,Same Day,10,Delivered
O011707,C00092,2024-05-27,Standard,0,Delivered
O011708,C00730,2024-08-28,Standard,30,Returned
O011709,C01204,2024-10-23,Standard,10,Returned
O011710,C00789,2023-10-15,Express,30,delivered
O011711,C00430,2023-02-03,Express,10,Delivered
O011712,C00037,2024-05-06,Express,0,Returned
O011713,C01416,2023-08-27,Standard,0,Delivered
O011714,C00314,2024-09-12,Express,15,Delivered
O011715,C00854,2024-07-01,Standard,0,Delivered
O011716,C00036,2024-09-07,Express,20,Delivered
O011717,C00154,2024-12-14,Express,0,Delivered
O011718,C00255,2024-04-18,Express,10,Delivered
O011719,C00173,2024-11-14,,5,Delivered
O011720,C00789,2024-06-01,Standard,10,Returned
O011721,C00606,2023-06-28,Express,15,Delivered
O011722,C01201,2024-09-24,Standard,0,Delivered
O011723,C00181,2024-07-12,Standard,20,Delivered
O011724,C00652,2024-12-20,Express,10,Delivered
O011725,C00651,2023-08-22,Express,5,Cancelled
O011726,C00346,2023-10-23,Express,30,Delivered
O011727,C00152,2024-10-07,Standard,15,Delivered
O011728,C00030,2023-03-06,Express,0,Cancelled
O011729,C00037,2024-05-26,Express,0,Returned
O011730,C00609,2024-03-08,Standard,20,Returned
O011731,C00088,2023-06-16,Standard,10,Delivered
O011732,C00599,2023-06-12,Express,5,Delivered
O011733,C00656,2024-10-01,Standard,0,Delivered
O011734,C00667,2023-01-16,Standard,5,Delivered
O011735,C00288,2024-08-20,Standard,0,Delivered
O011736,C00753,2024-08-10,Express,0,Delivered
O011737,C00597,2024-06-08,Standard,5,Delivered
O011738,C01492,2023-12-03,Standard,0,Delivered
O011739,C00075,2024-03-31,Standard,10,Returned
O011740,C00088,2024-09-26,Standard,10,Delivered
O011741,C01250,2023-08-25,Standard,10,Delivered
O011742,C00400,2024-04-18,Standard,0,Delivered
O011743,C00276,2024-12-03,Standard,0,Delivered
O011744,C01321,2023-10-05,Standard,15,Delivered
O011745,C00791,2024-02-16,Standard,10,Delivered
O011746,C00897,2024-12-17,Standard,0,Delivered
O011747,C00025,2023-03-29,Standard,10,Delivered
O011748,C00395,2023-06-08,Standard,5,Delivered
O011749,C00392,2023-12-21,Standard,0,Delivered
O011750,C01126,2024-09-17,Standard,15,Returned
O011751,C00584,2024-11-05,Standard,5,Delivered
O011752,C00857,2024-08-26,Standard,5,Returned
O011753,C01405,2024-12-19,Standard,15,Delivered
O011754,C01483,2023-02-21,Same Day,0,Delivered
O011755,C00198,2024-05-15,Standard,10,Delivered
O011756,C00833,2023-04-28,Express,0,Delivered
O011757,C01024,2024-11-17,Standard,30,Delivered
O011758,C01163,2024-11-28,Standard,0,Delivered
O011759,C01395,2023-10-06,Standard,20,Delivered
O011760,C01080,2024-10-10,Standard,5,Delivered
O011761,C01013,2024-05-23,Express,15,Delivered
O011762,C00088,2023-04-12,Standard,15,Returned
O011763,C00815,2024-05-02,Express,0,Delivered
O011764,C00879,2024-12-19,Standard,10,Delivered
O011765,C01018,2023-10-09,Express,0,Delivered
O011766,C00863,2023-01-02,Standard,0,Delivered
O011767,C00617,2024-12-19,Standard,0,Delivered
O011768,C00730,2023-12-06,Express,10,Delivered
O011769,C01460,2023-12-16,Standard,0,Delivered
O011770,C00489,2024-07-27,Express,10,Delivered
O011771,C01168,2024-05-04,Standard,15,Returned
O011772,C00890,2024-03-02,Express,0,Delivered
O011773,C00667,2023-04-12,Express,0,Delivered
O011774,C00626,2024-10-09,Standard,10,Delivered
O011775,C00799,2024-01-24,Express,0,Delivered
O011776,C01197,2024-06-26,Express,0,Delivered
O011777,C00192,2024-10-25,Standard,0,Delivered
O011778,C01388,2023-05-04,Standard,0,Cancelled
O011779,C01153,2024-10-25,Express,10,Delivered
O011780,C00521,2024-08-24,Express,0,Delivered
O011781,C00029,2024-12-03,Same Day,20,Delivered
O011782,C00164,2023-08-14,Express,10,Delivered
O011783,C00219,2023-10-17,Standard,30,Delivered
O011784,C00161,2024-06-17,Standard,10,Delivered
O011785,C00159,2024-11-23,Standard,0,Delivered
O011786,C01445,2024-12-28,Standard,0,Delivered
O011787,C00958,2024-04-18,Same Day,0,Delivered
O011788,C01243,2024-03-12,Express,10,Delivered
O011789,C00845,2023-06-17,Same Day,10,Returned
O011790,C00905,2024-07-12,Express,0,Delivered
O011791,C01326,2024-10-14,Express,10,Delivered
O011792,C00396,2024-09-24,Standard,0,Delivered
O011793,C01015,2023-10-30,Standard,10,Cancelled
O011794,C01362,2024-12-12,Standard,0,Delivered
O011795,C01409,2023-05-02,Express,0,Returned
O011796,C00667,2024-02-01,Standard,5,Delivered
O011797,C01295,2024-03-24,Same Day,30,Delivered
O011798,C00760,2024-05-08,Standard,10,Delivered
O011799,C00390,2024-08-28,Standard,5,Delivered
O011800,C00378,2024-05-08,Standard,5,Returned
O011801,C00680,2023-04-14,Standard,5,Delivered
O011802,C00390,2023-08-07,Standard,0,Cancelled
O011803,C00047,2024-03-06,Standard,10,Delivered
O011804,C00164,2024-07-13,Standard,0,Delivered
O011805,C01285,2024-02-19,Standard,5,Delivered
O011806,C01332,2023-11-04,Standard,0,Delivered
O011807,C01321,2023-02-22,Same Day,15,Delivered
O011808,C00831,2024-09-16,Standard,0,Delivered
O011809,C01407,2024-06-07,Standard,0,Delivered
O011810,C00753,2024-03-11,Same Day,5,Delivered
O011811,C00696,2024-01-12,Standard,15,Delivered
O011812,C00721,2024-02-15,Same Day,30,Delivered
O011813,C00383,2023-09-17,Same Day,0,Delivered
O011814,C00896,2023-11-12,Express,0,Delivered
O011815,C00674,2024-07-23,Standard,10,Delivered
O011816,C01469,2024-03-24,Express,0,Delivered
O011817,C00260,2024-04-29,Standard,0,Delivered
O011818,C00123,2024-12-28,Standard,0,Delivered
O011819,C00527,2023-11-20,Standard,0,Delivered
O011820,C00323,2024-02-16,Standard,10,Delivered
O011821,C01495,2024-02-14,Standard,5,Delivered
O011822,C00835,2023-09-28,Express,0,Delivered
O011823,C00543,2023-01-06,Standard,0,Delivered
O011824,C00940,2024-10-23,Standard,0,Delivered
O011825,C00681,2024-01-15,Standard,15,Delivered
O011826,C00313,2024-08-02,Standard,5,Delivered
O011827,C00599,2024-12-09,Express,15,Returned
O011828,C00426,2023-12-13,Express,30,Delivered
O011829,C00926,2024-06-28,Express,5,Delivered
O011830,C01239,2023-04-30,Express,20,Delivered
O011831,C00397,2024-01-03,Express,0,Delivered
O011832,C00907,2024-10-19,Standard,0,Returned
O011833,C01049,2023-12-21,Standard,10,Delivered
O011834,C00561,2024-12-26,Standard,0,Delivered
O011835,C00730,2024-04-15,Standard,10,Returned
O011836,C00543,2023-11-25,Same Day,20,Delivered
O011837,C00563,2023-03-04,Express,30,Delivered
O011838,C00672,2024-04-20,Standard,5,Delivered
O011839,C00435,2024-02-02,Standard,10,Cancelled
O011840,C00731,2023-09-13,Express,10,Delivered
O011841,C01110,2024-01-29,Same Day,5,Delivered
O011842,C00599,2023-01-13,Same Day,5,Delivered
O011843,C01418,2024-12-31,Express,10,Delivered
O011844,C00331,2023-10-23,Express,0,Delivered
O011845,C00675,2024-01-21,Standard,10,Delivered
O011846,C00880,2024-09-15,Standard,0,Delivered
O011847,C00810,2024-07-27,Standard,10,Delivered
O011848,C01422,2024-11-07,Standard,5,Delivered
O011849,C00480,2024-11-30,Same Day,0,Delivered
O011850,C00574,2023-07-20,Express,15,Delivered
O011851,C00874,2023-11-23,Standard,5,Delivered
O011852,C00874,2024-07-07,Standard,10,Returned
O011853,C01176,2023-03-12,Standard,0,Delivered
O011854,C01190,2024-07-30,Standard,0,Returned
O011855,C00030,2023-01-05,Express,20,Delivered
O011856,C01131,2024-11-18,Express,5,Delivered
O011857,C01066,2024-07-31,Express,0,Delivered
O011858,C00867,2024-04-02,Standard,5,Delivered
O011859,C00466,2023-12-15,Express,5,Delivered
O011860,C01381,2024-12-25,Same Day,30,Delivered
O011861,C01091,2024-08-13,Express,0,Delivered
O011862,C00389,2024-09-30,Standard,5,Delivered
O011863,C00442,2024-10-09,Standard,0,Delivered
O011864,C01051,2024-06-11,Standard,0,Delivered
O011865,C01393,2023-02-25,Standard,10,Delivered
O011866,C00738,2023-07-14,Standard,0,Delivered
O011867,C01324,2024-06-12,Express,0,Delivered
O011868,C00576,2024-05-19,Standard,5,Delivered
O011869,C00600,2023-10-19,Standard,5,Delivered
O011870,C01008,2024-12-17,Standard,20,Delivered
O011871,C00080,2023-07-26,Express,10,Delivered
O011872,C00212,2024-09-10,Standard,0,Delivered
O011873,C01080,2024-01-22,Standard,0,Delivered
O011874,C00366,2023-12-09,Express,10,Delivered
O011875,C00265,2023-05-01,Standard,0,Returned
O011876,C00140,2024-08-07,Standard,0,Delivered
O011877,C00338,2024-09-06,Express,30,Delivered
O011878,C00376,2024-02-17,Standard,10,Delivered
O011879,C00505,2024-02-22,Standard,0,Delivered
O011880,C01415,2024-05-05,Express,0,Delivered
O011881,C00946,2023-11-11,Standard,15,Delivered
O011882,C01013,2024-05-12,Standard,10,Returned
O011883,C00208,2023-12-18,Standard,0,Delivered
O011884,C00294,2024-11-02,Standard,5,Delivered
O011885,C01361,2024-08-01,Standard,20,Delivered
O011886,C00923,2023-04-22,Standard,0,Delivered
O011887,C01217,2024-09-25,Standard,10,Delivered
O011888,C00540,2023-10-26,Express,15,Delivered
O011889,C00857,2024-11-28,Standard,5,Delivered
O011890,C00758,2024-05-03,Same Day,30,Delivered
O011891,C00310,2023-01-28,Standard,0,Delivered
O011892,C01251,2024-08-12,Standard,10,Delivered
O011893,C00494,2023-05-11,Standard,5,Delivered
O011894,C00703,2024-11-02,Standard,5,Delivered
O011895,C00208,2024-12-04,Standard,10,Delivered
O011896,C00928,2024-07-13,Standard,10,Delivered
O011897,C01183,2024-03-06,Express,5,Delivered
O011898,C00619,2024-05-02,Standard,5,Delivered
O011899,C01472,2024-05-27,Standard,5,Delivered
O011900,C00390,2023-08-07,Express,30,Delivered
O011901,C01321,2024-11-25,Standard,15,Delivered
O011902,C01068,2023-10-21,Express,5,Delivered
O011903,C01403,2023-10-12,Express,5,Delivered
O011904,C01092,2023-07-07,Standard,20,Delivered
O011905,C00748,2024-12-27,Standard,15,Delivered
O011906,C00625,2024-12-01,Same Day,10,Delivered
O011907,C01259,2023-11-01,Express,10,Cancelled
O011908,C01281,2023-09-05,Same Day,0,Delivered
O011909,C00871,2024-09-28,Standard,0,Delivered
O011910,C01030,2024-04-07,Standard,0,Cancelled
O011911,C00696,2024-12-14,Standard,5,Cancelled
O011912,C00331,2024-11-13,Standard,10,Delivered
O011913,C00080,2024-08-29,Standard,15,Delivered
O011914,C00955,2023-04-02,Express,20,Delivered
O011915,C00973,2024-07-19,Standard,0,Delivered
O011916,C00969,2024-12-25,Express,10,Delivered
O011917,C00845,2023-11-14,Standard,30,Delivered
O011918,C00507,2024-11-04,Same Day,0,Delivered
O011919,C00366,2023-12-02,Standard,0,Delivered
O011920,C00102,2024-12-16,Same Day,20,Delivered
O011921,C00224,2024-06-11,Express,0,Delivered
O011922,C00915,2023-04-08,Standard,10,Delivered
O011923,C01142,2024-01-20,Express,5,Cancelled
O011924,C01381,2023-09-10,Standard,5,Delivered
O011925,C00134,2023-11-25,Standard,20,Delivered
O011926,C01231,2024-11-19,Standard,5,Delivered
O011927,C00875,2023-08-13,Same Day,5,Delivered
O011928,C00438,2024-12-05,Same Day,0,Delivered
O011929,C01076,2023-06-17,Standard,0,Delivered
O011930,C01492,2024-06-20,Standard,5,Delivered
O011931,C00574,2024-12-13,Standard,10,Delivered
O011932,C00915,2024-06-11,Standard,0,Delivered
O011933,C00395,2024-11-12,Express,0,Delivered
O011934,C00310,2024-12-27,Standard,5,Delivered
O011935,C00224,2024-06-01,Standard,15,Delivered
O011936,C00049,2024-09-13,Express,0,Delivered
O011937,C01072,2023-12-17,Same Day,20,Delivered
O011938,C00221,2023-12-14,Standard,20,Delivered
O011939,C00990,2023-09-27,Standard,0,Delivered
O011940,C01318,2024-10-08,Standard,5,Delivered
O011941,C01282,2024-06-30,Standard,10,Delivered
O011942,C00438,2024-05-11,Standard,0,Delivered
O011943,C00197,2024-11-26,Standard,15,Delivered
O011944,C00666,2023-04-01,Standard,30,Delivered
O011945,C00272,2024-12-07,Express,10,Delivered
O011946,C00563,2023-04-13,Standard,0,Delivered
O011947,C00848,2023-10-31,Express,0,Delivered
O011948,C00945,2024-05-23,Standard,5,Delivered
O011949,C00331,2023-10-28,Express,0,Delivered
O011950,C00341,2024-07-03,Express,15,Returned
O011951,C01308,2024-09-09,Express,5,Delivered
O011952,C01418,2024-10-10,Standard,10,Delivered
O011953,C00939,2023-12-16,Standard,10,Delivered
O011954,C00834,2023-07-13,Same Day,0,Delivered
O011955,C00958,2024-04-18,Standard,10,Delivered
O011956,C00199,2024-01-30,Standard,15,Delivered
O011957,C01355,2024-04-12,Standard,5,Delivered
O011958,C00312,2023-10-15,Same Day,10,Delivered
O011959,C00977,2024-10-16,Standard,0,Delivered
O011960,C00335,2024-12-04,Standard,10,Delivered
O011961,C01042,2024-10-07,Same Day,20,Delivered
O011962,C01116,2024-04-13,Standard,10,Delivered
O011963,C01092,2024-04-04,Standard,0,Delivered
O011964,C00652,2024-02-02,Standard,0,Returned
O011965,C00890,2024-03-02,Standard,30,Delivered
O011966,C00876,2023-12-15,Standard,10,Delivered
O011967,C01068,2024-12-01,Standard,0,Delivered
O011968,C00753,2024-05-26,Standard,10,Delivered
O011969,C00762,2023-09-11,Express,0,Delivered
O011970,C01007,2024-06-02,Standard,20,Delivered
O011971,C00255,2024-12-06,Standard,5,Delivered
O011972,C00955,2023-03-02,Same Day,0,Delivered
O011973,C00224,2024-10-04,Standard,0,Delivered
O011974,C01072,2023-12-17,Same Day,0,Delivered
O011975,C00588,2023-06-01,Same Day,10,Delivered
O011976,C01275,2024-11-12,Standard,10,Delivered
O011977,C00140,2023-02-08,Standard,10,Delivered
O011978,C00693,2024-08-16,Express,0,Delivered
O011979,C00251,2023-09-08,Express,15,Delivered
O011980,C01316,2024-05-14,Express,15,Delivered
O011981,C00197,2024-05-16,Standard,10,Delivered
O011982,C00730,2024-10-26,Same Day,10,Delivered
O011983,C00164,2024-10-07,Standard,0,Delivered
O011984,C01196,2024-07-06,Express,15,Delivered
O011985,C00418,2023-11-17,,0,Delivered
O011986,C00873,2024-06-10,Standard,15,Delivered
O011987,C00255,2024-05-28,Standard,5,Delivered
O011988,C00527,2024-02-04,Express,0,Delivered
O011989,C00175,2023-03-21,Same Day,0,Delivered
O011990,C00827,2024-12-08,Standard,30,Delivered
O011991,C00009,2023-10-13,Express,10,Returned
O011992,C01496,2024-02-28,Standard,5,Returned
O011993,C00630,2024-11-13,Standard,20,Delivered
O011994,C00916,2024-04-12,Standard,5,Delivered
O011995,C00426,2024-08-11,,15,Delivered
O011996,C00380,2023-05-31,Standard,15,Returned
O011997,C01282,2023-11-30,Standard,15,Delivered
O011998,C01123,2024-06-04,Standard,0,Delivered
O011999,C00941,2024-01-05,Standard,30,Delivered
O012000,C01110,2024-07-18,Express,10,Delivered
O007164,C00208,2023-12-29,Standard,10,Delivered
O010386,C00930,2023-11-08,Standard,10,Delivered
O001903,C01165,2024-11-30,Same Day,10,Delivered
O003398,C00676,2024-03-05,Express,0,Delivered
O011696,C00155,2023-11-21,Standard,0,Delivered
O006444,C00623,2024-05-01,Standard,10,Delivered
O010787,C00470,2024-08-19,Standard,10,Delivered
O009407,C01281,2024-08-15,Standard,15,Delivered
O004637,C01073,2024-04-17,Same Day,10,Delivered
O001174,C01161,2024-09-03,Standard,0,Cancelled
O002031,C01269,2024-12-15,Standard,0,Delivered
O002489,C01353,2023-04-21,Express,15,Delivered
O002419,C00993,2024-02-24,Standard,10,Delivered
O000036,C00150,2024-06-09,Standard,10,Delivered
O002117,C00453,2024-06-02,Standard,5,Returned
O001166,C00652,2024-10-14,Standard,0,Delivered
O000947,C00197,2023-08-07,Standard,0,Delivered
O002712,C01470,2023-11-16,Express,0,Returned
O010283,C00536,2023-11-19,Same Day,0,Delivered
O005970,C00655,2023-08-30,Standard,0,Delivered
O001294,C01495,2024-02-14,Standard,30,Delivered
O010269,C00009,2023-03-30,Standard,0,Delivered
O002228,C00259,2023-12-13,Standard,5,Delivered
O004641,C01102,2024-10-20,Standard,0,Delivered
O003506,C00082,2024-01-28,Standard,5,Delivered
O008549,C00035,2024-01-27,Standard,10,Delivered
O006004,C00050,2023-08-20,Express,10,Delivered
O005934,C00923,2024-10-26,Standard,0,Delivered
O011223,C00916,2024-03-23,Express,5,Delivered
O000491,C01242,2024-04-11,Standard,15,Delivered
O011788,C01243,2024-03-12,Express,10,Delivered
O005186,C00255,2024-06-07,Standard,10,Delivered
O005794,C00353,2023-06-27,Standard,0,Delivered
O000823,C00799,2024-06-15,Standard,0,Delivered
O011159,C00905,2024-08-18,Standard,10,Delivered
O004804,C00138,2024-10-23,Standard,10,Cancelled
O004274,C00955,2024-04-09,Express,10,Delivered
O004595,C00397,2023-05-24,Standard,5,Delivered
O006477,C00194,2023-06-18,Express,10,Delivered
O010897,C01306,2023-03-08,Standard,20,Delivered
O005960,C00987,2024-02-08,Standard,10,Delivered
O004465,C00228,2024-11-03,Standard,10,Delivered
O002662,C00491,2024-03-04,Express,15,Delivered
O000018,C00497,2023-07-06,Standard,0,Delivered
O001989,C00761,2023-10-10,Standard,10,Delivered
O009630,C01270,2024-07-02,Standard,15,Delivered
O000136,C00092,2024-05-27,Standard,20,Delivered
O008102,C00782,2024-07-19,Standard,20,Delivered
O006284,C00451,2023-12-11,Express,10,Delivered
O001990,C01359,2024-02-29,Same Day,30,Delivered
O002337,C01410,2024-09-05,Express,0,Delivered
O009134,C01352,2024-09-13,Standard,15,Returned
O005951,C00730,2024-03-15,Standard,15,Delivered
O006663,C00299,2023-11-14,Standard,5,Delivered
O011211,C00614,2024-04-30,Standard,10,Returned
O007183,C01008,2023-11-04,Standard,0,Delivered
O001417,C00140,2024-06-03,Express,15,Delivered
O009199,C00075,2024-03-31,Standard,10,Delivered
O002405,C00681,2024-02-02,Standard,15,Delivered
O001514,C00860,2024-06-05,Express,10,Delivered
