order_id,product_id,quantity
O000001,P0085,3
O000002,P0022,3
O000002,P0048,1
O000002,P0011,1
O000003,P0077,2
O000004,P0045,1
O000005,P0050,1
O000005,P0084,1
O000005,P0041,1
O000005,P0059,1
O000006,P0065,1
O000006,P0078,2
O000007,P0085,1
O000008,P0086,2
O000008,P0043,1
O000008,P0034,2
O000008,P0069,2
O000009,P0073,1
O000010,P0093,1
O000011,P0005,2
O000012,P0063,1
O000012,P0089,1
O000013,P0087,1
O000013,P0070,2
O000014,P0020,1
O000015,P0058,1
O000016,P0090,3
O000017,P0055,1
O000018,P0035,1
O000019,P0059,3
O000020,P0015,1
O000021,P0051,1
O000022,P0084,1
O000023,P0026,1
O000023,P0004,1
O000024,P0050,1
O000025,P0093,2
O000025,P0095,1
O000025,P0033,1
O000025,P0087,1
O000026,P0073,3
O000027,P0003,1
O000028,P0070,1
O000028,P0031,1
O000028,P0048,3
O000028,P0004,2
O000029,P0051,2
O000030,P0048,1
O000031,P0079,3
O000031,P0063,2
O000032,P0067,1
O000033,P0054,1
O000033,P0079,3
O000034,P0096,1
O000034,P0021,1
O000035,P0001,1
O000035,P0074,1
O000036,P0088,1
O000037,P0062,3
O000038,P0029,3
O000039,P0077,1
O000040,P0084,1
O000040,P0063,1
O000041,P0012,3
O000041,P0075,1
O000041,P0015,1
O000042,P0023,2
O000043,P0057,2
O000044,P0070,1
O000045,P0024,1
O000045,P0043,1
O000045,P0058,1
O000046,P0052,1
O000046,P0078,3
O000047,P0050,1
O000047,P0062,3
O000048,P0080,2
O000049,P0059,1
O000049,P0014,1
O000049,P0020,1
O000050,P0020,2
O000051,P0055,2
O000052,P0084,1
O000053,P0048,3
O000053,P0045,1
O000054,P0053,1
O000054,P0037,1
O000055,P0048,1
O000056,P0085,3
O000057,P0007,3
O000057,P0008,3
O000058,P0093,1
O000059,P0066,3
O000059,P0005,2
O000060,P0074,1
O000061,P0046,2
O000062,P0038,1
O000063,P0030,2
O000063,P0066,1
O000064,P0061,1
O000065,P0008,2
O000065,P0063,2
O000065,P0058,1
O000065,P0010,3
O000066,P0032,1
O000067,P0093,2
O000068,P0015,2
O000069,P0066,3
O000070,P0048,1
O000071,P0063,1
O000071,P0037,1
O000072,P0085,1
O000072,P0063,1
O000072,P0020,3
O000073,P0013,1
O000073,P0003,3
O000074,P0037,1
O000074,P0054,3
O000074,P0064,2
O000075,P0031,3
O000076,P0042,1
O000076,P0041,3
O000076,P0065,1
O000077,P0052,1
O000078,P0048,2
O000079,P0089,2
O000080,P0064,1
O000081,P0040,3
O000081,P0020,1
O000081,P0074,2
O000082,P0045,1
O000083,P0010,1
O000084,P0037,1
O000085,P0011,2
O000086,P0011,2
O000087,P0095,1
O000088,P0055,2
O000089,P0011,1
O000089,P0093,1
O000090,P0072,2
O000091,P0031,1
O000092,P0006,1
O000093,P0036,1
O000093,P0040,1
O000093,P0029,1
O000094,P0070,2
O000094,P0042,1
O000094,P0012,1
O000094,P0010,1
O000095,P0008,3
O000096,P0022,2
O000097,P0054,1
O000097,P0080,1
O000098,P0007,1
O000099,P0025,2
O000099,P0031,1
O000100,P0054,1
O000100,P0046,1
O000101,P0095,1
O000102,P0075,2
O000103,P0067,2
O000103,P0005,1
O000104,P0069,1
O000105,P0038,2
O000106,P0072,1
O000107,P0020,3
O000108,P0073,1
O000109,P0047,2
O000109,P0086,3
O000110,P0009,1
O000110,P0023,1
O000111,P0046,1
O000112,P0086,3
O000113,P0017,2
O000114,P0012,1
O000114,P0075,2
O000114,P0061,3
O000115,P0026,1
O000116,P0001,1
O000116,P0070,3
O000116,P0015,3
O000116,P0034,3
O000117,P0066,3
O000118,P0053,1
O000118,P0061,1
O000119,P0090,1
O000120,P0053,1
O000121,P0013,3
O000122,P0035,2
O000122,P0030,3
O000123,P0070,1
O000123,P0050,1
O000123,P0076,1
O000123,P0075,1
O000124,P0065,3
O000125,P0036,2
O000126,P0056,1
O000127,P0077,1
O000128,P0069,1
O000129,P0037,1
O000129,P0045,2
O000129,P0073,3
O000130,P0093,1
O000131,P0072,3
O000132,P0094,1
O000132,P0063,1
O000133,P0031,1
O000134,P0082,1
O000135,P0077,1
O000136,P0044,1
O000137,P0076,1
O000138,P0059,1
O000138,P0003,1
O000139,P0040,1
O000139,P0029,1
O000139,P0095,2
O000139,P0017,3
O000140,P0051,1
O000140,P0074,1
O000141,P0094,2
O000142,P0015,3
O000143,P0065,1
O000144,P0076,1
O000145,P0023,1
O000146,P0001,2
O000146,P0095,2
O000147,P0092,3
O000148,P0024,1
O000149,P0088,3
O000150,P0076,2
O000150,P0054,1
O000150,P0007,1
O000151,P0044,1
O000152,P0070,1
O000152,P0091,1
O000153,P0014,3
O000154,P0043,2
O000155,P0020,3
O000156,P0044,3
O000156,P0052,3
O000156,P0024,3
O000157,P0054,1
O000157,P0051,2
O000158,P0034,2
O000158,P0096,1
O000158,P0059,1
O000159,P0065,1
O000160,P0055,2
O000161,P0074,2
O000161,P0084,1
O000162,P0078,1
O000163,P0007,1
O000164,P0007,1
O000164,P0013,3
O000165,P0024,3
O000166,P0078,1
O000166,P0044,1
O000167,P0035,3
O000167,P0015,1
O000168,P0088,1
O000168,P0024,1
O000169,P0056,1
O000170,P0002,1
O000171,P0003,1
O000172,P0016,1
O000173,P0044,2
O000174,P0003,1
O000175,P0005,2
O000176,P0004,1
O000177,P0064,2
O000178,P0070,1
O000178,P0043,1
O000179,P0017,1
O000179,P0049,3
O000180,P0027,1
O000180,P0066,3
O000180,P0094,1
O000181,P0006,1
O000182,P0046,1
O000183,P0001,3
O000183,P0031,2
O000184,P0091,1
O000184,P0005,1
O000184,P0039,1
O000184,P0002,1
O000185,P0040,1
O000185,P0001,1
O000186,P0069,2
O000186,P0081,3
O000187,P0045,1
O000188,P0075,1
O000189,P0018,3
O000190,P0039,1
O000190,P0069,1
O000191,P0039,1
O000191,P0001,3
O000191,P0035,3
O000191,P0095,2
O000192,P0058,3
O000193,P0033,1
O000194,P0041,1
O000195,P0019,3
O000195,P0015,1
O000196,P0068,1
O000197,P0056,2
O000197,P0044,1
O000197,P0068,1
O000198,P0007,1
O000199,P0052,2
O000200,P0031,3
O000200,P0030,1
O000200,P0089,1
O000201,P0004,1
O000202,P0058,1
O000203,P0062,2
O000204,P0028,2
O000204,P0040,3
O000204,P0092,2
O000205,P0049,3
O000206,P0043,1
O000206,P0009,1
O000207,P0017,1
O000208,P0036,1
O000209,P0080,3
O000210,P0084,1
O000211,P0065,2
O000211,P0058,1
O000212,P0003,2
O000213,P0015,3
O000213,P0048,1
O000213,P0080,1
O000214,P0020,1
O000215,P0042,1
O000216,P0007,2
O000216,P0031,3
O000217,P0066,2
O000218,P0043,2
O000218,P0048,1
O000218,P0091,3
O000218,P0093,1
O000219,P0033,2
O000220,P0063,1
O000221,P0059,1
O000221,P0089,2
O000221,P0036,1
O000222,P0033,1
O000222,P0023,1
O000223,P0009,1
O000224,P0019,2
O000225,P0079,1
O000225,P0069,1
O000226,P0072,1
O000227,P0025,1
O000227,P0064,2
O000228,P0034,1
O000228,P0026,3
O000229,P0040,2
O000230,P0015,2
O000230,P0073,3
O000231,P0085,3
O000231,P0063,1
O000232,P0028,1
O000233,P0020,3
O000234,P0053,2
O000234,P0076,3
O000235,P0060,1
O000235,P0068,3
O000235,P0007,1
O000236,P0096,2
O000237,P0081,1
O000238,P0006,1
O000239,P0015,1
O000240,P0087,1
O000240,P0043,3
O000241,P0092,3
O000241,P0036,2
O000241,P0071,1
O000242,P0061,1
O000242,P0038,1
O000243,P0009,1
O000244,P0091,1
O000245,P0075,3
O000246,P0028,1
O000246,P0006,1
O000246,P0023,3
O000247,P0003,1
O000248,P0057,1
O000249,P0076,1
O000250,P0092,3
O000250,P0063,1
O000251,P0069,1
O000252,P0085,1
O000253,P0018,2
O000254,P0087,1
O000254,P0012,2
O000254,P0078,1
O000255,P0081,3
O000256,P0087,1
O000256,P0096,3
O000256,P0044,1
O000256,P0007,1
O000257,P0046,1
O000257,P0008,2
O000258,P0086,1
O000258,P0010,1
O000259,P0089,2
O000259,P0069,1
O000260,P0042,1
O000261,P0088,3
O000261,P0050,1
O000262,P0008,2
O000263,P0046,3
O000264,P0080,3
O000264,P0018,3
O000265,P0024,3
O000266,P0040,3
O000266,P0092,1
O000267,P0061,1
O000268,P0050,1
O000269,P0022,3
O000270,P0076,2
O000271,P0065,1
O000271,P0031,3
O000271,P0042,1
O000272,P0028,1
O000273,P0067,1
O000273,P0050,1
O000273,P0037,1
O000274,P0056,1
O000275,P0019,3
O000275,P0015,2
O000276,P0008,1
O000277,P0014,2
O000278,P0067,1
O000278,P0082,3
O000278,P0065,1
O000279,P0014,2
O000280,P0092,3
O000281,P0001,1
O000282,P0026,3
O000282,P0078,3
O000283,P0011,2
O000284,P0045,1
O000284,P0005,1
O000284,P0001,1
O000284,P0030,1
O000285,P0027,1
O000285,P0088,1
O000286,P0040,1
O000287,P0023,1
O000287,P0037,2
O000288,P0025,1
O000289,P0026,1
O000290,P0037,1
O000291,P0044,2
O000292,P0047,1
O000293,P0024,1
O000294,P0065,1
O000294,P0095,1
O000294,P0012,1
O000295,P0056,3
O000295,P0041,3
O000296,P0048,2
O000297,P0086,3
O000297,P0078,1
O000298,P0095,1
O000298,P0046,1
O000298,P0051,1
O000299,P0007,1
O000299,P0009,1
O000300,P0001,1
O000301,P0048,1
O000301,P0058,3
O000301,P0010,1
O000301,P0046,2
O000302,P0014,3
O000303,P0063,3
O000303,P0003,2
O000304,P0044,2
O000305,P0008,3
O000306,P0024,1
O000306,P0080,3
O000306,P0065,1
O000306,P0054,1
O000307,P0064,3
O000308,P0074,1
O000308,P0021,1
O000309,P0014,1
O000310,P0042,2
O000310,P0005,3
O000311,P0023,1
O000312,P0045,2
O000312,P0013,3
O000312,P0064,1
O000313,P0059,2
O000314,P0020,3
O000315,P0094,1
O000316,P0034,1
O000316,P0044,2
O000316,P0014,1
O000317,P0076,1
O000318,P0029,2
O000318,P0026,1
O000318,P0045,1
O000319,P0031,1
O000320,P0031,1
O000320,P0009,1
O000321,P0072,3
O000321,P0093,2
O000322,P0051,3
O000322,P0077,2
O000323,P0067,1
O000324,P0075,1
O000325,P0096,1
O000325,P0052,2
O000325,P0013,2
O000325,P0076,2
O000326,P0001,3
O000327,P0083,1
O000327,P0091,1
O000328,P0033,3
O000328,P0013,1
O000329,P0077,3
O000330,P0050,1
O000330,P0022,1
O000331,P0079,2
O000332,P0059,1
O000333,P0091,1
O000333,P0090,2
O000334,P0075,1
O000334,P0025,1
O000334,P0073,3
O000335,P0059,1
O000335,P0015,3
O000336,P0058,1
O000337,P0058,1
O000338,P0070,2
O000339,P0042,2
O000340,P0062,2
O000340,P0042,2
O000341,P0041,1
O000341,P0014,3
O000342,P0062,3
O000343,P0064,3
O000344,P0006,3
O000344,P0084,2
O000345,P0050,1
O000345,P0077,1
O000346,P0071,2
O000347,P0050,3
O000347,P0091,1
O000348,P0046,1
O000348,P0087,3
O000349,P0036,2
O000349,P0061,1
O000350,P0018,3
O000350,P0020,1
O000351,P0055,1
O000352,P0094,1
O000352,P0029,3
O000353,P0069,1
O000354,P0010,2
O000354,P0007,1
O000354,P0001,3
O000355,P0045,2
O000355,P0002,1
O000356,P0063,1
O000357,P0029,3
O000358,P0061,3
O000358,P0029,3
O000359,P0016,2
O000359,P0008,1
O000360,P0021,1
O000361,P0061,1
O000362,P0090,1
O000362,P0064,1
O000363,P0067,1
O000363,P0059,1
O000363,P0031,3
O000364,P0020,2
O000365,P0003,1
O000365,P0089,1
O000366,P0004,3
O000367,P0008,2
O000368,P0067,3
O000369,P0047,1
O000369,P0038,1
O000370,P0069,1
O000370,P0068,1
O000371,P0062,3
O000371,P0080,2
O000371,P0035,1
O000372,P0060,1
O000373,P0007,1
O000374,P0015,1
O000375,P0010,3
O000376,P0070,1
O000377,P0053,1
O000378,P0064,2
O000379,P0043,1
O000379,P0030,1
O000379,P0066,3
O000380,P0089,1
O000381,P0065,3
O000381,P0047,3
O000382,P0075,1
O000383,P0027,1
O000383,P0080,1
O000383,P0069,1
O000384,P0065,3
O000385,P0091,1
O000386,P0041,1
O000386,P0072,1
O000387,P0016,2
O000388,P0091,1
O000389,P0004,1
O000390,P0081,3
O000390,P0059,1
O000391,P0096,1
O000391,P0095,3
O000392,P0009,1
O000392,P0042,1
O000392,P0044,1
O000393,P0084,2
O000394,P0067,1
O000395,P0036,1
O000396,P0081,2
O000397,P0040,1
O000398,P0014,2
O000399,P0060,1
O000399,P0005,2
O000400,P0023,1
O000400,P0046,1
O000401,P0047,3
O000401,P0073,1
O000401,P0044,1
O000401,P0068,1
O000402,P0091,1
O000403,P0064,2
O000404,P0041,1
O000404,P0068,1
O000404,P0091,1
O000405,P0046,1
O000406,P0024,1
O000406,P0072,2
O000406,P0087,1
O000407,P0034,2
O000408,P0063,1
O000408,P0038,2
O000408,P0019,2
O000409,P0028,2
O000410,P0038,2
O000411,P0062,1
O000411,P0025,1
O000411,P0063,2
O000412,P0057,1
O000413,P0016,1
O000413,P0045,3
O000414,P0024,1
O000415,P0046,1
O000415,P0011,1
O000416,P0032,1
O000417,P0020,1
O000418,P0071,1
O000418,P0007,1
O000419,P0093,1
O000419,P0088,1
O000419,P0084,1
O000420,P0013,1
O000421,P0034,2
O000422,P0018,1
O000423,P0092,1
O000424,P0002,1
O000425,P0054,1
O000426,P0047,3
O000427,P0087,2
O000428,P0030,1
O000428,P0018,1
O000429,P0012,3
O000430,P0079,3
O000431,P0065,1
O000432,P0089,2
O000433,P0011,3
O000433,P0010,1
O000434,P0095,1
O000435,P0003,1
O000436,P0056,1
O000437,P0004,1
O000438,P0084,1
O000439,P0035,2
O000439,P0080,1
O000439,P0059,2
O000440,P0027,1
O000440,P0092,1
O000441,P0071,1
O000441,P0026,3
O000442,P0044,1
O000442,P0069,1
O000442,P0052,1
O000443,P0066,1
O000444,P0059,1
O000444,P0064,1
O000444,P0031,1
O000444,P0038,1
O000445,P0029,2
O000445,P0064,3
O000446,P0070,1
O000447,P0081,1
O000447,P0008,2
O000448,P0026,1
O000448,P0002,2
O000449,P0030,1
O000449,P0064,1
O000450,P0053,1
O000451,P0045,2
O000452,P0022,1
O000453,P0015,3
O000454,P0073,3
O000455,P0049,1
O000456,P0035,1
O000457,P0034,3
O000458,P0002,1
O000458,P0072,3
O000458,P0024,1
O000459,P0093,1
O000459,P0052,2
O000459,P0076,2
O000460,P0041,1
O000461,P0016,3
O000462,P0059,1
O000463,P0083,1
O000463,P0020,1
O000463,P0016,2
O000463,P0049,1
O000464,P0066,1
O000464,P0074,1
O000465,P0066,1
O000465,P0031,3
O000466,P0016,2
O000466,P0082,1
O000467,P0005,1
O000468,P0039,3
O000468,P0071,1
O000469,P0025,1
O000469,P0063,1
O000469,P0018,1
O000470,P0096,1
O000471,P0044,1
O000472,P0026,1
O000472,P0013,1
O000473,P0014,2
O000473,P0016,2
O000473,P0093,3
O000474,P0037,1
O000474,P0016,2
O000475,P0052,3
O000476,P0051,1
O000477,P0062,2
O000478,P0066,2
O000478,P0073,2
O000479,P0025,3
O000480,P0071,1
O000481,P0079,1
O000482,P0003,1
O000483,P0047,1
O000483,P0092,3
O000484,P0022,1
O000485,P0066,3
O000486,P0073,2
O000487,P0003,1
O000488,P0031,1
O000488,P0096,2
O000489,P0006,1
O000490,P0093,1
O000490,P0062,1
O000491,P0041,1
O000492,P0054,1
O000493,P0089,2
O000493,P0034,1
O000494,P0075,2
O000495,P0076,2
O000496,P0086,2
O000497,P0024,2
O000498,P0031,2
O000499,P0075,2
O000500,P0050,1
O000501,P0021,2
O000501,P0001,1
O000501,P0034,2
O000502,P0074,1
O000503,P0013,1
O000504,P0030,1
O000505,P0049,3
O000505,P0058,1
O000505,P0055,2
O000505,P0093,3
O000506,P0013,3
O000507,P0032,1
O000507,P0062,2
O000507,P0019,1
O000508,P0020,2
O000509,P0067,1
O000510,P0043,1
O000511,P0002,2
O000512,P0058,1
O000512,P0057,1
O000512,P0049,1
O000513,P0011,1
O000513,P0015,1
O000514,P0078,2
O000515,P0093,1
O000516,P0053,1
O000516,P0078,3
O000517,P0095,1
O000517,P0058,2
O000518,P0070,2
O000519,P0065,1
O000520,P0074,1
O000520,P0064,2
O000521,P0093,2
O000522,P0039,1
O000523,P0065,2
O000523,P0006,1
O000524,P0011,2
O000524,P0004,1
O000525,P0038,3
O000525,P0032,1
O000525,P0035,3
O000526,P0004,1
O000527,P0013,1
O000528,P0047,1
O000529,P0052,1
O000529,P0073,1
O000530,P0062,2
O000531,P0035,1
O000531,P0078,1
O000532,P0019,2
O000533,P0060,1
O000534,P0029,1
O000534,P0062,1
O000534,P0049,1
O000535,P0060,3
O000536,P0090,1
O000537,P0005,3
O000537,P0019,3
O000538,P0023,1
O000539,P0024,1
O000540,P0071,3
O000540,P0089,3
O000541,P0090,1
O000542,P0054,1
O000543,P0077,3
O000543,P0016,1
O000543,P0067,1
O000544,P0083,3
O000544,P0035,3
O000544,P0086,1
O000545,P0096,1
O000546,P0024,1
O000546,P0087,1
O000547,P0017,1
O000548,P0034,2
O000549,P0047,2
O000549,P0006,2
O000550,P0052,2
O000550,P0030,2
O000550,P0063,1
O000551,P0043,1
O000552,P0061,3
O000553,P0042,3
O000553,P0085,1
O000554,P0096,3
O000555,P0057,1
O000556,P0001,1
O000557,P0023,2
O000557,P0083,1
O000558,P0042,3
O000558,P0055,1
O000559,P0084,1
O000560,P0081,3
O000560,P0066,2
O000561,P0092,3
O000561,P0032,1
O000561,P0088,1
O000561,P0067,1
O000562,P0017,1
O000562,P0057,1
O000563,P0079,1
O000563,P0086,1
O000564,P0023,2
O000564,P0073,1
O000565,P0074,2
O000566,P0048,2
O000566,P0067,3
O000567,P0024,1
O000568,P0006,1
O000569,P0096,1
O000569,P0094,1
O000570,P0069,1
O000570,P0033,2
O000570,P0054,1
O000571,P0041,3
O000571,P0090,1
O000572,P0006,3
O000573,P0025,1
O000574,P0032,1
O000575,P0037,3
O000576,P0070,3
O000576,P0001,1
O000576,P0017,1
O000577,P0010,1
O000578,P0093,1
O000579,P0033,1
O000580,P0009,2
O000580,P0086,1
O000580,P0095,2
O000581,P0096,1
O000581,P0001,1
O000582,P0071,1
O000583,P0009,1
O000583,P0006,3
O000584,P0034,1
O000585,P0053,1
O000585,P0020,1
O000585,P0036,2
O000586,P0083,1
O000586,P0070,1
O000587,P0030,1
O000588,P0025,2
O000589,P0040,3
O000590,P0042,2
O000591,P0091,3
O000591,P0094,1
O000592,P0011,2
O000593,P0073,1
O000594,P0070,3
O000595,P0070,1
O000596,P0087,2
O000596,P0091,2
O000597,P0041,1
O000597,P0036,1
O000598,P0065,1
O000599,P0055,1
O000600,P0040,1
O000600,P0077,2
O000601,P0044,3
O000601,P0071,2
O000602,P0063,2
O000603,P0040,1
O000604,P0085,1
O000605,P0075,2
O000605,P0036,1
O000606,P0044,1
O000607,P0067,1
O000607,P0037,2
O000607,P0095,1
O000608,P0052,1
O000608,P0009,2
O000609,P0092,1
O000609,P0051,2
O000609,P0086,1
O000610,P0040,2
O000611,P0091,2
O000612,P0089,2
O000613,P0043,1
O000614,P0026,1
O000614,P0045,1
O000615,P0006,1
O000616,P0040,2
O000617,P0091,1
O000618,P0069,3
O000619,P0005,2
O000619,P0088,1
O000620,P0059,2
O000621,P0016,3
O000621,P0058,1
O000622,P0018,3
O000622,P0019,1
O000623,P0096,1
O000623,P0059,1
O000624,P0047,3
O000624,P0039,3
O000624,P0093,1
O000625,P0029,1
O000626,P0030,1
O000626,P0008,1
O000626,P0019,1
O000626,P0005,2
O000627,P0038,2
O000628,P0088,1
O000629,P0040,1
O000630,P0072,2
O000631,P0089,1
O000632,P0061,3
O000632,P0087,2
O000633,P0076,2
O000633,P0035,2
O000634,P0044,1
O000634,P0057,1
O000634,P0032,1
O000635,P0008,3
O000636,P0040,1
O000636,P0067,1
O000637,P0025,1
O000638,P0022,1
O000638,P0093,3
O000639,P0043,1
O000639,P0005,1
O000639,P0078,3
O000640,P0079,3
O000641,P0045,2
O000642,P0009,1
O000643,P0005,1
O000643,P0040,1
O000644,P0094,1
O000645,P0016,1
O000646,P0087,3
O000647,P0030,1
O000648,P0036,3
O000649,P0033,1
O000650,P0033,1
O000651,P0047,2
O000651,P0055,3
O000652,P0011,2
O000653,P0064,2
O000654,P0078,1
O000654,P0009,1
O000654,P0083,1
O000655,P0052,1
O000656,P0011,1
O000656,P0065,1
O000657,P0058,1
O000657,P0069,2
O000658,P0072,2
O000659,P0071,1
O000659,P0015,1
O000659,P0054,1
O000660,P0070,1
O000660,P0079,1
O000661,P0052,1
O000662,P0033,2
O000663,P0004,2
O000663,P0044,2
O000664,P0049,3
O000665,P0078,1
O000666,P0075,2
O000666,P0053,1
O000667,P0057,1
O000667,P0048,1
O000667,P0044,1
O000668,P0074,1
O000669,P0030,1
O000669,P0032,2
O000670,P0041,1
O000671,P0026,1
O000671,P0068,2
O000672,P0064,1
O000673,P0039,3
O000674,P0089,3
O000674,P0048,3
O000674,P0082,2
O000674,P0053,3
O000675,P0092,1
O000676,P0079,3
O000676,P0015,1
O000676,P0068,1
O000677,P0083,1
O000677,P0016,2
O000678,P0008,1
O000679,P0022,1
O000679,P0050,3
O000680,P0013,2
O000681,P0091,1
O000681,P0082,1
O000681,P0083,1
O000682,P0094,1
O000682,P0012,1
O000683,P0044,1
O000684,P0078,1
O000685,P0083,1
O000686,P0019,1
O000686,P0041,3
O000686,P0053,1
O000686,P0086,1
O000687,P0081,1
O000688,P0041,1
O000688,P0095,1
O000688,P0092,3
O000689,P0063,3
O000689,P0045,3
O000690,P0002,1
O000690,P0078,3
O000691,P0016,1
O000691,P0019,3
O000692,P0026,1
O000692,P0056,3
O000692,P0046,1
O000692,P0083,1
O000693,P0026,1
O000694,P0081,1
O000695,P0090,2
O000696,P0001,2
O000696,P0048,1
O000697,P0073,1
O000698,P0015,1
O000698,P0046,1
O000699,P0026,1
O000699,P0078,2
O000700,P0050,1
O000701,P0028,2
O000701,P0032,3
O000702,P0043,1
O000703,P0054,3
O000704,P0061,2
O000704,P0088,3
O000705,P0013,1
O000705,P0083,1
O000706,P0019,2
O000707,P0032,1
O000707,P0018,2
O000708,P0015,3
O000709,P0088,1
O000710,P0040,1
O000711,P0083,1
O000711,P0004,1
O000711,P0031,3
O000711,P0068,1
O000712,P0081,1
O000713,P0012,1
O000714,P0071,1
O000715,P0068,2
O000715,P0060,3
O000716,P0078,1
O000717,P0096,1
O000718,P0071,2
O000718,P0085,3
O000719,P0006,2
O000719,P0019,1
O000720,P0048,2
O000721,P0004,1
O000721,P0032,3
O000721,P0086,1
O000722,P0077,1
O000722,P0032,1
O000723,P0057,1
O000723,P0004,1
O000724,P0024,1
O000724,P0054,3
O000725,P0030,2
O000726,P0084,3
O000726,P0070,1
O000726,P0093,1
O000727,P0075,1
O000728,P0027,2
O000729,P0070,1
O000730,P0092,1
O000731,P0031,3
O000731,P0021,1
O000732,P0001,2
O000733,P0083,1
O000733,P0045,3
O000734,P0078,1
O000735,P0001,2
O000735,P0040,2
O000736,P0024,1
O000736,P0020,2
O000737,P0093,3
O000738,P0038,1
O000739,P0054,1
O000740,P0089,1
O000741,P0013,2
O000742,P0027,1
O000743,P0046,3
O000743,P0053,2
O000744,P0052,1
O000745,P0072,1
O000746,P0081,1
O000747,P0021,2
O000748,P0010,1
O000749,P0076,1
O000749,P0054,1
O000750,P0092,1
O000751,P0091,3
O000752,P0015,1
O000753,P0023,3
O000754,P0026,1
O000754,P0035,1
O000755,P0084,1
O000756,P0031,1
O000757,P0024,1
O000758,P0019,2
O000759,P0021,1
O000759,P0071,1
O000759,P0020,3
O000759,P0092,1
O000760,P0073,1
O000761,P0079,1
O000762,P0065,1
O000763,P0046,1
O000764,P0093,2
O000764,P0007,1
O000764,P0038,1
O000765,P0004,1
O000765,P0081,1
O000766,P0003,1
O000766,P0010,1
O000766,P0079,2
O000767,P0043,1
O000768,P0076,1
O000769,P0062,1
O000769,P0092,3
O000769,P0016,1
O000770,P0034,3
O000771,P0041,1
O000772,P0090,1
O000773,P0034,3
O000773,P0029,1
O000773,P0030,2
O000774,P0081,3
O000775,P0034,1
O000776,P0054,1
O000776,P0052,2
O000777,P0057,1
O000778,P0042,1
O000779,P0015,3
O000780,P0054,2
O000781,P0083,1
O000781,P0054,3
O000781,P0066,1
O000782,P0094,1
O000783,P0014,2
O000784,P0015,2
O000785,P0037,1
O000786,P0052,3
O000787,P0068,2
O000787,P0009,1
O000787,P0045,1
O000787,P0034,1
O000788,P0035,2
O000789,P0001,1
O000790,P0005,2
O000791,P0035,1
O000792,P0093,1
O000793,P0082,1
O000793,P0051,1
O000794,P0060,1
O000794,P0022,1
O000794,P0036,1
O000795,P0009,3
O000796,P0089,1
O000796,P0045,1
O000797,P0007,1
O000798,P0025,1
O000798,P0008,2
O000798,P0064,1
O000799,P0071,1
O000799,P0061,1
O000799,P0037,1
O000800,P0022,1
O000801,P0064,1
O000801,P0072,2
O000801,P0063,1
O000802,P0061,3
O000803,P0059,2
O000804,P0050,3
O000804,P0089,3
O000805,P0096,1
O000806,P0083,1
O000807,P0034,1
O000808,P0094,1
O000808,P0004,1
O000808,P0007,2
O000809,P0039,1
O000809,P0075,3
O000810,P0058,3
O000811,P0003,1
O000811,P0010,3
O000812,P0028,1
O000813,P0041,1
O000813,P0066,3
O000814,P0012,1
O000815,P0001,1
O000816,P0027,1
O000817,P0064,1
O000818,P0068,2
O000818,P0052,1
O000818,P0035,1
O000819,P0004,1
O000820,P0087,3
O000821,P0032,1
O000822,P0006,1
O000823,P0079,3
O000824,P0066,1
O000825,P0068,3
O000825,P0027,1
O000825,P0050,1
O000825,P0078,1
O000826,P0083,1
O000827,P0026,1
O000828,P0020,2
O000829,P0059,1
O000830,P0050,2
O000831,P0069,2
O000832,P0003,1
O000832,P0030,1
O000833,P0088,2
O000834,P0061,1
O000834,P0076,1
O000835,P0005,1
O000836,P0075,1
O000836,P0059,2
O000837,P0094,1
O000837,P0075,1
O000838,P0065,2
O000839,P0082,3
O000839,P0064,1
O000840,P0003,1
O000840,P0086,1
O000840,P0091,2
O000841,P0066,1
O000841,P0059,2
O000842,P0082,2
O000842,P0020,3
O000843,P0016,2
O000844,P0090,3
O000844,P0095,1
O000845,P0075,3
O000845,P0085,1
O000846,P0028,1
O000846,P0076,1
O000847,P0024,1
O000847,P0094,1
O000848,P0001,3
O000849,P0062,1
O000849,P0015,3
O000850,P0081,1
O000850,P0030,1
O000850,P0038,3
O000851,P0009,2
O000851,P0004,3
O000852,P0061,2
O000852,P0027,2
O000853,P0083,2
O000853,P0018,1
O000854,P0071,1
O000855,P0092,1
O000855,P0052,1
O000855,P0030,1
O000856,P0052,1
O000856,P0038,3
O000856,P0095,1
O000857,P0030,1
O000857,P0086,2
O000858,P0025,2
O000859,P0085,1
O000859,P0090,1
O000860,P0072,3
O000860,P0069,2
O000861,P0049,2
O000862,P0024,3
O000863,P0028,3
O000864,P0089,1
O000865,P0027,2
O000865,P0047,1
O000866,P0065,2
O000867,P0074,1
O000868,P0059,3
O000868,P0022,1
O000869,P0010,1
O000869,P0046,3
O000870,P0019,1
O000871,P0020,2
O000871,P0085,3
O000872,P0050,3
O000872,P0021,3
O000873,P0074,1
O000874,P0071,3
O000875,P0049,2
O000876,P0023,1
O000877,P0038,2
O000878,P0096,1
O000879,P0063,2
O000879,P0080,1
O000880,P0060,2
O000880,P0015,1
O000881,P0034,2
O000882,P0067,1
O000883,P0034,2
O000884,P0042,1
O000884,P0057,3
O000885,P0090,1
O000885,P0074,1
O000886,P0055,1
O000886,P0079,1
O000886,P0063,2
O000887,P0047,3
O000888,P0017,2
O000889,P0030,2
O000890,P0015,2
O000890,P0011,1
O000891,P0035,1
O000891,P0088,2
O000892,P0080,2
O000893,P0011,3
O000894,P0065,1
O000895,P0020,2
O000895,P0013,2
O000896,P0070,3
O000897,P0090,3
O000898,P0013,3
O000899,P0030,1
O000900,P0018,2
O000900,P0083,1
O000900,P0066,1
O000901,P0092,1
O000902,P0013,1
O000902,P0065,3
O000903,P0023,3
O000904,P0022,3
O000905,P0047,1
O000905,P0041,1
O000906,P0066,1
O000907,P0038,1
O000907,P0076,1
O000907,P0077,2
O000907,P0034,1
O000908,P0044,1
O000909,P0024,1
O000909,P0060,1
O000910,P0055,1
O000910,P0034,1
O000911,P0094,1
O000912,P0048,1
O000912,P0050,3
O000913,P0055,3
O000914,P0079,1
O000915,P0031,2
O000915,P0073,3
O000915,P0056,2
O000916,P0081,1
O000917,P0010,1
O000917,P0030,1
O000918,P0015,2
O000919,P0043,2
O000920,P0079,1
O000921,P0071,3
O000921,P0045,1
O000922,P0019,3
O000922,P0096,1
O000923,P0022,2
O000923,P0083,1
O000924,P0090,1
O000924,P0080,1
O000924,P0057,1
O000925,P0075,3
O000925,P0050,1
O000926,P0021,1
O000926,P0079,2
O000926,P0063,3
O000926,P0014,2
O000927,P0083,1
O000928,P0013,3
O000928,P0046,1
O000929,P0075,3
O000930,P0059,1
O000930,P0060,2
O000931,P0049,1
O000932,P0085,1
O000932,P0002,1
O000932,P0096,3
O000932,P0063,3
O000933,P0038,1
O000934,P0068,3
O000935,P0086,1
O000935,P0043,3
O000936,P0046,1
O000937,P0017,1
O000938,P0054,2
O000938,P0095,1
O000939,P0060,2
O000940,P0068,1
O000941,P0071,3
O000942,P0046,3
O000943,P0027,1
O000943,P0035,1
O000944,P0067,1
O000945,P0026,1
O000946,P0050,1
O000946,P0067,2
O000947,P0070,1
O000948,P0026,2
O000949,P0026,2
O000950,P0086,2
O000951,P0028,1
O000951,P0008,1
O000951,P0055,1
O000952,P0093,1
O000952,P0072,1
O000952,P0065,3
O000953,P0059,2
O000953,P0039,1
O000954,P0058,1
O000955,P0028,3
O000955,P0045,3
O000956,P0066,1
O000956,P0006,1
O000957,P0095,1
O000957,P0002,3
O000958,P0090,1
O000959,P0091,3
O000960,P0053,1
O000960,P0026,2
O000961,P0037,1
O000961,P0066,1
O000961,P0034,2
O000962,P0057,1
O000963,P0096,2
O000964,P0038,1
O000965,P0013,1
O000966,P0029,1
O000967,P0078,1
O000968,P0062,2
O000969,P0081,1
O000970,P0068,1
O000970,P0032,3
O000971,P0085,1
O000972,P0092,2
O000972,P0049,3
O000973,P0033,1
O000973,P0090,1
O000974,P0064,1
O000974,P0061,1
O000974,P0078,2
O000975,P0001,3
O000976,P0095,3
O000977,P0066,1
O000978,P0071,3
O000979,P0033,1
O000980,P0077,2
O000980,P0054,1
O000980,P0034,3
O000981,P0024,1
O000981,P0043,1
O000982,P0082,2
O000983,P0088,2
O000983,P0002,1
O000983,P0073,1
O000984,P0025,1
O000984,P0048,2
O000985,P0088,1
O000985,P0035,2
O000986,P0035,1
O000986,P0009,3
O000987,P0088,3
O000987,P0054,3
O000987,P0076,2
O000987,P0011,1
O000988,P0092,1
O000988,P0005,3
O000989,P0008,1
O000989,P0016,2
O000989,P0065,1
O000990,P0040,3
O000990,P0004,2
O000990,P0055,3
O000990,P0060,2
O000991,P0050,1
O000992,P0046,1
O000993,P0074,1
O000993,P0014,3
O000993,P0077,1
O000994,P0012,1
O000994,P0055,1
O000994,P0034,3
O000995,P0093,3
O000995,P0006,3
O000996,P0049,1
O000996,P0020,2
O000997,P0056,1
O000998,P0072,1
O000998,P0047,2
O000999,P0063,3
O001000,P0085,1
O001001,P0041,1
O001002,P0054,2
O001002,P0084,1
O001003,P0001,1
O001003,P0093,2
O001004,P0080,1
O001004,P0079,1
O001005,P0044,1
O001006,P0030,1
O001006,P0046,1
O001007,P0006,3
O001007,P0017,1
O001007,P0028,2
O001008,P0043,3
O001008,P0085,1
O001009,P0012,1
O001009,P0037,3
O001010,P0069,1
O001011,P0025,1
O001012,P0037,3
O001013,P0087,1
O001014,P0083,1
O001015,P0027,1
O001016,P0054,1
O001016,P0014,1
O001016,P0037,3
O001016,P0029,3
O001017,P0020,1
O001018,P0023,2
O001018,P0009,1
O001019,P0092,1
O001020,P0026,2
O001020,P0019,2
O001020,P0088,1
O001021,P0073,3
O001022,P0026,1
O001023,P0005,2
O001024,P0023,3
O001025,P0061,1
O001025,P0005,3
O001026,P0091,1
O001026,P0032,2
O001027,P0025,1
O001027,P0013,1
O001028,P0013,1
O001028,P0048,1
O001028,P0070,1
O001029,P0048,1
O001030,P0085,1
O001031,P0016,3
O001031,P0033,1
O001031,P0043,1
O001032,P0019,3
O001033,P0022,2
O001033,P0080,3
O001034,P0010,2
O001034,P0036,1
O001035,P0068,1
O001036,P0007,1
O001036,P0016,3
O001037,P0053,1
O001038,P0004,3
O001039,P0025,1
O001040,P0012,3
O001040,P0044,1
O001040,P0040,2
O001041,P0030,1
O001041,P0023,1
O001042,P0057,1
O001043,P0028,3
O001043,P0033,1
O001044,P0039,1
O001045,P0013,1
O001046,P0065,1
O001046,P0083,1
O001047,P0026,1
O001048,P0087,1
O001048,P0054,1
O001048,P0034,3
O001048,P0040,1
O001049,P0070,3
O001050,P0070,2
O001051,P0014,1
O001052,P0069,1
O001053,P0091,2
O001053,P0056,2
O001054,P0031,1
O001054,P0004,1
O001054,P0030,3
O001055,P0026,2
O001056,P0044,1
O001056,P0059,1
O001057,P0096,1
O001057,P0015,3
O001058,P0055,1
O001059,P0046,1
O001060,P0067,3
O001060,P0058,3
O001060,P0023,1
O001061,P0088,1
O001062,P0065,1
O001063,P0015,1
O001064,P0080,2
O001065,P0072,1
O001066,P0035,2
O001066,P0028,1
O001067,P0063,1
O001068,P0013,1
O001069,P0084,1
O001070,P0051,1
O001071,P0046,1
O001072,P0034,1
O001073,P0023,1
O001073,P0027,1
O001074,P0084,2
O001075,P0055,1
O001076,P0010,2
O001077,P0094,1
O001077,P0089,1
O001078,P0083,2
O001078,P0004,1
O001079,P0043,1
O001079,P0032,1
O001079,P0035,2
O001080,P0080,1
O001081,P0067,1
O001082,P0045,1
O001082,P0022,3
O001083,P0009,1
O001084,P0037,2
O001084,P0094,1
O001085,P0065,1
O001085,P0043,3
O001086,P0092,1
O001086,P0010,1
O001087,P0006,2
O001087,P0075,2
O001088,P0038,1
O001089,P0049,1
O001090,P0081,1
O001091,P0061,1
O001091,P0064,2
O001092,P0039,3
O001093,P0080,1
O001094,P0094,1
O001094,P0063,2
O001094,P0011,1
O001095,P0072,2
O001095,P0051,1
O001095,P0069,2
O001095,P0057,1
O001096,P0012,1
O001097,P0042,1
O001097,P0073,1
O001097,P0049,1
O001097,P0065,1
O001098,P0059,1
O001099,P0067,2
O001100,P0089,1
O001101,P0056,1
O001102,P0023,2
O001103,P0022,3
O001104,P0052,1
O001105,P0059,1
O001106,P0075,3
O001107,P0036,1
O001108,P0055,2
O001109,P0003,1
O001109,P0067,3
O001110,P0063,1
O001110,P0090,2
O001111,P0037,3
O001111,P0043,3
O001111,P0050,1
O001112,P0068,2
O001112,P0035,1
O001112,P0096,1
O001112,P0078,3
O001113,P0044,1
O001114,P0041,1
O001115,P0022,3
O001116,P0072,1
O001117,P0027,1
O001117,P0028,1
O001118,P0078,1
O001119,P0022,3
O001119,P0068,1
O001119,P0037,2
O001120,P0037,1
O001120,P0049,1
O001120,P0044,2
O001120,P0056,2
O001121,P0054,3
O001121,P0089,1
O001122,P0086,1
O001123,P0069,2
O001123,P0014,1
O001123,P0092,2
O001124,P0027,2
O001124,P0005,3
O001125,P0037,2
O001126,P0080,3
O001127,P0058,3
O001128,P0013,2
O001129,P0035,2
O001129,P0005,1
O001130,P0022,1
O001131,P0082,1
O001131,P0046,2
O001132,P0038,2
O001133,P0054,3
O001133,P0051,1
O001134,P0068,2
O001134,P0018,1
O001135,P0055,1
O001135,P0094,1
O001136,P0031,1
O001137,P0050,2
O001137,P0045,1
O001138,P0076,3
O001139,P0036,2
O001140,P0074,1
O001141,P0020,2
O001141,P0008,1
O001141,P0007,1
O001142,P0013,1
O001142,P0091,2
O001142,P0046,1
O001142,P0057,1
O001143,P0088,3
O001144,P0001,2
O001144,P0088,1
O001145,P0072,3
O001145,P0068,2
O001146,P0060,1
O001147,P0083,1
O001148,P0043,1
O001149,P0077,1
O001150,P0086,2
O001150,P0007,1
O001151,P0095,3
O001152,P0027,3
O001152,P0003,1
O001153,P0095,3
O001154,P0008,3
O001155,P0034,1
O001156,P0027,1
O001156,P0083,3
O001157,P0023,1
O001158,P0087,2
O001158,P0083,1
O001158,P0063,1
O001159,P0091,3
O001159,P0054,1
O001160,P0089,3
O001160,P0092,3
O001161,P0041,1
O001162,P0061,1
O001163,P0024,1
O001163,P0052,3
O001164,P0011,3
O001165,P0030,1
O001165,P0095,1
O001166,P0092,2
O001167,P0049,1
O001167,P0031,3
O001168,P0061,1
O001168,P0029,1
O001169,P0045,1
O001170,P0020,1
O001170,P0035,1
O001170,P0050,1
O001170,P0086,1
O001171,P0095,1
O001171,P0067,3
O001172,P0083,1
O001172,P0091,1
O001172,P0058,1
O001173,P0002,1
O001173,P0046,1
O001174,P0007,1
O001174,P0020,1
O001174,P0067,1
O001174,P0065,1
O001175,P0007,1
O001176,P0019,2
O001176,P0075,1
O001177,P0043,1
O001177,P0037,1
O001178,P0043,1
O001178,P0058,1
O001179,P0038,1
O001180,P0055,3
O001180,P0031,1
O001181,P0028,2
O001181,P0039,1
O001182,P0019,1
O001183,P0058,1
O001184,P0072,1
O001185,P0063,1
O001185,P0070,2
O001186,P0032,1
O001186,P0055,1
O001186,P0087,1
O001186,P0035,1
O001187,P0069,1
O001187,P0005,3
O001188,P0076,3
O001188,P0026,1
O001189,P0005,3
O001190,P0041,1
O001190,P0051,1
O001191,P0039,3
O001191,P0061,1
O001192,P0095,1
O001192,P0083,2
O001193,P0043,1
O001193,P0091,1
O001194,P0019,1
O001194,P0090,2
O001194,P0048,1
O001194,P0061,1
O001195,P0027,2
O001196,P0077,1
O001196,P0016,2
O001196,P0009,1
O001197,P0057,1
O001198,P0014,1
O001198,P0077,3
O001198,P0050,3
O001199,P0093,3
O001200,P0037,1
O001201,P0047,3
O001201,P0094,1
O001201,P0055,1
O001202,P0037,1
O001203,P0038,2
O001203,P0029,1
O001204,P0067,1
O001204,P0009,1
O001205,P0045,1
O001206,P0008,1
O001206,P0057,2
O001207,P0048,1
O001207,P0085,2
O001208,P0031,3
O001209,P0008,1
O001209,P0072,1
O001210,P0093,3
O001211,P0092,2
O001212,P0004,2
O001213,P0008,3
O001214,P0003,2
O001215,P0092,1
O001215,P0064,3
O001216,P0065,1
O001216,P0088,2
O001217,P0088,3
O001217,P0051,1
O001218,P0004,2
O001218,P0063,1
O001218,P0026,2
O001218,P0076,1
O001219,P0020,3
O001220,P0062,2
O001220,P0016,1
O001221,P0076,3
O001221,P0066,2
O001222,P0060,1
O001222,P0017,1
O001223,P0020,1
O001223,P0005,3
O001224,P0039,3
O001225,P0081,1
O001225,P0078,1
O001225,P0095,2
O001226,P0048,3
O001226,P0055,1
O001227,P0087,1
O001227,P0031,3
O001227,P0010,1
O001228,P0021,1
O001229,P0018,1
O001230,P0016,3
O001231,P0028,1
O001231,P0003,2
O001232,P0044,3
O001232,P0065,1
O001233,P0008,1
O001233,P0069,1
O001234,P0031,1
O001234,P0084,1
O001235,P0091,3
O001235,P0026,3
O001235,P0094,1
O001236,P0058,1
O001237,P0008,3
O001237,P0005,2
O001237,P0038,1
O001238,P0032,2
O001239,P0003,1
O001239,P0095,1
O001240,P0005,1
O001240,P0016,2
O001241,P0031,1
O001242,P0083,1
O001243,P0016,1
O001243,P0046,1
O001244,P0048,3
O001245,P0041,2
O001246,P0045,2
O001246,P0073,1
O001247,P0018,2
O001248,P0062,1
O001249,P0053,1
O001249,P0084,1
O001250,P0090,1
O001250,P0054,1
O001251,P0006,2
O001251,P0066,2
O001252,P0082,1
O001253,P0082,3
O001254,P0092,1
O001255,P0018,1
O001256,P0093,3
O001257,P0054,2
O001257,P0021,3
O001257,P0071,1
O001258,P0016,1
O001259,P0046,1
O001259,P0041,1
O001260,P0052,1
O001260,P0053,1
O001260,P0038,3
O001261,P0002,2
O001262,P0032,1
O001263,P0089,3
O001264,P0031,1
O001265,P0021,1
O001266,P0048,3
O001266,P0072,2
O001267,P0063,1
O001268,P0068,2
O001268,P0083,1
O001268,P0086,3
O001268,P0035,1
O001269,P0018,1
O001270,P0065,1
O001271,P0079,2
O001272,P0074,1
O001273,P0072,3
O001274,P0010,1
O001275,P0064,2
O001276,P0029,1
O001276,P0035,2
O001276,P0031,1
O001277,P0032,1
O001277,P0016,3
O001278,P0009,1
O001279,P0045,1
O001279,P0062,1
O001279,P0010,1
O001280,P0093,2
O001280,P0021,1
O001281,P0022,1
O001281,P0012,1
O001281,P0056,2
O001281,P0068,1
O001282,P0048,3
O001282,P0088,3
O001282,P0017,1
O001283,P0038,1
O001283,P0085,2
O001284,P0014,1
O001285,P0060,1
O001285,P0049,3
O001286,P0060,3
O001287,P0041,3
O001288,P0078,3
O001288,P0026,1
O001289,P0001,3
O001289,P0011,1
O001290,P0012,1
O001291,P0059,1
O001291,P0008,1
O001292,P0062,1
O001292,P0035,1
O001292,P0069,3
O001293,P0080,1
O001294,P0087,3
O001295,P0064,1
O001296,P0015,3
O001297,P0087,1
O001297,P0053,2
O001298,P0061,3
O001299,P0026,1
O001299,P0032,3
O001300,P0065,3
O001300,P0042,2
O001301,P0079,1
O001301,P0094,1
O001302,P0060,1
O001303,P0038,2
O001304,P0033,1
O001305,P0063,3
O001305,P0081,1
O001305,P0023,3
O001306,P0040,3
O001306,P0096,1
O001307,P0002,1
O001307,P0073,3
O001308,P0027,2
O001308,P0025,1
O001309,P0021,1
O001310,P0047,2
O001310,P0009,2
O001311,P0037,1
O001311,P0065,1
O001312,P0016,1
O001313,P0060,1
O001314,P0019,2
O001315,P0095,2
O001315,P0096,1
O001316,P0083,3
O001317,P0078,3
O001318,P0054,2
O001319,P0066,2
O001319,P0005,1
O001320,P0084,1
O001320,P0030,2
O001320,P0042,1
O001321,P0019,2
O001321,P0085,2
O001322,P0087,1
O001322,P0080,1
O001323,P0016,1
O001324,P0094,1
O001325,P0050,3
O001325,P0022,1
O001326,P0072,1
O001326,P0013,1
O001327,P0040,2
O001327,P0046,2
O001327,P0051,3
O001328,P0009,2
O001329,P0003,1
O001329,P0083,1
O001329,P0017,3
O001330,P0063,2
O001331,P0014,3
O001331,P0018,1
O001332,P0039,1
O001333,P0064,2
O001334,P0091,2
O001335,P0084,1
O001335,P0070,1
O001336,P0033,1
O001337,P0057,3
O001338,P0033,1
O001338,P0004,1
O001338,P0006,1
O001338,P0025,2
O001339,P0095,1
O001340,P0049,1
O001340,P0057,2
O001341,P0088,3
O001341,P0067,2
O001342,P0054,1
O001342,P0092,3
O001343,P0007,1
O001343,P0015,1
O001344,P0085,1
O001345,P0085,1
O001345,P0046,1
O001346,P0077,3
O001347,P0063,3
O001347,P0066,3
O001348,P0046,1
O001349,P0024,1
O001349,P0072,1
O001350,P0066,1
O001350,P0036,1
O001351,P0006,3
O001351,P0030,1
O001351,P0045,1
O001352,P0068,2
O001352,P0086,1
O001352,P0014,2
O001353,P0017,1
O001353,P0003,1
O001354,P0002,1
O001354,P0072,1
O001355,P0059,1
O001355,P0018,1
O001355,P0081,1
O001356,P0089,2
O001357,P0052,1
O001358,P0057,3
O001359,P0020,1
O001359,P0023,1
O001360,P0003,1
O001360,P0030,1
O001360,P0095,1
O001360,P0096,2
O001361,P0068,1
O001361,P0030,1
O001362,P0075,2
O001362,P0043,1
O001363,P0048,2
O001363,P0047,3
O001364,P0090,2
O001364,P0059,3
O001365,P0028,1
O001365,P0059,3
O001366,P0062,1
O001367,P0001,2
O001368,P0086,1
O001368,P0040,2
O001369,P0060,1
O001370,P0056,1
O001370,P0088,1
O001371,P0094,1
O001371,P0040,3
O001371,P0025,1
O001372,P0087,3
O001373,P0044,3
O001374,P0009,1
O001374,P0035,1
O001375,P0044,2
O001376,P0054,1
O001377,P0026,1
O001377,P0022,3
O001377,P0059,1
O001378,P0067,1
O001379,P0040,1
O001380,P0009,2
O001380,P0023,1
O001381,P0009,2
O001382,P0050,1
O001383,P0013,3
O001384,P0071,3
O001384,P0075,3
O001384,P0022,1
O001385,P0053,1
O001385,P0082,1
O001385,P0084,1
O001386,P0065,2
O001386,P0009,3
O001387,P0019,1
O001388,P0030,1
O001389,P0021,2
O001390,P0084,3
O001390,P0094,1
O001391,P0059,1
O001392,P0027,1
O001393,P0026,3
O001393,P0023,1
O001394,P0091,2
O001395,P0024,2
O001395,P0075,2
O001396,P0025,3
O001397,P0075,1
O001397,P0044,3
O001398,P0079,2
O001398,P0052,3
O001399,P0036,1
O001400,P0018,1
O001401,P0042,1
O001401,P0030,1
O001402,P0044,3
O001403,P0027,1
O001404,P0029,1
O001404,P0027,1
O001404,P0072,1
O001405,P0036,1
O001406,P0059,1
O001407,P0025,3
O001408,P0077,1
O001408,P0043,1
O001409,P0003,1
O001409,P0086,3
O001409,P0035,1
O001410,P0047,1
O001410,P0074,1
O001410,P0033,1
O001410,P0051,1
O001411,P0077,1
O001412,P0044,3
O001412,P0083,1
O001412,P0001,2
O001413,P0056,2
O001414,P0093,1
O001414,P0047,1
O001415,P0040,1
O001415,P0020,1
O001416,P0079,2
O001417,P0016,2
O001418,P0052,3
O001418,P0032,2
O001419,P0088,1
O001419,P0049,2
O001420,P0015,3
O001420,P0042,1
O001421,P0087,2
O001421,P0083,3
O001421,P0019,1
O001422,P0081,1
O001422,P0076,1
O001423,P0038,3
O001424,P0056,1
O001425,P0062,1
O001426,P0060,3
O001426,P0069,1
O001427,P0033,1
O001427,P0058,1
O001427,P0077,3
O001427,P0070,1
O001428,P0090,1
O001429,P0001,1
O001429,P0092,1
O001430,P0010,2
O001430,P0024,1
O001431,P0079,3
O001432,P0079,1
O001432,P0008,1
O001433,P0075,1
O001433,P0094,1
O001434,P0017,1
O001434,P0059,1
O001435,P0017,3
O001436,P0013,1
O001437,P0094,1
O001438,P0016,1
O001439,P0012,1
O001439,P0023,1
O001440,P0030,1
O001441,P0088,1
O001442,P0048,2
O001443,P0002,1
O001443,P0016,2
O001444,P0014,2
O001445,P0094,2
O001445,P0015,1
O001445,P0061,1
O001446,P0041,1
O001447,P0030,1
O001447,P0073,1
O001447,P0017,1
O001448,P0024,3
O001448,P0082,1
O001448,P0084,2
O001448,P0040,3
O001449,P0021,1
O001450,P0089,3
O001450,P0046,1
O001451,P0089,2
O001452,P0023,1
O001452,P0067,1
O001452,P0060,3
O001453,P0069,1
O001453,P0085,1
O001454,P0039,2
O001455,P0067,2
O001456,P0058,3
O001456,P0094,1
O001457,P0038,1
O001458,P0031,1
O001458,P0093,3
O001458,P0028,1
O001458,P0007,1
O001459,P0047,1
O001460,P0008,2
O001461,P0044,2
O001462,P0060,1
O001463,P0035,1
O001463,P0020,3
O001464,P0065,1
O001465,P0061,1
O001466,P0014,1
O001467,P0021,1
O001467,P0038,1
O001468,P0085,3
O001468,P0037,1
O001469,P0005,1
O001469,P0085,1
O001469,P0064,3
O001469,P0011,2
O001470,P0009,1
O001470,P0064,1
O001471,P0049,1
O001472,P0049,1
O001473,P0048,3
O001474,P0061,1
O001474,P0018,1
O001474,P0067,1
O001475,P0018,2
O001476,P0011,2
O001477,P0028,1
O001477,P0069,1
O001477,P0004,1
O001478,P0012,1
O001479,P0060,3
O001480,P0049,1
O001481,P0005,1
O001482,P0056,1
O001482,P0094,3
O001483,P0082,3
O001483,P0062,3
O001484,P0039,3
O001484,P0024,2
O001484,P0015,1
O001484,P0070,1
O001485,P0037,1
O001486,P0075,1
O001486,P0025,1
O001486,P0038,1
O001487,P0051,3
O001487,P0030,1
O001488,P0024,1
O001488,P0054,1
O001489,P0029,1
O001490,P0084,1
O001491,P0008,1
O001491,P0051,3
O001492,P0062,1
O001493,P0005,3
O001493,P0084,1
O001494,P0019,1
O001494,P0036,1
O001495,P0092,1
O001496,P0020,3
O001496,P0046,1
O001496,P0069,1
O001497,P0069,2
O001498,P0033,2
O001499,P0046,1
O001500,P0048,1
O001500,P0090,1
O001501,P0078,3
O001502,P0006,1
O001502,P0024,1
O001503,P0064,1
O001503,P0093,1
O001504,P0086,1
O001505,P0019,1
O001506,P0087,1
O001507,P0069,1
O001508,P0057,1
O001508,P0083,1
O001508,P0026,1
O001509,P0092,3
O001509,P0021,1
O001510,P0092,1
O001510,P0042,1
O001511,P0009,1
O001512,P0053,1
O001512,P0016,2
O001513,P0078,3
O001514,P0021,1
O001514,P0031,1
O001514,P0071,1
O001515,P0014,2
O001515,P0010,1
O001516,P0050,1
O001517,P0060,3
O001518,P0013,1
O001519,P0015,1
O001520,P0058,1
O001521,P0001,1
O001521,P0010,1
O001521,P0071,1
O001522,P0064,1
O001523,P0050,1
O001523,P0074,1
O001523,P0096,2
O001523,P0033,3
O001524,P0060,1
O001524,P0023,1
O001524,P0089,3
O001524,P0022,1
O001525,P0018,1
O001526,P0075,1
O001527,P0089,3
O001528,P0058,1
O001528,P0025,1
O001529,P0075,3
O001530,P0024,2
O001531,P0033,2
O001532,P0049,2
O001533,P0057,1
O001533,P0074,3
O001534,P0026,1
O001535,P0031,2
O001536,P0044,1
O001536,P0045,1
O001536,P0069,1
O001536,P0040,1
O001537,P0028,2
O001538,P0039,1
O001539,P0012,3
O001540,P0053,1
O001540,P0051,1
O001540,P0046,2
O001541,P0062,1
O001541,P0066,1
O001541,P0050,3
O001542,P0071,1
O001543,P0072,2
O001543,P0050,1
O001544,P0008,1
O001544,P0079,3
O001544,P0073,3
O001545,P0025,2
O001545,P0016,3
O001546,P0048,3
O001547,P0011,1
O001548,P0067,1
O001549,P0044,1
O001550,P0064,1
O001550,P0035,3
O001550,P0042,1
O001551,P0032,1
O001552,P0048,2
O001552,P0076,2
O001552,P0026,1
O001552,P0020,1
O001553,P0044,1
O001554,P0045,1
O001554,P0054,1
O001554,P0024,3
O001555,P0067,1
O001556,P0091,3
O001556,P0073,1
O001557,P0058,2
O001557,P0005,1
O001558,P0093,2
O001559,P0051,1
O001560,P0032,2
O001560,P0023,1
O001561,P0035,1
O001562,P0055,1
O001562,P0011,2
O001562,P0065,2
O001562,P0063,1
O001563,P0010,2
O001563,P0004,1
O001564,P0054,1
O001565,P0027,1
O001565,P0077,1
O001566,P0040,1
O001566,P0085,1
O001566,P0034,2
O001567,P0090,1
O001567,P0019,2
O001567,P0002,1
O001568,P0029,3
O001568,P0018,3
O001569,P0033,1
O001569,P0044,2
O001570,P0031,1
O001571,P0094,1
O001572,P0023,1
O001573,P0025,3
O001574,P0026,1
O001575,P0086,1
O001576,P0036,2
O001576,P0003,1
O001577,P0018,1
O001578,P0065,3
O001579,P0035,1
O001579,P0081,1
O001579,P0036,1
O001580,P0012,1
O001581,P0030,1
O001582,P0038,2
O001583,P0080,1
O001583,P0078,1
O001584,P0016,1
O001585,P0047,1
O001586,P0029,1
O001587,P0053,2
O001588,P0009,1
O001588,P0066,2
O001589,P0058,2
O001590,P0023,1
O001590,P0089,1
O001591,P0031,1
O001591,P0011,3
O001592,P0001,1
O001592,P0090,3
O001593,P0002,2
O001593,P0003,2
O001594,P0077,1
O001595,P0091,1
O001595,P0012,3
O001595,P0073,1
O001596,P0066,1
O001597,P0053,1
O001598,P0074,1
O001599,P0019,3
O001600,P0038,3
O001601,P0027,1
O001602,P0065,1
O001602,P0059,2
O001603,P0039,2
O001604,P0007,1
O001605,P0051,1
O001605,P0070,2
O001606,P0051,3
O001606,P0029,3
O001607,P0026,1
O001608,P0001,2
O001609,P0056,2
O001609,P0078,2
O001610,P0004,1
O001611,P0066,1
O001611,P0030,1
O001611,P0057,1
O001611,P0022,1
O001612,P0081,1
O001613,P0031,1
O001614,P0046,1
O001615,P0018,3
O001616,P0046,1
O001617,P0093,1
O001618,P0069,1
O001619,P0069,3
O001619,P0037,3
O001620,P0071,3
O001620,P0076,1
O001620,P0096,1
O001621,P0020,1
O001621,P0096,1
O001621,P0076,1
O001622,P0088,1
O001623,P0046,3
O001623,P0080,3
O001624,P0063,3
O001624,P0038,1
O001624,P0093,1
O001625,P0049,1
O001625,P0013,3
O001625,P0064,2
O001626,P0068,2
O001626,P0064,3
O001626,P0070,1
O001627,P0060,1
O001627,P0085,2
O001628,P0058,1
O001628,P0069,3
O001629,P0092,2
O001630,P0009,3
O001631,P0059,1
O001631,P0058,1
O001631,P0068,3
O001631,P0048,3
O001632,P0094,3
O001633,P0038,1
O001634,P0046,3
O001634,P0049,2
O001634,P0060,3
O001634,P0048,2
O001635,P0041,1
O001635,P0063,1
O001635,P0014,1
O001636,P0011,1
O001636,P0059,1
O001637,P0083,1
O001637,P0046,3
O001638,P0071,3
O001638,P0013,2
O001639,P0078,2
O001640,P0048,3
O001641,P0069,3
O001641,P0025,1
O001642,P0047,2
O001642,P0038,1
O001642,P0015,1
O001642,P0034,3
O001643,P0019,1
O001643,P0013,1
O001643,P0045,1
O001643,P0006,3
O001644,P0023,1
O001645,P0075,3
O001646,P0049,1
O001647,P0065,3
O001647,P0034,1
O001647,P0061,1
O001647,P0036,1
O001648,P0021,3
O001649,P0014,1
O001650,P0011,1
O001651,P0044,2
O001651,P0087,1
O001651,P0049,2
O001652,P0085,2
O001653,P0046,2
O001653,P0090,1
O001653,P0074,3
O001654,P0056,3
O001654,P0091,1
O001655,P0071,3
O001655,P0006,3
O001656,P0052,1
O001657,P0094,3
O001658,P0096,2
O001658,P0051,1
O001658,P0094,1
O001658,P0045,3
O001659,P0018,1
O001659,P0029,2
O001660,P0073,1
O001660,P0093,2
O001660,P0074,1
O001661,P0052,1
O001662,P0022,1
O001662,P0088,1
O001662,P0087,1
O001662,P0060,3
O001663,P0078,1
O001663,P0020,1
O001663,P0007,1
O001663,P0048,1
O001664,P0077,1
O001665,P0005,1
O001665,P0086,1
O001665,P0003,1
O001666,P0033,2
O001667,P0063,2
O001668,P0088,3
O001669,P0036,3
O001670,P0084,3
O001670,P0047,3
O001671,P0055,1
O001671,P0027,3
O001672,P0082,1
O001672,P0001,1
O001673,P0005,1
O001674,P0062,1
O001674,P0079,1
O001674,P0024,2
O001675,P0064,2
O001676,P0087,3
O001676,P0022,2
O001677,P0019,1
O001678,P0012,1
O001679,P0043,1
O001679,P0080,3
O001679,P0042,1
O001679,P0062,1
O001680,P0012,3
O001680,P0080,1
O001680,P0066,1
O001681,P0048,1
O001682,P0078,1
O001682,P0026,1
O001683,P0090,1
O001684,P0035,1
O001685,P0066,1
O001686,P0067,2
O001686,P0003,1
O001687,P0078,1
O001688,P0090,1
O001688,P0082,3
O001689,P0054,1
O001689,P0062,1
O001690,P0005,1
O001690,P0052,1
O001690,P0007,1
O001691,P0043,1
O001691,P0013,1
O001692,P0006,1
O001693,P0074,1
O001693,P0027,1
O001694,P0017,1
O001695,P0005,2
O001695,P0066,1
O001696,P0083,3
O001697,P0064,1
O001697,P0075,1
O001697,P0008,3
O001698,P0083,1
O001699,P0080,1
O001700,P0048,2
O001701,P0030,1
O001702,P0034,2
O001703,P0096,1
O001703,P0001,1
O001704,P0089,1
O001705,P0040,3
O001706,P0064,3
O001706,P0032,1
O001707,P0028,3
O001707,P0076,3
O001708,P0001,1
O001709,P0082,1
O001710,P0056,2
O001710,P0019,1
O001711,P0019,2
O001712,P0019,1
O001712,P0037,2
O001713,P0086,2
O001713,P0038,3
O001713,P0030,2
O001713,P0061,1
O001714,P0053,1
O001715,P0077,2
O001715,P0008,3
O001715,P0073,3
O001715,P0049,3
O001716,P0082,3
O001717,P0029,1
O001718,P0096,2
O001718,P0067,1
O001719,P0006,1
O001720,P0023,2
O001720,P0055,1
O001721,P0016,1
O001722,P0039,1
O001723,P0030,3
O001723,P0058,1
O001724,P0095,1
O001724,P0005,1
O001725,P0061,1
O001726,P0055,2
O001726,P0094,1
O001727,P0062,3
O001728,P0053,1
O001729,P0059,3
O001730,P0036,1
O001731,P0021,1
O001732,P0051,1
O001732,P0075,1
O001733,P0057,1
O001733,P0035,1
O001733,P0018,3
O001734,P0046,3
O001735,P0016,3
O001736,P0030,1
O001736,P0001,1
O001736,P0044,3
O001737,P0091,1
O001737,P0001,2
O001737,P0081,1
O001737,P0056,2
O001738,P0039,2
O001738,P0025,1
O001738,P0083,1
O001739,P0086,1
O001739,P0077,1
O001740,P0078,3
O001740,P0084,2
O001741,P0063,1
O001741,P0004,1
O001742,P0067,1
O001742,P0040,1
O001743,P0041,3
O001744,P0033,2
O001744,P0028,3
O001744,P0048,1
O001745,P0015,1
O001746,P0007,1
O001747,P0028,3
O001748,P0044,1
O001749,P0017,1
O001750,P0041,1
O001751,P0096,1
O001752,P0023,1
O001752,P0080,1
O001753,P0024,1
O001754,P0034,1
O001755,P0062,3
O001755,P0092,1
O001755,P0023,1
O001756,P0079,2
O001757,P0024,1
O001758,P0089,1
O001758,P0024,1
O001758,P0051,2
O001759,P0041,1
O001760,P0060,1
O001760,P0035,3
O001761,P0018,1
O001761,P0053,1
O001762,P0052,1
O001763,P0060,1
O001764,P0023,1
O001765,P0010,1
O001765,P0080,1
O001766,P0089,3
O001767,P0013,1
O001768,P0053,1
O001769,P0012,3
O001770,P0024,1
O001770,P0066,3
O001771,P0042,1
O001772,P0028,1
O001773,P0019,1
O001774,P0036,2
O001774,P0066,1
O001774,P0040,1
O001775,P0023,1
O001776,P0055,1
O001777,P0063,1
O001778,P0023,2
O001778,P0092,3
O001779,P0020,3
O001780,P0036,3
O001781,P0062,3
O001782,P0048,1
O001782,P0017,1
O001782,P0028,1
O001782,P0020,2
O001783,P0094,1
O001783,P0082,3
O001784,P0015,2
O001784,P0069,1
O001785,P0038,1
O001786,P0041,1
O001786,P0058,1
O001787,P0014,1
O001787,P0053,2
O001787,P0059,1
O001787,P0071,1
O001788,P0066,2
O001789,P0041,1
O001790,P0054,2
O001791,P0084,1
O001791,P0082,2
O001791,P0021,1
O001792,P0084,1
O001792,P0078,1
O001792,P0073,3
O001792,P0075,2
O001793,P0091,1
O001793,P0076,1
O001793,P0002,2
O001794,P0078,2
O001794,P0040,1
O001795,P0047,1
O001796,P0062,1
O001797,P0063,2
O001798,P0021,3
O001799,P0049,1
O001799,P0077,1
O001799,P0058,1
O001799,P0030,1
O001800,P0040,1
O001801,P0077,2
O001801,P0037,1
O001802,P0084,1
O001802,P0012,2
O001803,P0004,1
O001804,P0078,1
O001804,P0005,2
O001805,P0091,1
O001806,P0084,3
O001806,P0042,1
O001807,P0091,1
O001807,P0052,1
O001808,P0058,2
O001808,P0043,1
O001808,P0045,2
O001809,P0002,1
O001810,P0053,1
O001811,P0093,1
O001811,P0084,1
O001812,P0060,2
O001813,P0077,3
O001814,P0040,2
O001814,P0093,1
O001815,P0035,1
O001816,P0001,1
O001817,P0010,1
O001818,P0028,1
O001819,P0039,1
O001820,P0051,2
O001820,P0086,2
O001820,P0049,3
O001821,P0041,1
O001822,P0004,3
O001823,P0021,1
O001823,P0011,1
O001823,P0019,2
O001824,P0062,3
O001825,P0077,2
O001826,P0051,1
O001827,P0082,3
O001827,P0064,1
O001828,P0095,1
O001829,P0047,1
O001830,P0012,1
O001830,P0060,1
O001830,P0026,2
O001831,P0025,3
O001832,P0081,2
O001833,P0034,1
O001833,P0093,1
O001833,P0037,2
O001833,P0072,1
O001834,P0072,1
O001835,P0080,3
O001836,P0083,1
O001837,P0086,1
O001838,P0042,1
O001839,P0010,2
O001840,P0038,3
O001840,P0028,1
O001841,P0066,1
O001841,P0024,2
O001841,P0009,1
O001841,P0053,2
O001842,P0005,1
O001843,P0090,2
O001844,P0086,1
O001844,P0088,1
O001845,P0089,1
O001845,P0010,2
O001846,P0070,1
O001847,P0093,2
O001848,P0043,3
O001848,P0083,2
O001848,P0079,2
O001849,P0064,2
O001850,P0068,1
O001850,P0071,3
O001851,P0088,2
O001852,P0001,1
O001852,P0002,1
O001853,P0009,3
O001853,P0057,1
O001853,P0004,3
O001853,P0015,1
O001854,P0082,1
O001855,P0075,1
O001856,P0072,3
O001857,P0092,2
O001857,P0053,1
O001858,P0041,2
O001858,P0047,1
O001859,P0094,1
O001860,P0029,1
O001860,P0041,3
O001861,P0003,1
O001861,P0056,1
O001862,P0004,1
O001862,P0072,1
O001863,P0071,1
O001863,P0042,1
O001864,P0062,1
O001864,P0073,3
O001864,P0011,1
O001864,P0025,3
O001865,P0005,1
O001865,P0081,1
O001866,P0039,1
O001867,P0044,1
O001868,P0066,1
O001869,P0032,2
O001870,P0080,1
O001871,P0029,2
O001872,P0010,2
O001873,P0024,2
O001874,P0086,1
O001874,P0070,3
O001874,P0085,1
O001874,P0074,1
O001875,P0002,1
O001875,P0073,2
O001876,P0095,3
O001876,P0041,1
O001877,P0008,3
O001877,P0016,1
O001877,P0062,2
O001878,P0027,1
O001878,P0006,2
O001879,P0039,1
O001879,P0009,3
O001880,P0025,2
O001881,P0073,1
O001882,P0036,1
O001883,P0022,3
O001883,P0079,1
O001883,P0023,1
O001884,P0094,1
O001885,P0001,3
O001886,P0083,3
O001887,P0087,1
O001887,P0095,3
O001888,P0077,1
O001888,P0056,1
O001889,P0086,1
O001889,P0076,3
O001889,P0068,3
O001890,P0043,2
O001891,P0075,1
O001891,P0068,1
O001892,P0014,3
O001893,P0079,2
O001894,P0076,2
O001894,P0090,1
O001894,P0038,1
O001895,P0047,3
O001895,P0053,1
O001896,P0071,1
O001897,P0094,3
O001897,P0015,3
O001897,P0063,1
O001898,P0038,1
O001898,P0060,1
O001898,P0080,1
O001899,P0029,1
O001899,P0088,1
O001900,P0052,1
O001900,P0087,1
O001901,P0031,3
O001902,P0003,2
O001902,P0073,3
O001903,P0056,2
O001904,P0090,1
O001905,P0046,1
O001905,P0050,1
O001906,P0046,3
O001907,P0083,3
O001907,P0001,3
O001908,P0046,2
O001908,P0007,1
O001909,P0049,1
O001910,P0057,1
O001910,P0048,1
O001911,P0003,1
O001911,P0061,1
O001912,P0077,1
O001913,P0057,1
O001914,P0055,1
O001915,P0003,3
O001915,P0066,1
O001915,P0028,1
O001916,P0008,1
O001917,P0006,1
O001918,P0011,1
O001918,P0032,2
O001918,P0004,1
O001918,P0025,1
O001919,P0047,3
O001919,P0070,1
O001920,P0058,1
O001920,P0022,1
O001921,P0085,1
O001921,P0086,1
O001921,P0046,2
O001922,P0049,1
O001923,P0035,1
O001923,P0051,1
O001924,P0003,1
O001924,P0043,1
O001924,P0078,1
O001925,P0008,1
O001926,P0022,1
O001927,P0052,1
O001927,P0017,3
O001928,P0084,1
O001928,P0033,3
O001928,P0018,1
O001929,P0068,3
O001930,P0053,1
O001931,P0079,1
O001931,P0062,3
O001932,P0076,1
O001932,P0071,1
O001933,P0077,1
O001933,P0058,1
O001934,P0025,1
O001935,P0094,3
O001936,P0049,1
O001937,P0044,3
O001937,P0083,1
O001937,P0002,3
O001937,P0042,2
O001938,P0002,2
O001939,P0037,3
O001939,P0010,1
O001940,P0024,1
O001940,P0047,1
O001941,P0073,1
O001941,P0095,2
O001941,P0063,1
O001941,P0071,3
O001942,P0086,2
O001943,P0038,2
O001944,P0058,3
O001944,P0092,2
O001945,P0003,3
O001946,P0026,1
O001946,P0021,1
O001947,P0036,1
O001947,P0048,3
O001948,P0057,3
O001949,P0096,1
O001950,P0066,1
O001950,P0041,3
O001950,P0020,3
O001950,P0075,1
O001951,P0043,1
O001952,P0064,1
O001953,P0088,1
O001954,P0087,3
O001955,P0063,1
O001955,P0006,1
O001955,P0092,1
O001955,P0018,1
O001956,P0072,1
O001957,P0095,2
O001958,P0051,2
O001958,P0069,1
O001959,P0084,1
O001960,P0002,1
O001960,P0055,2
O001961,P0091,2
O001962,P0035,3
O001962,P0067,1
O001962,P0024,1
O001963,P0030,2
O001964,P0003,1
O001965,P0016,1
O001965,P0036,2
O001965,P0005,3
O001965,P0088,1
O001966,P0061,3
O001966,P0032,3
O001966,P0015,1
O001966,P0068,3
O001967,P0035,3
O001968,P0030,2
O001968,P0070,2
O001969,P0019,2
O001970,P0070,1
O001971,P0086,1
O001972,P0014,3
O001972,P0037,2
O001973,P0071,1
O001973,P0057,1
O001973,P0090,2
O001974,P0048,1
O001975,P0080,1
O001975,P0073,1
O001976,P0047,3
O001977,P0049,1
O001978,P0006,1
O001979,P0009,2
O001979,P0043,1
O001979,P0027,1
O001980,P0086,1
O001980,P0084,2
O001980,P0061,1
O001981,P0093,1
O001982,P0084,1
O001982,P0088,1
O001982,P0078,1
O001983,P0054,3
O001984,P0026,1
O001984,P0031,1
O001985,P0087,1
O001985,P0020,3
O001986,P0049,1
O001986,P0001,1
O001987,P0061,1
O001988,P0011,1
O001988,P0036,1
O001989,P0024,3
O001989,P0001,1
O001990,P0015,3
O001991,P0003,2
O001991,P0069,2
O001992,P0084,1
O001992,P0017,1
O001993,P0004,1
O001993,P0075,1
O001994,P0085,2
O001994,P0088,2
O001995,P0028,1
O001995,P0020,3
O001995,P0064,1
O001996,P0003,2
O001996,P0031,1
O001996,P0008,1
O001997,P0056,3
O001998,P0019,1
O001999,P0024,1
O002000,P0063,1
O002001,P0032,3
O002002,P0074,1
O002003,P0057,3
O002004,P0075,1
O002004,P0005,1
O002005,P0021,1
O002006,P0027,1
O002006,P0040,3
O002007,P0085,1
O002008,P0023,1
O002008,P0064,1
O002009,P0080,1
O002010,P0032,3
O002010,P0087,1
O002011,P0056,3
O002012,P0047,1
O002012,P0059,3
O002013,P0089,2
O002014,P0026,1
O002015,P0036,3
O002016,P0040,1
O002017,P0074,3
O002017,P0043,1
O002018,P0041,2
O002018,P0079,1
O002018,P0012,3
O002019,P0024,2
O002019,P0086,2
O002020,P0067,3
O002020,P0039,1
O002021,P0010,1
O002022,P0081,3
O002022,P0031,1
O002023,P0049,1
O002024,P0005,1
O002024,P0017,2
O002024,P0061,3
O002025,P0066,1
O002026,P0063,2
O002027,P0037,2
O002028,P0084,1
O002028,P0048,1
O002029,P0063,1
O002030,P0008,3
O002031,P0010,2
O002032,P0048,1
O002032,P0029,3
O002033,P0009,1
O002034,P0032,1
O002035,P0034,3
O002035,P0065,1
O002036,P0012,2
O002036,P0015,2
O002036,P0019,2
O002037,P0069,1
O002037,P0046,1
O002038,P0048,1
O002039,P0060,2
O002039,P0029,2
O002039,P0087,2
O002039,P0025,1
O002040,P0025,2
O002040,P0003,1
O002041,P0085,1
O002041,P0040,3
O002042,P0004,1
O002042,P0036,1
O002043,P0096,1
O002043,P0029,2
O002044,P0095,1
O002044,P0025,3
O002045,P0093,1
O002045,P0029,2
O002046,P0074,3
O002047,P0064,1
O002048,P0038,2
O002048,P0085,3
O002049,P0069,1
O002050,P0077,2
O002050,P0090,3
O002050,P0027,2
O002051,P0035,2
O002051,P0039,1
O002052,P0075,3
O002053,P0050,3
O002053,P0028,1
O002053,P0031,3
O002054,P0039,1
O002054,P0045,1
O002055,P0032,3
O002056,P0043,1
O002057,P0050,1
O002058,P0086,3
O002059,P0043,1
O002060,P0055,1
O002061,P0010,3
O002061,P0088,1
O002062,P0075,2
O002062,P0017,3
O002062,P0060,1
O002062,P0083,1
O002063,P0073,3
O002063,P0092,1
O002064,P0073,1
O002065,P0024,1
O002066,P0011,1
O002067,P0024,1
O002068,P0048,1
O002068,P0040,1
O002068,P0009,1
O002068,P0089,3
O002069,P0082,1
O002070,P0058,3
O002070,P0006,1
O002070,P0064,1
O002071,P0072,1
O002072,P0070,1
O002073,P0080,1
O002073,P0029,3
O002074,P0022,1
O002075,P0031,1
O002075,P0008,1
O002075,P0015,1
O002076,P0093,1
O002077,P0055,3
O002078,P0029,1
O002078,P0059,1
O002079,P0060,1
O002080,P0007,2
O002081,P0051,1
O002081,P0066,1
O002081,P0057,1
O002082,P0027,1
O002083,P0049,1
O002083,P0057,1
O002083,P0022,3
O002084,P0043,1
O002085,P0015,1
O002085,P0046,1
O002086,P0019,1
O002086,P0056,3
O002087,P0045,1
O002088,P0069,1
O002089,P0060,3
O002090,P0024,1
O002091,P0048,1
O002092,P0065,3
O002092,P0029,1
O002093,P0068,3
O002093,P0014,1
O002093,P0050,1
O002094,P0031,3
O002094,P0002,2
O002094,P0091,1
O002095,P0069,3
O002096,P0069,2
O002097,P0037,1
O002098,P0064,2
O002098,P0043,2
O002099,P0012,2
O002099,P0043,1
O002099,P0052,1
O002100,P0031,1
O002100,P0050,1
O002100,P0088,2
O002101,P0028,2
O002102,P0041,1
O002102,P0016,1
O002103,P0023,1
O002103,P0055,1
O002103,P0019,1
O002104,P0072,1
O002104,P0020,1
O002104,P0059,1
O002105,P0021,1
O002105,P0008,1
O002106,P0079,3
O002107,P0059,3
O002108,P0041,1
O002109,P0016,2
O002110,P0037,1
O002111,P0050,2
O002111,P0001,3
O002111,P0073,1
O002112,P0007,3
O002113,P0056,1
O002114,P0025,2
O002115,P0084,1
O002115,P0068,1
O002116,P0003,1
O002117,P0015,2
O002118,P0002,1
O002119,P0033,1
O002119,P0069,2
O002119,P0096,2
O002120,P0051,1
O002120,P0024,1
O002121,P0005,3
O002122,P0010,2
O002122,P0071,1
O002122,P0025,1
O002122,P0084,2
O002123,P0091,2
O002124,P0096,2
O002125,P0092,2
O002125,P0033,1
O002126,P0048,1
O002126,P0055,1
O002127,P0072,2
O002127,P0084,3
O002127,P0011,1
O002128,P0055,1
O002128,P0066,2
O002128,P0031,2
O002129,P0061,3
O002129,P0030,3
O002130,P0017,3
O002131,P0036,1
O002132,P0034,1
O002132,P0045,1
O002133,P0005,3
O002134,P0094,3
O002134,P0085,1
O002135,P0010,1
O002136,P0083,3
O002136,P0030,1
O002137,P0007,1
O002138,P0076,1
O002139,P0044,2
O002139,P0072,1
O002139,P0052,1
O002139,P0036,1
O002140,P0061,2
O002141,P0036,2
O002142,P0095,3
O002143,P0082,1
O002144,P0046,1
O002144,P0080,3
O002144,P0041,2
O002145,P0020,3
O002146,P0059,2
O002147,P0043,2
O002147,P0009,1
O002148,P0058,2
O002149,P0074,3
O002149,P0072,2
O002150,P0011,3
O002150,P0022,1
O002151,P0028,1
O002151,P0038,1
O002152,P0041,1
O002153,P0003,1
O002154,P0035,2
O002155,P0048,3
O002156,P0077,1
O002156,P0066,1
O002156,P0052,1
O002157,P0019,1
O002158,P0085,1
O002159,P0091,1
O002160,P0060,1
O002161,P0032,2
O002161,P0053,1
O002162,P0073,1
O002162,P0096,2
O002163,P0091,1
O002164,P0087,2
O002165,P0088,2
O002166,P0084,1
O002166,P0042,1
O002166,P0018,1
O002166,P0072,1
O002167,P0066,1
O002167,P0042,1
O002168,P0003,3
O002168,P0075,1
O002169,P0067,2
O002170,P0017,2
O002170,P0026,2
O002170,P0029,1
O002171,P0072,1
O002172,P0047,2
O002172,P0037,1
O002173,P0073,2
O002174,P0056,2
O002175,P0086,3
O002175,P0058,1
O002175,P0065,1
O002175,P0020,1
O002176,P0026,1
O002176,P0001,1
O002176,P0058,2
O002177,P0022,1
O002178,P0048,2
O002179,P0001,1
O002179,P0048,2
O002179,P0042,2
O002180,P0013,3
O002180,P0064,3
O002181,P0011,1
O002182,P0082,1
O002183,P0095,2
O002184,P0034,3
O002185,P0028,3
O002185,P0003,1
O002186,P0069,1
O002186,P0033,1
O002187,P0020,2
O002187,P0032,1
O002187,P0042,1
O002188,P0048,3
O002188,P0009,2
O002188,P0089,1
O002189,P0013,1
O002190,P0086,1
O002190,P0020,1
O002190,P0074,2
O002190,P0032,3
O002191,P0096,2
O002192,P0076,3
O002193,P0041,1
O002193,P0004,1
O002193,P0077,1
O002194,P0088,1
O002194,P0093,3
O002194,P0067,1
O002195,P0049,1
O002196,P0076,1
O002196,P0038,1
O002197,P0008,2
O002198,P0012,2
O002198,P0004,1
O002199,P0006,3
O002200,P0056,2
O002200,P0043,1
O002200,P0034,1
O002201,P0062,1
O002201,P0056,1
O002201,P0046,2
O002202,P0025,1
O002203,P0061,3
O002204,P0059,2
O002204,P0016,1
O002205,P0046,1
O002206,P0045,3
O002207,P0022,1
O002207,P0044,3
O002207,P0096,1
O002208,P0002,1
O002209,P0068,1
O002210,P0079,2
O002211,P0088,3
O002212,P0046,3
O002212,P0093,1
O002212,P0014,2
O002213,P0057,3
O002214,P0055,1
O002214,P0018,1
O002215,P0076,1
O002216,P0092,1
O002216,P0006,2
O002217,P0090,1
O002217,P0038,1
O002217,P0019,1
O002218,P0049,2
O002218,P0048,3
O002219,P0021,2
O002220,P0018,1
O002221,P0001,1
O002222,P0075,1
O002223,P0005,2
O002224,P0036,3
O002225,P0094,1
O002226,P0091,2
O002226,P0048,3
O002227,P0037,1
O002228,P0084,3
O002229,P0017,2
O002229,P0070,3
O002229,P0006,1
O002230,P0023,2
O002230,P0078,1
O002230,P0010,2
O002231,P0020,2
O002231,P0022,1
O002232,P0091,1
O002232,P0086,2
O002233,P0005,3
O002234,P0079,1
O002235,P0011,1
O002235,P0012,1
O002236,P0087,1
O002236,P0031,3
O002237,P0066,1
O002238,P0050,1
O002239,P0028,2
O002239,P0064,1
O002239,P0012,1
O002240,P0066,1
O002241,P0067,1
O002241,P0078,1
O002242,P0036,1
O002242,P0068,2
O002242,P0035,3
O002243,P0052,1
O002244,P0029,1
O002244,P0004,1
O002244,P0088,1
O002244,P0060,1
O002245,P0007,1
O002246,P0086,3
O002247,P0023,3
O002248,P0050,2
O002249,P0026,1
O002249,P0065,2
O002249,P0011,1
O002250,P0019,1
O002251,P0077,1
O002252,P0053,3
O002252,P0085,1
O002253,P0025,1
O002254,P0007,1
O002254,P0077,1
O002255,P0039,1
O002256,P0009,2
O002257,P0022,1
O002257,P0028,1
O002257,P0011,1
O002258,P0014,1
O002259,P0013,1
O002259,P0090,3
O002259,P0055,3
O002260,P0034,2
O002261,P0018,1
O002262,P0014,1
O002263,P0089,1
O002264,P0091,1
O002264,P0079,3
O002265,P0095,1
O002265,P0069,1
O002265,P0066,1
O002265,P0031,3
O002266,P0004,1
O002267,P0016,1
O002268,P0086,3
O002269,P0051,3
O002269,P0003,1
O002269,P0068,1
O002270,P0025,3
O002270,P0011,2
O002271,P0085,1
O002272,P0026,3
O002273,P0052,1
O002273,P0011,1
O002273,P0056,2
O002274,P0009,1
O002275,P0079,3
O002276,P0023,3
O002277,P0055,1
O002278,P0029,1
O002279,P0044,1
O002279,P0038,3
O002280,P0014,1
O002280,P0094,2
O002281,P0055,1
O002282,P0001,2
O002282,P0094,2
O002282,P0059,3
O002283,P0031,1
O002284,P0058,1
O002284,P0085,3
O002285,P0061,1
O002286,P0073,3
O002287,P0094,1
O002287,P0025,1
O002287,P0051,1
O002288,P0044,1
O002289,P0080,1
O002289,P0074,1
O002290,P0060,1
O002290,P0008,2
O002291,P0018,3
O002291,P0012,3
O002291,P0078,2
O002292,P0015,1
O002293,P0061,3
O002293,P0047,3
O002294,P0007,1
O002295,P0049,1
O002295,P0025,1
O002296,P0081,1
O002297,P0001,1
O002297,P0088,1
O002297,P0039,2
O002298,P0008,3
O002299,P0002,1
O002300,P0095,1
O002301,P0092,1
O002302,P0005,1
O002303,P0044,1
O002304,P0065,1
O002305,P0075,1
O002306,P0057,1
O002307,P0077,1
O002307,P0095,3
O002308,P0009,2
O002308,P0084,2
O002308,P0057,2
O002309,P0061,1
O002309,P0063,2
O002309,P0022,1
O002310,P0041,3
O002310,P0013,1
O002311,P0092,1
O002311,P0081,2
O002312,P0055,1
O002312,P0051,1
O002312,P0058,1
O002313,P0087,2
O002313,P0047,2
O002314,P0026,1
O002314,P0033,1
O002315,P0096,2
O002316,P0032,1
O002316,P0060,1
O002316,P0038,3
O002317,P0049,1
O002318,P0018,1
O002319,P0050,1
O002320,P0046,1
O002321,P0010,2
O002321,P0033,1
O002322,P0064,2
O002322,P0027,2
O002323,P0048,3
O002323,P0010,3
O002324,P0008,1
O002325,P0018,1
O002326,P0088,1
O002327,P0016,3
O002328,P0057,2
O002328,P0055,3
O002328,P0071,1
O002328,P0070,2
O002329,P0045,2
O002330,P0059,1
O002331,P0045,3
O002332,P0088,1
O002333,P0041,2
O002333,P0045,2
O002334,P0083,2
O002335,P0052,1
O002336,P0082,1
O002337,P0047,2
O002337,P0059,1
O002338,P0080,1
O002339,P0005,1
O002340,P0086,1
O002341,P0042,2
O002342,P0096,1
O002343,P0012,2
O002344,P0003,1
O002345,P0024,1
O002345,P0067,1
O002346,P0040,3
O002346,P0071,1
O002346,P0029,1
O002347,P0030,1
O002348,P0052,3
O002349,P0003,1
O002350,P0072,1
O002351,P0009,1
O002352,P0042,1
O002352,P0071,3
O002352,P0055,1
O002352,P0014,3
O002353,P0026,2
O002354,P0074,3
O002355,P0005,1
O002355,P0086,1
O002356,P0086,2
O002356,P0090,3
O002357,P0057,1
O002358,P0064,1
O002358,P0058,1
O002358,P0091,1
O002359,P0002,1
O002360,P0032,3
O002361,P0072,1
O002361,P0012,1
O002361,P0017,1
O002362,P0085,1
O002363,P0037,1
O002363,P0081,3
O002364,P0075,1
O002365,P0063,3
O002365,P0013,2
O002365,P0090,1
O002366,P0041,2
O002366,P0071,1
O002367,P0025,2
O002367,P0053,1
O002368,P0038,2
O002369,P0062,1
O002369,P0004,1
O002370,P0091,3
O002370,P0006,1
O002370,P0067,1
O002371,P0032,1
O002372,P0002,1
O002373,P0022,2
O002374,P0037,2
O002374,P0091,1
O002374,P0051,1
O002374,P0011,3
O002375,P0059,1
O002375,P0069,1
O002376,P0019,3
O002376,P0016,3
O002376,P0066,1
O002376,P0021,1
O002377,P0006,1
O002377,P0036,1
O002378,P0026,1
O002379,P0016,1
O002380,P0091,1
O002381,P0074,3
O002381,P0079,1
O002382,P0085,3
O002383,P0030,1
O002384,P0070,3
O002385,P0092,1
O002385,P0011,2
O002386,P0082,2
O002386,P0025,1
O002386,P0078,3
O002387,P0086,2
O002387,P0003,1
O002387,P0014,1
O002388,P0068,1
O002389,P0007,1
O002390,P0008,1
O002391,P0056,3
O002392,P0086,3
O002392,P0073,1
O002392,P0065,1
O002393,P0077,2
O002393,P0081,1
O002394,P0082,1
O002395,P0077,2
O002396,P0053,1
O002397,P0034,1
O002397,P0074,1
O002398,P0049,1
O002398,P0030,2
O002398,P0041,3
O002399,P0064,2
O002399,P0035,1
O002399,P0015,2
O002400,P0042,2
O002400,P0014,1
O002400,P0050,1
O002401,P0044,1
O002402,P0092,1
O002402,P0013,1
O002402,P0056,2
O002402,P0025,1
O002403,P0007,2
O002403,P0070,2
O002404,P0041,2
O002405,P0081,2
O002405,P0090,1
O002406,P0037,3
O002406,P0054,1
O002407,P0013,2
O002408,P0066,2
O002409,P0044,1
O002410,P0043,1
O002411,P0052,1
O002412,P0019,3
O002413,P0060,3
O002413,P0039,1
O002414,P0030,1
O002414,P0031,3
O002415,P0055,1
O002416,P0038,1
O002417,P0073,2
O002418,P0011,1
O002418,P0077,3
O002419,P0019,1
O002420,P0056,1
O002421,P0078,1
O002422,P0050,1
O002422,P0025,1
O002422,P0069,1
O002422,P0063,3
O002423,P0062,1
O002423,P0087,1
O002424,P0022,1
O002424,P0018,3
O002424,P0021,1
O002425,P0088,2
O002425,P0036,3
O002425,P0084,1
O002426,P0065,2
O002427,P0044,1
O002427,P0085,2
O002427,P0062,1
O002428,P0072,1
O002429,P0081,3
O002429,P0077,1
O002430,P0057,1
O002431,P0057,3
O002431,P0055,3
O002432,P0082,3
O002433,P0061,1
O002433,P0094,2
O002433,P0007,3
O002434,P0005,1
O002435,P0035,1
O002435,P0077,1
O002435,P0083,1
O002435,P0052,3
O002436,P0087,3
O002436,P0014,1
O002437,P0011,1
O002438,P0008,1
O002439,P0080,1
O002439,P0017,1
O002439,P0051,1
O002439,P0035,1
O002440,P0049,1
O002440,P0061,2
O002441,P0014,1
O002442,P0062,1
O002443,P0016,3
O002443,P0020,2
O002443,P0009,3
O002443,P0059,1
O002444,P0030,2
O002445,P0092,2
O002446,P0033,3
O002447,P0037,3
O002448,P0074,1
O002449,P0044,3
O002450,P0004,3
O002450,P0049,1
O002451,P0018,1
O002452,P0001,1
O002453,P0005,1
O002454,P0074,1
O002454,P0019,1
O002455,P0017,1
O002455,P0019,1
O002456,P0052,3
O002456,P0079,1
O002456,P0078,1
O002456,P0047,1
O002457,P0018,3
O002457,P0016,2
O002458,P0009,2
O002458,P0078,2
O002459,P0009,1
O002459,P0017,1
O002459,P0024,1
O002459,P0066,3
O002460,P0055,1
O002460,P0042,1
O002461,P0032,1
O002462,P0052,1
O002463,P0045,1
O002464,P0044,1
O002464,P0096,3
O002465,P0081,3
O002466,P0064,1
O002467,P0094,3
O002467,P0046,1
O002468,P0005,1
O002468,P0096,1
O002469,P0093,3
O002469,P0086,2
O002469,P0068,2
O002469,P0013,3
O002470,P0014,1
O002471,P0055,3
O002472,P0043,1
O002472,P0016,1
O002472,P0060,2
O002473,P0052,3
O002473,P0064,2
O002473,P0011,1
O002474,P0057,1
O002474,P0091,1
O002475,P0036,1
O002476,P0082,2
O002476,P0069,2
O002477,P0032,1
O002478,P0005,1
O002479,P0055,1
O002479,P0021,1
O002479,P0044,2
O002479,P0077,1
O002480,P0007,1
O002481,P0062,1
O002481,P0064,1
O002482,P0065,2
O002483,P0058,1
O002484,P0043,2
O002485,P0050,1
O002486,P0047,3
O002487,P0083,3
O002487,P0076,2
O002487,P0048,2
O002487,P0039,3
O002488,P0007,1
O002489,P0019,3
O002490,P0023,2
O002490,P0065,1
O002491,P0090,3
O002492,P0029,1
O002493,P0054,2
O002493,P0057,1
O002493,P0093,2
O002494,P0058,3
O002494,P0049,1
O002495,P0070,1
O002495,P0043,1
O002496,P0045,1
O002497,P0048,1
O002498,P0017,2
O002499,P0086,1
O002499,P0040,1
O002499,P0053,1
O002499,P0070,1
O002500,P0095,2
O002501,P0085,2
O002502,P0050,1
O002502,P0025,1
O002503,P0039,1
O002504,P0021,1
O002505,P0060,2
O002506,P0093,1
O002506,P0076,1
O002507,P0094,1
O002508,P0047,1
O002508,P0089,3
O002509,P0067,2
O002510,P0009,1
O002510,P0016,2
O002511,P0044,2
O002512,P0090,1
O002513,P0054,3
O002514,P0052,1
O002515,P0003,1
O002515,P0021,3
O002515,P0047,1
O002516,P0088,3
O002516,P0014,3
O002517,P0048,1
O002518,P0008,2
O002519,P0071,1
O002519,P0048,3
O002520,P0056,2
O002520,P0055,2
O002520,P0007,1
O002521,P0061,1
O002522,P0083,1
O002523,P0073,1
O002524,P0052,1
O002524,P0019,2
O002524,P0024,2
O002524,P0059,3
O002525,P0074,1
O002525,P0056,1
O002526,P0024,1
O002527,P0050,1
O002527,P0065,1
O002528,P0085,1
O002529,P0039,1
O002530,P0083,1
O002530,P0044,2
O002531,P0054,3
O002531,P0068,2
O002532,P0094,1
O002533,P0004,1
O002534,P0008,1
O002534,P0035,2
O002535,P0047,1
O002536,P0095,2
O002536,P0005,1
O002537,P0091,1
O002537,P0033,1
O002538,P0045,2
O002539,P0005,1
O002540,P0077,1
O002541,P0010,1
O002541,P0023,1
O002542,P0016,1
O002543,P0033,1
O002543,P0091,1
O002543,P0077,1
O002543,P0006,1
O002544,P0012,1
O002545,P0016,1
O002545,P0070,3
O002545,P0060,1
O002545,P0039,3
O002546,P0015,3
O002547,P0040,2
O002548,P0052,1
O002548,P0066,3
O002549,P0050,3
O002550,P0039,3
O002551,P0064,1
O002552,P0029,2
O002553,P0064,1
O002554,P0036,3
O002555,P0016,1
O002555,P0034,3
O002555,P0093,3
O002556,P0081,1
O002556,P0012,3
O002557,P0008,1
O002558,P0019,3
O002559,P0055,3
O002560,P0031,2
O002560,P0082,1
O002560,P0042,1
O002561,P0065,1
O002562,P0083,2
O002562,P0022,2
O002562,P0062,2
O002562,P0025,2
O002563,P0095,1
O002563,P0025,1
O002564,P0070,2
O002564,P0042,3
O002565,P0075,1
O002565,P0080,3
O002566,P0081,2
O002566,P0094,2
O002566,P0038,3
O002566,P0043,1
O002567,P0011,1
O002568,P0012,2
O002569,P0075,1
O002570,P0037,1
O002571,P0082,2
O002571,P0007,1
O002571,P0078,2
O002572,P0092,1
O002572,P0057,1
O002573,P0058,2
O002574,P0024,2
O002575,P0055,2
O002575,P0064,1
O002576,P0038,2
O002576,P0021,1
O002577,P0009,2
O002577,P0073,2
O002578,P0068,1
O002578,P0036,1
O002579,P0074,2
O002580,P0071,1
O002581,P0057,1
O002582,P0049,2
O002583,P0068,2
O002584,P0014,1
O002585,P0059,1
O002586,P0029,1
O002586,P0050,1
O002586,P0079,1
O002587,P0095,1
O002588,P0057,1
O002588,P0052,2
O002588,P0092,1
O002589,P0056,1
O002589,P0063,1
O002590,P0018,3
O002590,P0053,1
O002591,P0036,1
O002591,P0007,3
O002592,P0072,2
O002592,P0018,1
O002592,P0073,1
O002592,P0019,1
O002593,P0042,1
O002593,P0088,1
O002594,P0083,1
O002595,P0068,2
O002595,P0029,1
O002595,P0036,1
O002596,P0061,2
O002596,P0032,3
O002596,P0009,1
O002597,P0037,1
O002597,P0063,3
O002597,P0039,1
O002598,P0092,1
O002599,P0065,2
O002600,P0015,1
O002601,P0049,1
O002602,P0091,1
O002603,P0042,1
O002603,P0056,1
O002604,P0093,1
O002604,P0019,1
O002605,P0054,1
O002605,P0092,3
O002606,P0073,1
O002606,P0026,1
O002606,P0086,3
O002607,P0088,1
O002608,P0082,1
O002609,P0003,2
O002610,P0058,1
O002611,P0023,1
O002611,P0059,2
O002612,P0045,2
O002612,P0018,1
O002613,P0086,3
O002613,P0081,1
O002613,P0028,1
O002613,P0004,2
O002614,P0044,3
O002614,P0027,2
O002614,P0019,1
O002614,P0070,1
O002615,P0026,1
O002615,P0067,1
O002615,P0024,1
O002616,P0035,1
O002617,P0071,1
O002618,P0047,2
O002619,P0055,1
O002619,P0074,2
O002619,P0027,3
O002620,P0018,1
O002620,P0037,1
O002621,P0084,3
O002621,P0060,2
O002622,P0072,3
O002623,P0083,1
O002623,P0081,2
O002623,P0082,1
O002623,P0034,1
O002624,P0013,2
O002625,P0029,1
O002625,P0010,3
O002626,P0092,3
O002626,P0081,1
O002626,P0036,1
O002627,P0071,2
O002628,P0010,3
O002629,P0048,3
O002629,P0064,2
O002629,P0053,2
O002630,P0027,1
O002631,P0063,3
O002632,P0058,2
O002632,P0052,2
O002632,P0064,1
O002633,P0082,3
O002634,P0090,1
O002634,P0039,1
O002634,P0074,2
O002634,P0052,1
O002635,P0024,1
O002635,P0048,1
O002636,P0049,1
O002636,P0066,1
O002637,P0048,1
O002637,P0025,1
O002638,P0033,1
O002639,P0079,1
O002640,P0069,3
O002641,P0057,2
O002641,P0052,1
O002642,P0024,3
O002642,P0095,2
O002642,P0068,1
O002642,P0091,1
O002643,P0036,1
O002644,P0015,1
O002645,P0060,1
O002646,P0005,3
O002647,P0033,1
O002648,P0045,1
O002649,P0018,3
O002650,P0078,3
O002650,P0005,1
O002651,P0053,2
O002652,P0046,1
O002653,P0054,3
O002654,P0057,1
O002654,P0007,2
O002655,P0024,1
O002655,P0063,2
O002655,P0064,1
O002656,P0070,2
O002656,P0011,2
O002656,P0026,2
O002657,P0064,1
O002658,P0025,1
O002659,P0010,1
O002660,P0043,3
O002661,P0035,2
O002662,P0029,1
O002663,P0054,1
O002663,P0022,3
O002663,P0004,2
O002663,P0085,2
O002664,P0015,2
O002665,P0088,3
O002666,P0049,1
O002666,P0083,2
O002667,P0011,3
O002668,P0024,1
O002669,P0056,1
O002669,P0062,1
O002669,P0031,1
O002669,P0047,1
O002670,P0077,3
O002670,P0086,3
O002671,P0054,1
O002671,P0094,3
O002672,P0075,1
O002672,P0035,3
O002672,P0001,1
O002672,P0079,2
O002673,P0005,1
O002674,P0001,1
O002674,P0030,1
O002674,P0056,2
O002674,P0069,1
O002675,P0019,3
O002676,P0086,1
O002677,P0041,2
O002678,P0090,1
O002679,P0056,1
O002680,P0034,1
O002681,P0096,1
O002682,P0039,1
O002683,P0061,1
O002684,P0064,1
O002685,P0063,2
O002686,P0065,1
O002687,P0039,1
O002687,P0088,1
O002688,P0074,1
O002688,P0072,1
O002688,P0007,2
O002688,P0023,1
O002689,P0088,1
O002690,P0096,3
O002691,P0089,2
O002692,P0019,3
O002692,P0085,1
O002692,P0034,1
O002693,P0041,2
O002693,P0034,1
O002693,P0031,2
O002693,P0066,2
O002694,P0005,2
O002695,P0072,1
O002695,P0040,2
O002696,P0054,1
O002697,P0056,3
O002697,P0030,1
O002698,P0018,1
O002698,P0001,2
O002698,P0011,1
O002699,P0018,1
O002700,P0010,1
O002701,P0047,3
O002702,P0051,1
O002703,P0004,1
O002703,P0025,1
O002704,P0069,1
O002704,P0012,1
O002704,P0044,1
O002705,P0046,1
O002706,P0059,1
O002706,P0007,1
O002707,P0091,1
O002708,P0089,3
O002708,P0031,1
O002708,P0037,1
O002709,P0094,3
O002709,P0087,1
O002709,P0080,1
O002710,P0039,3
O002710,P0062,2
O002711,P0052,2
O002712,P0064,2
O002712,P0051,1
O002713,P0085,2
O002713,P0051,3
O002714,P0051,3
O002715,P0004,1
O002716,P0063,1
O002717,P0089,1
O002718,P0052,1
O002718,P0006,1
O002718,P0018,1
O002719,P0051,2
O002720,P0081,1
O002721,P0027,2
O002721,P0044,3
O002722,P0085,3
O002723,P0024,1
O002724,P0073,2
O002725,P0013,2
O002726,P0048,1
O002727,P0040,1
O002727,P0081,3
O002727,P0088,1
O002728,P0079,2
O002729,P0088,2
O002730,P0047,1
O002731,P0012,3
O002731,P0053,1
O002732,P0070,1
O002733,P0069,3
O002733,P0013,1
O002734,P0070,1
O002734,P0064,1
O002735,P0070,2
O002736,P0071,1
O002737,P0067,1
O002738,P0015,3
O002739,P0080,3
O002739,P0036,3
O002739,P0076,1
O002740,P0009,3
O002741,P0041,1
O002742,P0067,1
O002742,P0073,2
O002742,P0024,1
O002743,P0040,1
O002743,P0003,1
O002744,P0016,1
O002745,P0013,1
O002745,P0068,3
O002746,P0096,2
O002746,P0013,2
O002747,P0090,1
O002747,P0037,3
O002748,P0070,1
O002748,P0062,2
O002749,P0033,2
O002750,P0086,3
O002750,P0016,1
O002751,P0095,1
O002751,P0019,2
O002752,P0079,1
O002752,P0030,3
O002753,P0069,3
O002754,P0010,3
O002754,P0013,1
O002755,P0072,1
O002756,P0009,2
O002756,P0035,1
O002757,P0046,2
O002757,P0047,1
O002758,P0049,1
O002759,P0046,2
O002759,P0069,3
O002759,P0066,1
O002760,P0029,2
O002761,P0075,3
O002762,P0095,1
O002763,P0030,1
O002764,P0039,1
O002765,P0018,1
O002765,P0011,1
O002766,P0004,2
O002766,P0002,1
O002766,P0058,3
O002767,P0088,1
O002768,P0063,1
O002769,P0079,3
O002770,P0091,3
O002771,P0070,2
O002772,P0016,3
O002773,P0025,2
O002774,P0024,1
O002775,P0060,3
O002776,P0090,1
O002777,P0093,1
O002778,P0074,2
O002778,P0070,1
O002779,P0039,3
O002780,P0089,1
O002780,P0011,3
O002780,P0035,1
O002781,P0094,2
O002782,P0033,1
O002782,P0045,1
O002783,P0070,1
O002783,P0003,1
O002784,P0052,1
O002785,P0024,1
O002785,P0058,3
O002786,P0079,1
O002786,P0059,3
O002787,P0079,3
O002787,P0080,1
O002788,P0065,1
O002789,P0066,1
O002790,P0018,1
O002791,P0015,3
O002792,P0064,1
O002792,P0028,3
O002792,P0027,1
O002792,P0056,1
O002793,P0019,1
O002793,P0071,3
O002793,P0073,2
O002794,P0088,1
O002794,P0015,1
O002794,P0060,1
O002794,P0013,1
O002795,P0022,1
O002796,P0017,1
O002797,P0040,1
O002797,P0018,1
O002798,P0063,2
O002799,P0026,1
O002799,P0020,1
O002799,P0062,2
O002800,P0069,1
O002801,P0023,1
O002801,P0047,1
O002802,P0063,3
O002803,P0049,3
O002803,P0031,1
O002804,P0058,1
O002805,P0073,3
O002805,P0050,1
O002805,P0094,1
O002805,P0074,2
O002806,P0013,1
O002806,P0054,1
O002807,P0037,1
O002807,P0081,1
O002807,P0036,1
O002807,P0042,3
O002808,P0074,3
O002809,P0034,1
O002809,P0076,1
O002810,P0026,3
O002811,P0052,2
O002811,P0094,1
O002812,P0091,1
O002813,P0013,1
O002814,P0036,1
O002815,P0085,1
O002816,P0072,1
O002816,P0006,1
O002816,P0039,1
O002816,P0035,1
O002817,P0024,3
O002818,P0037,2
O002818,P0061,2
O002818,P0052,1
O002818,P0021,1
O002819,P0013,1
O002819,P0005,1
O002819,P0030,1
O002820,P0017,1
O002820,P0070,1
O002821,P0067,3
O002822,P0048,3
O002823,P0081,3
O002823,P0025,2
O002823,P0082,3
O002824,P0041,3
O002824,P0006,1
O002824,P0015,1
O002825,P0091,1
O002825,P0067,1
O002826,P0027,1
O002827,P0029,1
O002827,P0004,1
O002827,P0042,1
O002827,P0038,1
O002828,P0080,1
O002829,P0056,1
O002829,P0038,1
O002829,P0096,1
O002829,P0010,1
O002830,P0015,3
O002830,P0033,1
O002831,P0020,1
O002832,P0067,1
O002833,P0064,1
O002833,P0028,1
O002833,P0029,1
O002833,P0039,1
O002834,P0053,2
O002834,P0014,3
O002835,P0032,1
O002836,P0096,1
O002836,P0087,3
O002837,P0061,2
O002838,P0044,2
O002839,P0001,3
O002839,P0073,1
O002840,P0048,1
O002841,P0037,1
O002842,P0080,1
O002843,P0027,1
O002844,P0024,1
O002845,P0050,2
O002845,P0019,1
O002846,P0080,1
O002847,P0037,1
O002847,P0049,1
O002848,P0025,1
O002848,P0096,3
O002849,P0024,1
O002850,P0078,3
O002850,P0062,1
O002850,P0075,1
O002851,P0087,1
O002851,P0056,1
O002851,P0050,3
O002851,P0046,1
O002852,P0046,1
O002852,P0005,2
O002853,P0021,3
O002853,P0057,1
O002853,P0016,1
O002854,P0048,1
O002854,P0066,1
O002854,P0074,2
O002855,P0005,3
O002856,P0071,1
O002856,P0035,3
O002857,P0077,1
O002858,P0002,3
O002859,P0083,3
O002859,P0007,1
O002859,P0084,1
O002860,P0018,2
O002861,P0068,1
O002861,P0063,1
O002862,P0024,2
O002862,P0092,1
O002862,P0078,1
O002863,P0062,2
O002863,P0089,1
O002864,P0048,3
O002865,P0087,1
O002866,P0043,1
O002867,P0070,1
O002867,P0057,2
O002867,P0049,2
O002868,P0002,3
O002868,P0006,2
O002868,P0045,1
O002869,P0079,1
O002869,P0034,3
O002870,P0081,1
O002870,P0006,2
O002870,P0047,3
O002871,P0083,1
O002871,P0019,2
O002872,P0070,1
O002873,P0052,2
O002873,P0091,3
O002873,P0045,1
O002874,P0007,3
O002874,P0021,1
O002875,P0063,1
O002875,P0071,1
O002876,P0039,1
O002876,P0016,1
O002877,P0088,1
O002878,P0035,1
O002878,P0065,2
O002878,P0033,1
O002879,P0021,1
O002880,P0028,2
O002881,P0084,1
O002881,P0006,1
O002881,P0056,3
O002881,P0002,1
O002882,P0028,1
O002883,P0028,1
O002884,P0033,1
O002884,P0088,1
O002885,P0048,2
O002886,P0018,1
O002887,P0056,2
O002888,P0007,3
O002889,P0094,1
O002889,P0005,3
O002890,P0054,3
O002890,P0043,2
O002891,P0030,1
O002892,P0025,1
O002893,P0075,1
O002894,P0050,1
O002894,P0096,1
O002895,P0070,2
O002896,P0025,1
O002897,P0022,1
O002898,P0026,3
O002899,P0007,1
O002900,P0012,1
O002901,P0092,1
O002901,P0056,1
O002902,P0082,3
O002903,P0027,1
O002904,P0056,1
O002904,P0072,3
O002905,P0027,2
O002906,P0087,1
O002907,P0028,2
O002908,P0041,3
O002908,P0071,1
O002908,P0058,2
O002909,P0046,2
O002910,P0010,1
O002911,P0014,2
O002911,P0011,1
O002911,P0031,1
O002911,P0080,1
O002912,P0071,2
O002912,P0095,1
O002912,P0007,2
O002912,P0057,1
O002913,P0092,2
O002913,P0040,1
O002913,P0032,3
O002914,P0062,1
O002914,P0024,1
O002914,P0002,1
O002915,P0030,1
O002916,P0080,1
O002916,P0036,2
O002916,P0043,2
O002916,P0072,1
O002917,P0041,2
O002918,P0019,1
O002919,P0087,1
O002920,P0055,1
O002921,P0058,1
O002921,P0069,1
O002922,P0055,3
O002923,P0014,2
O002923,P0019,3
O002924,P0075,1
O002925,P0044,1
O002926,P0036,1
O002926,P0016,1
O002926,P0068,1
O002927,P0078,1
O002928,P0027,2
O002929,P0048,1
O002930,P0057,2
O002931,P0019,1
O002932,P0081,1
O002933,P0093,1
O002933,P0038,1
O002934,P0035,3
O002935,P0032,2
O002936,P0003,3
O002937,P0014,3
O002937,P0095,2
O002938,P0093,3
O002939,P0090,1
O002939,P0056,1
O002940,P0055,3
O002941,P0055,1
O002941,P0079,2
O002942,P0074,3
O002943,P0092,1
O002944,P0040,1
O002944,P0067,1
O002944,P0044,1
O002944,P0009,2
O002945,P0033,1
O002945,P0083,1
O002945,P0074,1
O002945,P0093,2
O002946,P0058,3
O002946,P0010,1
O002947,P0026,1
O002947,P0022,1
O002948,P0052,1
O002948,P0074,1
O002948,P0058,3
O002949,P0090,1
O002949,P0027,1
O002950,P0084,1
O002951,P0026,3
O002951,P0033,1
O002951,P0090,2
O002952,P0091,1
O002952,P0083,2
O002953,P0005,2
O002954,P0054,1
O002954,P0005,2
O002954,P0031,2
O002955,P0059,1
O002956,P0024,2
O002957,P0016,2
O002958,P0047,1
O002958,P0017,2
O002959,P0015,1
O002960,P0089,2
O002961,P0077,1
O002961,P0062,2
O002962,P0037,3
O002962,P0031,2
O002963,P0071,2
O002964,P0083,1
O002965,P0049,2
O002966,P0021,1
O002966,P0095,1
O002966,P0027,2
O002967,P0010,1
O002968,P0037,2
O002968,P0024,2
O002968,P0035,3
O002969,P0075,3
O002970,P0036,1
O002971,P0089,2
O002972,P0010,1
O002973,P0062,3
O002973,P0005,1
O002973,P0053,2
O002973,P0078,2
O002974,P0094,3
O002975,P0013,3
O002975,P0074,3
O002976,P0012,1
O002977,P0009,1
O002978,P0018,1
O002978,P0073,1
O002978,P0071,1
O002978,P0026,1
O002979,P0007,1
O002979,P0059,1
O002980,P0087,1
O002981,P0071,1
O002982,P0007,3
O002982,P0068,1
O002982,P0009,1
O002983,P0082,3
O002984,P0020,1
O002985,P0022,3
O002986,P0010,1
O002987,P0014,1
O002987,P0009,1
O002987,P0006,1
O002988,P0035,1
O002988,P0094,1
O002989,P0016,1
O002990,P0094,1
O002991,P0089,1
O002991,P0011,2
O002992,P0083,3
O002993,P0077,1
O002993,P0043,3
O002994,P0015,1
O002994,P0057,1
O002995,P0048,1
O002995,P0060,2
O002996,P0083,1
O002997,P0088,2
O002997,P0025,1
O002998,P0020,1
O002999,P0054,1
O002999,P0027,2
O002999,P0038,1
O003000,P0086,1
O003000,P0067,3
O003000,P0042,3
O003001,P0048,3
O003001,P0058,3
O003002,P0024,1
O003002,P0055,1
O003002,P0016,3
O003003,P0017,3
O003003,P0095,1
O003004,P0060,3
O003005,P0067,2
O003005,P0074,1
O003006,P0021,1
O003006,P0077,3
O003007,P0021,1
O003008,P0002,1
O003009,P0045,1
O003010,P0077,2
O003011,P0011,3
O003011,P0021,1
O003011,P0048,1
O003011,P0010,3
O003012,P0030,3
O003013,P0096,1
O003013,P0078,1
O003014,P0055,1
O003014,P0014,2
O003014,P0079,1
O003014,P0001,1
O003015,P0091,1
O003016,P0030,2
O003017,P0025,1
O003018,P0027,1
O003019,P0056,1
O003019,P0029,1
O003019,P0094,2
O003019,P0092,2
O003020,P0085,3
O003020,P0018,2
O003021,P0070,1
O003022,P0086,1
O003022,P0044,3
O003023,P0062,1
O003024,P0064,1
O003025,P0082,1
O003026,P0019,3
O003026,P0009,2
O003026,P0014,1
O003027,P0095,1
O003028,P0022,1
O003029,P0010,1
O003030,P0013,1
O003031,P0005,3
O003031,P0079,2
O003031,P0068,1
O003032,P0050,1
O003032,P0052,1
O003032,P0091,3
O003033,P0032,1
O003033,P0095,1
O003034,P0022,1
O003035,P0080,1
O003036,P0036,1
O003036,P0079,1
O003036,P0058,1
O003037,P0058,1
O003038,P0027,1
O003039,P0030,3
O003040,P0006,1
O003040,P0093,2
O003040,P0064,1
O003041,P0071,1
O003042,P0060,1
O003043,P0096,1
O003043,P0064,2
O003044,P0040,1
O003044,P0060,1
O003045,P0028,3
O003045,P0068,2
O003045,P0093,3
O003046,P0052,1
O003046,P0080,1
O003047,P0011,1
O003047,P0082,1
O003047,P0094,3
O003048,P0011,1
O003048,P0073,2
O003049,P0049,1
O003050,P0026,1
O003051,P0082,1
O003052,P0067,1
O003053,P0036,1
O003053,P0062,1
O003053,P0073,1
O003054,P0071,2
O003054,P0086,3
O003054,P0063,1
O003055,P0012,1
O003055,P0005,1
O003055,P0029,3
O003056,P0045,1
O003057,P0030,1
O003057,P0029,1
O003058,P0073,1
O003059,P0080,1
O003060,P0041,2
O003061,P0066,1
O003062,P0038,2
O003063,P0027,2
O003064,P0072,2
O003065,P0032,1
O003066,P0060,1
O003066,P0087,1
O003067,P0044,1
O003068,P0002,1
O003068,P0048,1
O003069,P0090,1
O003070,P0090,1
O003070,P0010,1
O003071,P0017,1
O003071,P0045,1
O003072,P0045,1
O003073,P0086,1
O003074,P0096,1
O003074,P0054,2
O003075,P0003,1
O003076,P0032,1
O003076,P0082,3
O003077,P0045,3
O003077,P0019,1
O003077,P0048,1
O003077,P0068,1
O003078,P0023,1
O003078,P0084,3
O003079,P0096,2
O003079,P0030,1
O003080,P0059,1
O003080,P0020,3
O003080,P0085,1
O003081,P0051,1
O003082,P0025,2
O003082,P0002,3
O003082,P0043,1
O003083,P0053,2
O003084,P0068,3
O003084,P0077,1
O003085,P0009,2
O003085,P0018,1
O003085,P0003,1
O003086,P0032,1
O003087,P0062,3
O003088,P0077,1
O003088,P0091,2
O003088,P0029,2
O003089,P0085,1
O003090,P0035,1
O003091,P0079,1
O003091,P0031,2
O003091,P0039,1
O003091,P0080,3
O003092,P0079,1
O003092,P0044,1
O003093,P0031,1
O003094,P0013,2
O003094,P0031,3
O003094,P0073,2
O003094,P0075,1
O003095,P0086,3
O003095,P0044,1
O003096,P0096,1
O003096,P0049,1
O003097,P0064,1
O003098,P0093,2
O003098,P0039,2
O003098,P0056,1
O003099,P0018,1
O003100,P0077,1
O003101,P0070,2
O003101,P0041,1
O003101,P0031,1
O003102,P0052,1
O003102,P0043,1
O003103,P0037,1
O003103,P0020,2
O003104,P0065,1
O003104,P0028,3
O003104,P0078,2
O003104,P0092,1
O003105,P0072,3
O003105,P0084,2
O003106,P0004,2
O003106,P0047,3
O003106,P0046,1
O003106,P0053,1
O003107,P0024,3
O003108,P0040,1
O003108,P0062,1
O003108,P0027,1
O003109,P0027,2
O003109,P0010,1
O003110,P0028,2
O003111,P0004,1
O003111,P0009,3
O003111,P0073,2
O003112,P0071,1
O003113,P0035,1
O003113,P0071,3
O003114,P0070,3
O003115,P0076,1
O003116,P0055,2
O003116,P0028,1
O003117,P0029,1
O003118,P0017,3
O003119,P0005,3
O003119,P0048,1
O003120,P0002,1
O003120,P0063,1
O003121,P0079,1
O003121,P0069,1
O003122,P0071,2
O003123,P0057,1
O003123,P0020,3
O003124,P0025,2
O003124,P0056,1
O003125,P0063,3
O003126,P0071,1
O003126,P0007,1
O003127,P0003,1
O003127,P0081,1
O003128,P0048,1
O003129,P0059,1
O003130,P0007,3
O003131,P0027,1
O003132,P0056,1
O003133,P0040,1
O003134,P0010,1
O003135,P0033,3
O003136,P0020,3
O003137,P0084,1
O003138,P0067,1
O003139,P0072,1
O003139,P0063,1
O003140,P0069,1
O003140,P0093,3
O003140,P0024,1
O003141,P0096,1
O003142,P0079,2
O003142,P0085,1
O003142,P0029,1
O003143,P0005,2
O003143,P0048,2
O003144,P0054,1
O003145,P0090,2
O003145,P0026,1
O003145,P0042,1
O003146,P0024,2
O003147,P0079,1
O003147,P0021,2
O003148,P0078,3
O003149,P0044,1
O003149,P0095,1
O003150,P0079,1
O003151,P0092,1
O003151,P0035,3
O003151,P0020,1
O003151,P0008,1
O003152,P0032,2
O003152,P0035,2
O003152,P0041,2
O003152,P0073,1
O003153,P0044,2
O003154,P0007,2
O003154,P0022,3
O003155,P0015,2
O003156,P0070,1
O003156,P0030,2
O003156,P0029,1
O003157,P0004,3
O003157,P0002,1
O003158,P0033,3
O003159,P0038,1
O003160,P0010,1
O003160,P0086,1
O003161,P0048,1
O003162,P0037,1
O003163,P0034,3
O003163,P0012,2
O003164,P0001,1
O003164,P0074,3
O003165,P0053,2
O003166,P0091,2
O003166,P0020,1
O003167,P0025,3
O003167,P0018,1
O003167,P0058,1
O003168,P0010,2
O003168,P0039,1
O003169,P0087,1
O003170,P0048,1
O003171,P0063,1
O003172,P0094,1
O003173,P0018,1
O003173,P0062,3
O003173,P0065,1
O003173,P0049,3
O003174,P0012,1
O003175,P0059,1
O003176,P0017,1
O003177,P0008,3
O003178,P0046,1
O003179,P0004,2
O003180,P0014,3
O003180,P0075,1
O003180,P0017,1
O003180,P0041,1
O003181,P0087,2
O003181,P0067,2
O003182,P0004,1
O003183,P0024,1
O003184,P0079,1
O003184,P0058,1
O003184,P0041,1
O003185,P0083,3
O003186,P0040,2
O003186,P0095,2
O003186,P0079,1
O003186,P0053,3
O003187,P0065,1
O003187,P0033,1
O003188,P0088,1
O003189,P0058,1
O003190,P0062,1
O003191,P0037,1
O003192,P0022,1
O003192,P0089,1
O003193,P0036,2
O003194,P0058,1
O003194,P0004,2
O003195,P0081,1
O003196,P0044,1
O003197,P0057,1
O003197,P0002,1
O003198,P0021,3
O003199,P0009,3
O003200,P0087,2
O003200,P0079,1
O003201,P0045,3
O003202,P0038,1
O003203,P0023,1
O003204,P0070,1
O003204,P0051,1
O003204,P0013,3
O003204,P0002,1
O003205,P0042,1
O003205,P0046,2
O003205,P0017,1
O003206,P0005,3
O003207,P0039,3
O003207,P0065,1
O003208,P0058,1
O003209,P0072,1
O003209,P0003,2
O003210,P0022,3
O003210,P0035,3
O003210,P0014,1
O003211,P0068,1
O003212,P0070,1
O003212,P0083,2
O003212,P0037,1
O003213,P0069,1
O003214,P0037,3
O003215,P0032,2
O003215,P0050,2
O003215,P0076,2
O003216,P0024,1
O003216,P0021,1
O003217,P0038,1
O003218,P0003,1
O003219,P0087,2
O003219,P0018,1
O003220,P0053,2
O003220,P0065,1
O003221,P0026,1
O003222,P0002,3
O003223,P0007,1
O003223,P0042,1
O003224,P0041,1
O003224,P0092,1
O003225,P0013,3
O003226,P0076,1
O003226,P0008,1
O003227,P0052,1
O003228,P0064,1
O003228,P0021,3
O003229,P0052,1
O003229,P0043,1
O003230,P0017,1
O003231,P0071,3
O003231,P0048,3
O003231,P0063,2
O003232,P0057,3
O003233,P0079,1
O003234,P0090,2
O003235,P0035,1
O003236,P0028,1
O003237,P0036,2
O003237,P0037,1
O003238,P0005,3
O003238,P0089,3
O003239,P0026,2
O003240,P0010,1
O003241,P0072,1
O003241,P0028,3
O003241,P0002,2
O003241,P0085,2
O003242,P0088,1
O003243,P0035,1
O003243,P0032,2
O003244,P0096,1
O003245,P0034,1
O003246,P0059,1
O003246,P0002,2
O003247,P0039,2
O003247,P0040,1
O003247,P0055,1
O003248,P0039,1
O003248,P0057,1
O003249,P0031,3
O003249,P0040,1
O003250,P0079,3
O003251,P0063,1
O003252,P0005,1
O003253,P0014,1
O003254,P0092,1
O003255,P0036,1
O003256,P0060,2
O003257,P0089,1
O003257,P0069,2
O003258,P0096,3
O003258,P0045,1
O003259,P0002,3
O003260,P0055,1
O003261,P0009,1
O003262,P0032,3
O003262,P0038,1
O003262,P0037,1
O003263,P0066,1
O003264,P0067,1
O003264,P0021,2
O003265,P0029,1
O003266,P0008,1
O003267,P0030,3
O003267,P0009,2
O003268,P0063,1
O003269,P0028,1
O003270,P0075,2
O003271,P0068,3
O003272,P0028,2
O003273,P0006,2
O003274,P0091,1
O003274,P0023,2
O003274,P0046,1
O003275,P0056,2
O003276,P0063,1
O003277,P0058,1
O003278,P0007,2
O003279,P0053,1
O003280,P0006,1
O003280,P0058,2
O003280,P0019,1
O003281,P0002,1
O003281,P0034,3
O003281,P0061,3
O003282,P0013,1
O003283,P0094,1
O003283,P0041,1
O003284,P0085,3
O003284,P0014,3
O003285,P0091,1
O003286,P0079,1
O003286,P0035,1
O003287,P0093,1
O003288,P0055,3
O003288,P0031,1
O003289,P0002,1
O003290,P0065,1
O003291,P0007,1
O003291,P0020,1
O003292,P0006,1
O003292,P0082,3
O003293,P0086,1
O003294,P0094,2
O003294,P0012,1
O003295,P0065,2
O003295,P0058,1
O003296,P0074,1
O003297,P0081,1
O003298,P0032,3
O003299,P0060,3
O003300,P0077,2
O003301,P0007,3
O003302,P0089,1
O003303,P0034,1
O003303,P0020,2
O003303,P0012,1
O003303,P0025,1
O003304,P0031,3
O003305,P0008,3
O003305,P0001,2
O003306,P0048,2
O003307,P0073,1
O003307,P0093,3
O003307,P0071,3
O003308,P0041,1
O003309,P0031,1
O003310,P0037,2
O003310,P0095,3
O003311,P0066,1
O003312,P0070,1
O003313,P0027,3
O003314,P0086,1
O003315,P0086,1
O003316,P0007,3
O003316,P0062,3
O003317,P0013,1
O003318,P0048,1
O003319,P0025,1
O003320,P0055,3
O003321,P0031,1
O003322,P0027,1
O003323,P0040,2
O003324,P0006,3
O003325,P0013,2
O003326,P0074,1
O003327,P0042,1
O003328,P0080,1
O003329,P0013,1
O003330,P0005,3
O003331,P0067,1
O003331,P0087,1
O003331,P0047,1
O003332,P0022,2
O003333,P0063,1
O003333,P0059,1
O003334,P0021,1
O003335,P0042,2
O003336,P0026,2
O003336,P0064,2
O003337,P0005,1
O003338,P0041,2
O003338,P0076,1
O003339,P0019,2
O003340,P0077,3
O003341,P0091,1
O003342,P0077,2
O003342,P0018,2
O003343,P0006,3
O003344,P0033,2
O003344,P0090,3
O003344,P0073,2
O003344,P0058,1
O003345,P0076,2
O003346,P0068,3
O003347,P0051,1
O003347,P0029,1
O003348,P0023,1
O003349,P0004,1
O003349,P0017,1
O003350,P0051,1
O003350,P0010,1
O003351,P0004,2
O003352,P0027,1
O003353,P0002,2
O003353,P0089,1
O003353,P0010,1
O003354,P0061,1
O003355,P0054,1
O003356,P0093,1
O003356,P0010,3
O003356,P0047,1
O003357,P0023,2
O003358,P0054,1
O003359,P0063,1
O003360,P0025,1
O003360,P0043,3
O003361,P0087,1
O003362,P0001,1
O003362,P0077,1
O003363,P0087,2
O003363,P0007,2
O003363,P0073,2
O003364,P0074,2
O003365,P0013,1
O003365,P0071,1
O003366,P0049,1
O003367,P0040,1
O003367,P0007,3
O003367,P0026,1
O003368,P0037,1
O003368,P0083,1
O003369,P0035,1
O003370,P0006,1
O003370,P0054,1
O003371,P0040,2
O003372,P0051,2
O003372,P0019,1
O003373,P0012,3
O003373,P0009,3
O003374,P0033,1
O003374,P0031,2
O003375,P0055,1
O003376,P0029,2
O003377,P0065,1
O003377,P0057,1
O003378,P0069,1
O003379,P0043,3
O003380,P0069,2
O003381,P0056,1
O003381,P0050,2
O003382,P0040,1
O003382,P0095,1
O003382,P0017,1
O003383,P0045,1
O003384,P0090,3
O003384,P0082,2
O003385,P0002,1
O003386,P0091,1
O003386,P0031,1
O003387,P0091,1
O003388,P0035,2
O003388,P0091,3
O003388,P0028,1
O003389,P0010,3
O003390,P0042,1
O003391,P0037,3
O003392,P0025,3
O003392,P0093,3
O003393,P0074,1
O003394,P0047,1
O003395,P0037,1
O003395,P0053,1
O003395,P0029,3
O003395,P0025,3
O003396,P0073,1
O003396,P0009,3
O003397,P0036,2
O003398,P0095,2
O003398,P0070,1
O003398,P0010,3
O003399,P0014,1
O003399,P0059,1
O003399,P0032,3
O003400,P0023,1
O003401,P0082,2
O003401,P0022,2
O003401,P0063,1
O003401,P0002,3
O003402,P0031,1
O003402,P0023,3
O003402,P0010,1
O003403,P0060,1
O003404,P0043,3
O003405,P0087,1
O003406,P0058,2
O003406,P0068,1
O003407,P0032,2
O003408,P0062,2
O003408,P0029,1
O003409,P0081,1
O003410,P0024,1
O003410,P0051,1
O003411,P0089,1
O003412,P0051,1
O003412,P0050,1
O003413,P0087,3
O003414,P0062,1
O003414,P0013,3
O003414,P0057,3
O003415,P0088,2
O003415,P0042,1
O003415,P0067,1
O003415,P0037,1
O003416,P0008,1
O003417,P0083,3
O003418,P0014,1
O003418,P0032,1
O003419,P0059,1
O003420,P0050,3
O003421,P0071,1
O003421,P0086,1
O003422,P0072,1
O003423,P0084,1
O003423,P0081,1
O003424,P0083,1
O003425,P0056,1
O003426,P0040,1
O003427,P0023,3
O003427,P0081,3
O003428,P0054,3
O003429,P0041,3
O003430,P0021,1
O003431,P0002,2
O003432,P0037,1
O003433,P0043,1
O003433,P0058,1
O003434,P0086,1
O003434,P0028,2
O003434,P0035,1
O003435,P0067,1
O003435,P0081,3
O003436,P0036,2
O003436,P0062,1
O003437,P0027,1
O003438,P0035,1
O003439,P0031,3
O003439,P0044,1
O003439,P0070,2
O003439,P0032,1
O003440,P0074,1
O003441,P0018,2
O003441,P0009,1
O003441,P0092,1
O003441,P0053,1
O003442,P0061,1
O003442,P0052,1
O003443,P0036,1
O003443,P0041,1
O003444,P0089,2
O003444,P0072,1
O003444,P0059,3
O003445,P0058,2
O003445,P0002,1
O003445,P0052,1
O003446,P0086,3
O003447,P0083,1
O003448,P0032,3
O003448,P0048,1
O003448,P0077,3
O003449,P0069,2
O003450,P0004,2
O003451,P0027,1
O003452,P0013,1
O003452,P0046,3
O003452,P0069,1
O003453,P0009,3
O003454,P0060,1
O003455,P0049,1
O003455,P0052,1
O003455,P0077,1
O003456,P0088,2
O003456,P0046,1
O003457,P0017,1
O003457,P0029,2
O003457,P0022,2
O003458,P0039,1
O003458,P0014,3
O003459,P0073,2
O003460,P0026,1
O003460,P0040,3
O003461,P0089,2
O003462,P0010,3
O003463,P0059,1
O003463,P0082,2
O003463,P0086,3
O003463,P0084,2
O003464,P0046,3
O003465,P0027,1
O003465,P0094,3
O003465,P0092,1
O003465,P0002,3
O003466,P0003,2
O003466,P0071,2
O003467,P0050,3
O003468,P0076,1
O003469,P0075,1
O003469,P0096,1
O003469,P0002,2
O003470,P0086,1
O003470,P0058,1
O003471,P0084,1
O003472,P0035,2
O003472,P0068,1
O003473,P0032,2
O003474,P0046,1
O003474,P0094,1
O003475,P0026,1
O003475,P0060,2
O003475,P0039,1
O003476,P0061,1
O003476,P0065,1
O003476,P0023,2
O003477,P0069,1
O003478,P0054,1
O003479,P0040,1
O003480,P0059,1
O003481,P0024,3
O003481,P0041,3
O003482,P0072,2
O003482,P0002,1
O003482,P0051,1
O003483,P0059,2
O003484,P0051,3
O003484,P0078,1
O003485,P0002,1
O003485,P0007,1
O003485,P0037,1
O003486,P0029,1
O003486,P0016,3
O003486,P0088,2
O003486,P0049,3
O003487,P0046,1
O003488,P0015,3
O003489,P0061,2
O003489,P0017,1
O003490,P0039,2
O003490,P0009,2
O003491,P0086,3
O003492,P0010,1
O003492,P0002,1
O003492,P0013,1
O003493,P0035,1
O003494,P0017,1
O003494,P0002,1
O003495,P0060,1
O003496,P0094,2
O003496,P0043,1
O003497,P0077,3
O003498,P0063,2
O003499,P0068,2
O003500,P0051,1
O003501,P0006,1
O003501,P0067,1
O003501,P0084,2
O003501,P0094,3
O003502,P0079,3
O003503,P0002,1
O003503,P0067,3
O003504,P0077,1
O003504,P0050,2
O003505,P0020,1
O003505,P0042,2
O003506,P0051,3
O003507,P0057,2
O003507,P0046,1
O003507,P0093,1
O003508,P0032,3
O003509,P0067,1
O003509,P0031,3
O003509,P0057,1
O003509,P0065,1
O003510,P0056,3
O003510,P0008,1
O003511,P0035,3
O003511,P0058,2
O003511,P0068,2
O003511,P0005,1
O003512,P0054,2
O003512,P0004,3
O003513,P0005,2
O003514,P0072,3
O003514,P0005,1
O003515,P0050,1
O003515,P0002,1
O003516,P0049,1
O003517,P0019,1
O003517,P0008,2
O003518,P0051,1
O003519,P0053,2
O003520,P0009,1
O003520,P0026,1
O003521,P0066,1
O003522,P0030,2
O003523,P0005,1
O003523,P0006,1
O003524,P0081,1
O003525,P0096,2
O003526,P0059,2
O003527,P0057,3
O003528,P0053,2
O003528,P0052,1
O003528,P0035,1
O003529,P0035,1
O003530,P0067,3
O003530,P0038,1
O003530,P0068,1
O003531,P0063,1
O003531,P0023,3
O003532,P0008,1
O003532,P0025,1
O003532,P0017,1
O003533,P0072,1
O003534,P0074,3
O003534,P0016,1
O003535,P0035,2
O003535,P0058,1
O003536,P0013,3
O003537,P0048,1
O003537,P0032,2
O003537,P0026,1
O003538,P0064,1
O003538,P0055,1
O003538,P0042,1
O003538,P0058,1
O003539,P0072,1
O003539,P0017,2
O003540,P0059,3
O003540,P0051,1
O003541,P0033,3
O003542,P0077,3
O003543,P0022,1
O003543,P0057,1
O003544,P0022,1
O003544,P0004,3
O003545,P0093,3
O003546,P0040,1
O003547,P0091,1
O003548,P0001,1
O003549,P0012,3
O003550,P0028,1
O003551,P0086,1
O003552,P0074,2
O003552,P0076,1
O003552,P0081,1
O003552,P0075,1
O003553,P0028,2
O003554,P0058,1
O003555,P0004,3
O003555,P0046,3
O003556,P0053,1
O003556,P0054,1
O003557,P0062,2
O003557,P0081,2
O003558,P0077,1
O003559,P0083,2
O003559,P0060,1
O003560,P0002,2
O003561,P0085,2
O003561,P0060,1
O003561,P0003,2
O003562,P0002,1
O003562,P0091,1
O003563,P0049,3
O003563,P0032,2
O003564,P0026,1
O003565,P0016,1
O003565,P0090,1
O003565,P0092,3
O003566,P0093,1
O003566,P0022,2
O003566,P0033,1
O003566,P0053,2
O003567,P0060,3
O003567,P0041,1
O003568,P0033,1
O003568,P0079,3
O003569,P0011,1
O003570,P0004,1
O003570,P0059,1
O003571,P0013,1
O003572,P0073,1
O003573,P0003,3
O003573,P0030,1
O003573,P0042,1
O003574,P0035,1
O003575,P0024,3
O003576,P0053,1
O003576,P0022,1
O003576,P0067,1
O003576,P0077,2
O003577,P0046,1
O003577,P0001,2
O003578,P0004,3
O003578,P0045,2
O003578,P0085,3
O003578,P0096,1
O003579,P0070,1
O003580,P0042,1
O003581,P0025,3
O003582,P0066,1
O003582,P0090,3
O003583,P0041,3
O003583,P0040,3
O003584,P0024,2
O003585,P0053,1
O003585,P0005,2
O003585,P0027,1
O003586,P0089,1
O003586,P0046,1
O003586,P0032,3
O003587,P0023,1
O003588,P0002,2
O003588,P0087,2
O003589,P0076,2
O003590,P0077,3
O003590,P0063,1
O003590,P0030,1
O003591,P0087,1
O003592,P0007,1
O003592,P0048,1
O003593,P0042,1
O003594,P0089,1
O003595,P0086,2
O003596,P0036,3
O003596,P0056,1
O003597,P0028,1
O003598,P0082,1
O003598,P0019,1
O003599,P0017,3
O003600,P0049,2
O003601,P0089,2
O003601,P0092,3
O003601,P0051,1
O003602,P0078,1
O003603,P0060,1
O003604,P0055,3
O003605,P0067,2
O003605,P0024,1
O003606,P0041,3
O003606,P0087,2
O003607,P0092,3
O003608,P0052,3
O003609,P0047,2
O003609,P0054,3
O003610,P0061,1
O003610,P0038,3
O003611,P0053,1
O003612,P0037,1
O003613,P0031,1
O003613,P0068,1
O003613,P0006,1
O003613,P0085,3
O003614,P0053,1
O003614,P0038,1
O003614,P0027,3
O003615,P0024,3
O003616,P0070,1
O003616,P0091,3
O003616,P0084,2
O003617,P0044,1
O003618,P0005,3
O003618,P0053,1
O003619,P0026,1
O003620,P0049,2
O003621,P0072,2
O003622,P0054,1
O003623,P0039,1
O003623,P0019,3
O003624,P0071,2
O003624,P0052,3
O003625,P0024,1
O003625,P0085,1
O003625,P0069,2
O003625,P0014,2
O003626,P0066,1
O003626,P0077,1
O003627,P0015,1
O003627,P0075,1
O003628,P0090,1
O003629,P0024,2
O003630,P0007,1
O003630,P0037,1
O003631,P0048,3
O003631,P0044,2
O003631,P0026,1
O003632,P0080,1
O003632,P0004,3
O003632,P0051,1
O003632,P0025,1
O003633,P0024,3
O003634,P0074,3
O003635,P0041,3
O003636,P0094,1
O003636,P0078,2
O003637,P0095,1
O003638,P0010,1
O003638,P0004,1
O003639,P0075,2
O003639,P0003,1
O003640,P0024,2
O003641,P0034,2
O003641,P0030,3
O003642,P0038,1
O003642,P0041,1
O003642,P0084,1
O003642,P0013,1
O003643,P0030,1
O003643,P0081,1
O003643,P0033,1
O003644,P0004,3
O003644,P0075,2
O003645,P0064,2
O003646,P0033,1
O003647,P0030,3
O003647,P0068,1
O003648,P0091,1
O003648,P0031,1
O003648,P0007,3
O003649,P0063,1
O003649,P0025,3
O003650,P0077,2
O003650,P0058,1
O003651,P0073,1
O003652,P0071,3
O003652,P0092,3
O003653,P0050,1
O003654,P0007,2
O003655,P0045,1
O003655,P0067,2
O003655,P0057,3
O003656,P0054,3
O003657,P0036,2
O003657,P0078,1
O003657,P0072,3
O003658,P0062,2
O003659,P0068,1
O003660,P0032,1
O003661,P0026,3
O003662,P0063,2
O003663,P0033,3
O003663,P0024,1
O003663,P0040,3
O003663,P0007,1
O003664,P0096,1
O003664,P0065,1
O003665,P0039,3
O003665,P0018,1
O003666,P0028,1
O003666,P0086,3
O003666,P0081,1
O003667,P0016,2
O003668,P0005,3
O003669,P0042,2
O003670,P0056,1
O003671,P0083,3
O003671,P0041,1
O003672,P0067,1
O003672,P0083,1
O003673,P0043,2
O003673,P0001,1
O003673,P0030,1
O003674,P0061,2
O003674,P0048,2
O003675,P0011,2
O003676,P0034,3
O003677,P0022,1
O003678,P0075,1
O003678,P0072,1
O003678,P0034,1
O003678,P0095,1
O003679,P0074,2
O003679,P0033,3
O003679,P0054,1
O003679,P0038,1
O003680,P0037,3
O003681,P0026,1
O003681,P0045,1
O003681,P0030,1
O003682,P0073,3
O003683,P0030,2
O003683,P0096,1
O003684,P0074,3
O003684,P0005,1
O003684,P0030,1
O003685,P0048,3
O003686,P0071,1
O003686,P0017,2
O003686,P0064,2
O003687,P0045,1
O003687,P0059,1
O003688,P0026,1
O003689,P0079,1
O003690,P0034,2
O003690,P0053,2
O003691,P0009,1
O003692,P0083,1
O003692,P0045,3
O003692,P0068,1
O003693,P0011,1
O003694,P0070,3
O003695,P0013,3
O003695,P0002,1
O003695,P0087,1
O003696,P0037,3
O003697,P0034,3
O003698,P0069,1
O003699,P0039,1
O003700,P0047,3
O003701,P0015,2
O003701,P0055,1
O003702,P0029,1
O003703,P0057,1
O003703,P0038,2
O003704,P0071,1
O003705,P0050,1
O003706,P0034,2
O003707,P0055,2
O003708,P0035,1
O003709,P0077,1
O003710,P0021,1
O003710,P0013,3
O003710,P0074,1
O003710,P0062,1
O003711,P0019,1
O003712,P0008,1
O003713,P0074,1
O003713,P0023,3
O003713,P0055,2
O003714,P0011,1
O003715,P0024,2
O003715,P0025,1
O003715,P0089,1
O003716,P0055,1
O003716,P0020,3
O003716,P0039,1
O003716,P0008,1
O003717,P0009,2
O003717,P0085,1
O003718,P0066,1
O003719,P0006,1
O003720,P0064,3
O003720,P0024,3
O003721,P0093,2
O003722,P0064,1
O003722,P0038,1
O003723,P0069,1
O003724,P0013,2
O003725,P0045,1
O003725,P0061,1
O003726,P0050,2
O003727,P0039,1
O003728,P0013,1
O003728,P0046,1
O003729,P0056,1
O003729,P0074,1
O003730,P0064,2
O003731,P0031,3
O003731,P0035,1
O003731,P0011,2
O003731,P0080,1
O003732,P0092,1
O003733,P0052,3
O003734,P0076,3
O003735,P0039,1
O003736,P0009,1
O003736,P0034,2
O003736,P0096,1
O003737,P0036,2
O003737,P0072,2
O003738,P0067,3
O003738,P0049,1
O003739,P0009,3
O003740,P0046,1
O003740,P0022,2
O003740,P0051,2
O003741,P0088,3
O003742,P0086,1
O003742,P0041,1
O003743,P0086,3
O003744,P0083,1
O003744,P0022,1
O003745,P0031,2
O003746,P0071,1
O003746,P0077,1
O003746,P0070,3
O003747,P0068,1
O003747,P0027,1
O003748,P0041,1
O003748,P0070,2
O003749,P0055,3
O003750,P0085,1
O003750,P0082,2
O003751,P0033,1
O003751,P0023,1
O003752,P0009,1
O003752,P0007,1
O003753,P0080,1
O003754,P0084,2
O003754,P0028,1
O003755,P0038,3
O003756,P0068,1
O003756,P0025,1
O003757,P0023,2
O003757,P0014,1
O003758,P0022,1
O003758,P0031,1
O003758,P0044,2
O003759,P0040,3
O003760,P0007,1
O003761,P0071,2
O003762,P0027,1
O003763,P0040,1
O003764,P0073,1
O003765,P0073,3
O003766,P0080,2
O003767,P0050,3
O003767,P0027,1
O003768,P0005,1
O003768,P0018,1
O003768,P0090,1
O003769,P0076,2
O003769,P0028,3
O003770,P0044,1
O003770,P0042,1
O003770,P0002,1
O003770,P0057,1
O003771,P0011,3
O003771,P0060,1
O003772,P0044,1
O003772,P0065,2
O003773,P0027,3
O003774,P0013,1
O003774,P0052,1
O003775,P0054,2
O003776,P0071,2
O003777,P0085,1
O003777,P0031,1
O003777,P0035,1
O003778,P0037,3
O003778,P0073,3
O003778,P0084,1
O003779,P0027,1
O003779,P0052,1
O003780,P0030,2
O003780,P0007,1
O003780,P0069,1
O003781,P0008,2
O003782,P0036,1
O003783,P0087,2
O003784,P0092,1
O003784,P0077,1
O003785,P0059,1
O003785,P0078,1
O003785,P0027,2
O003786,P0070,1
O003786,P0073,1
O003787,P0008,1
O003788,P0052,2
O003789,P0053,1
O003789,P0095,1
O003790,P0070,1
O003791,P0047,1
O003792,P0040,1
O003793,P0040,1
O003794,P0020,1
O003795,P0052,3
O003795,P0001,1
O003796,P0041,1
O003797,P0080,2
O003798,P0037,2
O003799,P0013,1
O003799,P0059,1
O003799,P0079,3
O003800,P0032,1
O003801,P0064,3
O003802,P0030,2
O003803,P0069,1
O003803,P0006,3
O003803,P0091,1
O003804,P0022,3
O003805,P0043,1
O003806,P0059,1
O003807,P0089,1
O003807,P0055,1
O003808,P0071,1
O003808,P0069,3
O003808,P0089,2
O003809,P0072,1
O003810,P0040,1
O003811,P0004,1
O003811,P0066,1
O003811,P0062,1
O003811,P0019,3
O003812,P0019,1
O003813,P0068,2
O003813,P0005,1
O003813,P0025,2
O003814,P0005,3
O003814,P0083,2
O003815,P0012,2
O003815,P0004,1
O003816,P0079,3
O003816,P0043,1
O003817,P0025,3
O003818,P0052,1
O003818,P0013,2
O003819,P0017,2
O003820,P0084,1
O003820,P0015,1
O003821,P0078,1
O003822,P0029,1
O003823,P0017,1
O003823,P0045,1
O003823,P0096,3
O003824,P0026,3
O003824,P0089,1
O003825,P0047,1
O003826,P0017,1
O003827,P0030,2
O003828,P0018,2
O003829,P0077,3
O003829,P0005,1
O003830,P0048,1
O003830,P0019,1
O003830,P0061,1
O003830,P0024,1
O003831,P0094,1
O003831,P0070,1
O003832,P0046,3
O003832,P0032,1
O003833,P0026,1
O003834,P0027,1
O003834,P0013,2
O003835,P0032,1
O003836,P0082,3
O003837,P0069,1
O003838,P0012,1
O003839,P0048,1
O003839,P0071,3
O003840,P0025,2
O003841,P0012,1
O003842,P0061,2
O003843,P0001,3
O003844,P0049,1
O003845,P0043,1
O003846,P0066,1
O003847,P0020,1
O003847,P0062,1
O003848,P0094,3
O003849,P0010,2
O003850,P0049,1
O003850,P0035,1
O003851,P0020,1
O003852,P0072,1
O003852,P0016,2
O003853,P0059,3
O003853,P0086,2
O003854,P0034,1
O003855,P0089,1
O003855,P0048,1
O003856,P0042,1
O003857,P0048,1
O003858,P0079,1
O003859,P0061,1
O003860,P0091,1
O003860,P0052,1
O003861,P0088,1
O003862,P0042,2
O003862,P0016,1
O003863,P0057,1
O003863,P0067,1
O003864,P0027,2
O003864,P0058,2
O003865,P0021,1
O003865,P0095,2
O003865,P0005,3
O003866,P0026,1
O003867,P0058,2
O003868,P0033,1
O003869,P0087,1
O003870,P0090,2
O003871,P0001,1
O003871,P0064,1
O003872,P0034,1
O003872,P0052,1
O003873,P0004,1
O003874,P0060,1
O003874,P0066,3
O003874,P0052,3
O003875,P0063,1
O003876,P0067,3
O003877,P0006,2
O003877,P0089,2
O003877,P0091,1
O003878,P0047,3
O003879,P0013,1
O003879,P0096,1
O003879,P0088,3
O003880,P0065,1
O003880,P0016,3
O003880,P0061,1
O003881,P0018,1
O003881,P0073,1
O003882,P0031,3
O003883,P0051,1
O003884,P0058,1
O003885,P0047,2
O003885,P0032,3
O003885,P0053,3
O003886,P0009,2
O003887,P0018,1
O003887,P0023,2
O003888,P0044,1
O003888,P0021,1
O003889,P0068,1
O003889,P0024,2
O003889,P0018,1
O003890,P0073,2
O003891,P0044,2
O003891,P0091,1
O003891,P0049,1
O003891,P0051,2
O003892,P0037,2
O003892,P0043,1
O003892,P0042,2
O003892,P0020,3
O003893,P0042,3
O003893,P0005,1
O003894,P0025,1
O003895,P0059,2
O003896,P0026,1
O003896,P0090,2
O003896,P0080,1
O003897,P0022,1
O003898,P0039,1
O003898,P0012,2
O003898,P0009,1
O003899,P0044,1
O003900,P0036,1
O003900,P0003,1
O003901,P0092,3
O003901,P0079,3
O003902,P0019,3
O003903,P0050,1
O003904,P0096,3
O003905,P0004,1
O003906,P0047,1
O003907,P0095,3
O003907,P0049,3
O003907,P0086,1
O003907,P0064,1
O003908,P0004,1
O003909,P0069,2
O003909,P0043,2
O003909,P0006,1
O003910,P0070,3
O003911,P0033,1
O003912,P0086,2
O003912,P0045,1
O003912,P0079,2
O003913,P0066,1
O003913,P0015,1
O003913,P0048,1
O003914,P0051,1
O003914,P0083,1
O003915,P0047,1
O003916,P0067,1
O003916,P0089,1
O003916,P0009,1
O003917,P0064,1
O003918,P0032,1
O003918,P0076,1
O003919,P0032,1
O003919,P0062,2
O003919,P0059,2
O003920,P0008,1
O003920,P0079,1
O003921,P0008,1
O003921,P0024,2
O003922,P0089,3
O003922,P0095,2
O003923,P0070,3
O003924,P0022,1
O003925,P0009,3
O003926,P0034,1
O003927,P0040,1
O003927,P0051,1
O003927,P0095,1
O003928,P0085,1
O003929,P0044,2
O003929,P0095,1
O003929,P0086,3
O003930,P0033,3
O003931,P0072,1
O003932,P0010,1
O003932,P0065,1
O003933,P0020,1
O003934,P0016,1
O003934,P0051,3
O003935,P0013,2
O003935,P0020,1
O003935,P0085,3
O003936,P0043,2
O003937,P0045,1
O003937,P0069,3
O003938,P0028,1
O003938,P0009,2
O003938,P0006,2
O003939,P0025,1
O003939,P0074,1
O003940,P0058,1
O003940,P0093,2
O003941,P0088,1
O003942,P0070,3
O003943,P0051,1
O003944,P0092,1
O003944,P0022,2
O003944,P0083,1
O003945,P0027,1
O003945,P0062,2
O003945,P0034,2
O003945,P0041,2
O003946,P0015,1
O003947,P0026,3
O003948,P0007,3
O003949,P0065,1
O003949,P0001,2
O003950,P0023,3
O003950,P0041,2
O003951,P0002,3
O003952,P0074,1
O003952,P0053,1
O003953,P0068,1
O003954,P0026,1
O003955,P0039,1
O003956,P0002,1
O003956,P0095,1
O003957,P0059,2
O003957,P0033,1
O003957,P0086,1
O003957,P0021,2
O003958,P0032,1
O003958,P0082,2
O003959,P0024,1
O003960,P0090,1
O003961,P0021,1
O003962,P0036,2
O003962,P0090,1
O003963,P0009,1
O003963,P0025,2
O003963,P0061,1
O003963,P0041,1
O003964,P0063,2
O003964,P0013,2
O003965,P0028,3
O003965,P0060,3
O003966,P0070,1
O003967,P0088,3
O003967,P0021,2
O003968,P0048,2
O003968,P0059,1
O003969,P0050,3
O003970,P0082,1
O003971,P0019,2
O003971,P0010,1
O003971,P0020,1
O003972,P0081,1
O003972,P0038,2
O003973,P0093,1
O003974,P0043,1
O003974,P0038,2
O003974,P0060,1
O003974,P0064,1
O003975,P0074,1
O003975,P0018,1
O003976,P0073,1
O003976,P0019,1
O003977,P0055,1
O003978,P0012,2
O003979,P0014,2
O003979,P0059,1
O003979,P0076,1
O003980,P0026,1
O003981,P0080,1
O003982,P0029,1
O003982,P0027,2
O003982,P0074,1
O003983,P0074,1
O003983,P0062,1
O003984,P0046,3
O003984,P0053,2
O003985,P0084,1
O003985,P0062,1
O003986,P0037,1
O003986,P0047,2
O003987,P0086,1
O003988,P0024,1
O003989,P0014,2
O003989,P0043,2
O003989,P0016,3
O003990,P0082,3
O003990,P0025,3
O003990,P0020,1
O003991,P0045,3
O003991,P0062,1
O003991,P0054,2
O003992,P0032,3
O003992,P0085,1
O003993,P0023,3
O003993,P0073,2
O003994,P0050,1
O003995,P0073,1
O003995,P0084,1
O003996,P0031,1
O003997,P0073,3
O003998,P0058,2
O003999,P0081,1
O003999,P0032,1
O004000,P0041,1
O004001,P0082,1
O004002,P0058,1
O004002,P0034,2
O004003,P0096,1
O004004,P0086,1
O004004,P0081,1
O004005,P0055,1
O004005,P0038,1
O004006,P0049,1
O004007,P0032,1
O004008,P0089,1
O004008,P0041,1
O004008,P0012,3
O004008,P0094,3
O004009,P0048,2
O004009,P0071,3
O004009,P0019,2
O004010,P0092,1
O004010,P0021,3
O004011,P0086,1
O004012,P0053,1
O004012,P0027,1
O004013,P0037,3
O004014,P0072,1
O004015,P0019,1
O004016,P0051,1
O004016,P0015,1
O004017,P0081,1
O004018,P0095,1
O004019,P0055,2
O004019,P0031,3
O004020,P0056,1
O004020,P0003,2
O004021,P0061,1
O004021,P0041,1
O004022,P0056,1
O004023,P0055,2
O004024,P0058,2
O004024,P0076,1
O004025,P0047,3
O004026,P0084,1
O004027,P0029,1
O004028,P0025,1
O004029,P0059,3
O004030,P0051,1
O004030,P0030,3
O004031,P0061,1
O004031,P0073,2
O004032,P0073,1
O004032,P0035,1
O004033,P0039,1
O004034,P0042,1
O004035,P0083,1
O004036,P0060,3
O004037,P0036,2
O004037,P0033,1
O004038,P0015,1
O004039,P0032,1
O004040,P0084,3
O004041,P0030,1
O004041,P0057,3
O004042,P0001,2
O004042,P0086,1
O004043,P0075,1
O004044,P0011,2
O004045,P0053,3
O004046,P0023,1
O004047,P0056,3
O004047,P0040,1
O004048,P0027,1
O004049,P0073,1
O004049,P0037,2
O004050,P0011,3
O004050,P0035,1
O004051,P0094,2
O004052,P0051,1
O004052,P0002,2
O004052,P0070,1
O004053,P0052,2
O004054,P0060,1
O004054,P0011,1
O004055,P0018,1
O004056,P0040,2
O004057,P0086,1
O004058,P0033,1
O004058,P0095,2
O004058,P0046,3
O004059,P0078,3
O004060,P0052,1
O004060,P0043,2
O004060,P0085,2
O004060,P0010,1
O004061,P0074,1
O004061,P0073,1
O004062,P0083,1
O004063,P0067,1
O004063,P0081,1
O004064,P0031,1
O004064,P0070,1
O004065,P0022,1
O004066,P0094,1
O004067,P0039,3
O004068,P0035,1
O004068,P0011,3
O004068,P0047,3
O004068,P0048,3
O004069,P0059,2
O004069,P0013,2
O004069,P0012,3
O004070,P0052,3
O004070,P0004,1
O004070,P0019,1
O004071,P0025,3
O004071,P0033,1
O004071,P0041,1
O004072,P0055,3
O004073,P0058,2
O004074,P0091,1
O004075,P0041,3
O004076,P0092,3
O004076,P0011,3
O004077,P0009,3
O004077,P0027,1
O004077,P0005,3
O004078,P0029,3
O004078,P0026,3
O004079,P0039,2
O004080,P0002,1
O004081,P0091,2
O004082,P0020,2
O004083,P0070,2
O004083,P0046,2
O004083,P0026,2
O004083,P0019,2
O004084,P0094,3
O004085,P0001,1
O004086,P0029,1
O004087,P0053,1
O004088,P0060,2
O004089,P0038,3
O004090,P0052,3
O004090,P0094,3
O004090,P0010,1
O004090,P0015,1
O004091,P0085,1
O004092,P0042,1
O004092,P0015,1
O004092,P0064,3
O004093,P0054,1
O004094,P0015,1
O004094,P0074,2
O004095,P0094,2
O004095,P0012,1
O004096,P0084,1
O004097,P0058,1
O004097,P0082,1
O004098,P0054,2
O004099,P0038,1
O004100,P0074,3
O004101,P0004,2
O004101,P0020,1
O004101,P0042,1
O004101,P0060,1
O004102,P0038,1
O004103,P0024,1
O004104,P0085,1
O004105,P0026,1
O004106,P0086,2
O004107,P0071,1
O004108,P0074,1
O004109,P0076,1
O004110,P0016,1
O004111,P0021,1
O004112,P0086,3
O004112,P0018,1
O004112,P0079,1
O004113,P0076,1
O004113,P0088,3
O004114,P0041,2
O004114,P0094,1
O004115,P0044,2
O004116,P0017,1
O004116,P0074,1
O004117,P0018,3
O004118,P0028,1
O004119,P0066,2
O004120,P0078,1
O004121,P0017,2
O004122,P0034,3
O004123,P0020,2
O004124,P0018,1
O004124,P0072,1
O004125,P0064,1
O004125,P0083,1
O004126,P0073,1
O004127,P0063,1
O004128,P0031,1
O004129,P0019,1
O004130,P0035,1
O004130,P0043,3
O004130,P0055,3
O004130,P0019,1
O004131,P0019,1
O004131,P0070,3
O004132,P0047,1
O004132,P0048,2
O004132,P0056,1
O004133,P0089,1
O004133,P0060,2
O004133,P0068,1
O004134,P0004,1
O004134,P0006,1
O004134,P0007,2
O004135,P0070,2
O004136,P0040,1
O004137,P0022,2
O004137,P0086,2
O004137,P0042,1
O004137,P0051,1
O004138,P0041,2
O004138,P0076,2
O004138,P0033,2
O004139,P0091,2
O004140,P0020,1
O004140,P0014,3
O004141,P0069,1
O004142,P0059,1
O004142,P0019,1
O004142,P0026,1
O004142,P0036,1
O004143,P0068,3
O004143,P0009,1
O004143,P0026,1
O004144,P0088,1
O004145,P0046,2
O004145,P0072,2
O004145,P0086,3
O004146,P0039,1
O004147,P0001,1
O004147,P0052,3
O004147,P0019,1
O004147,P0049,1
O004148,P0077,1
O004148,P0086,1
O004149,P0055,1
O004150,P0056,1
O004151,P0063,2
O004151,P0095,3
O004151,P0060,3
O004151,P0078,1
O004152,P0043,1
O004153,P0071,2
O004153,P0004,2
O004153,P0059,3
O004153,P0051,1
O004154,P0088,3
O004155,P0071,2
O004156,P0005,3
O004157,P0082,2
O004158,P0034,3
O004158,P0049,3
O004159,P0008,1
O004160,P0065,2
O004161,P0033,1
O004161,P0054,3
O004162,P0069,3
O004163,P0017,1
O004163,P0082,3
O004164,P0084,2
O004164,P0080,2
O004165,P0023,1
O004166,P0014,2
O004167,P0047,1
O004168,P0076,2
O004169,P0007,1
O004169,P0019,1
O004169,P0054,2
O004170,P0016,1
O004170,P0095,3
O004171,P0081,1
O004171,P0040,1
O004171,P0029,1
O004172,P0030,3
O004173,P0028,3
O004173,P0033,2
O004173,P0096,2
O004174,P0068,1
O004175,P0047,1
O004175,P0025,1
O004176,P0081,1
O004177,P0044,3
O004178,P0014,1
O004178,P0055,1
O004178,P0082,1
O004179,P0025,1
O004179,P0077,2
O004180,P0092,1
O004181,P0020,3
O004181,P0089,2
O004182,P0038,3
O004183,P0042,1
O004184,P0027,2
O004184,P0050,1
O004185,P0082,1
O004185,P0023,1
O004186,P0018,2
O004187,P0007,1
O004187,P0052,2
O004188,P0005,3
O004189,P0038,1
O004190,P0078,1
O004190,P0072,1
O004190,P0028,1
O004191,P0067,3
O004191,P0093,3
O004192,P0004,1
O004193,P0086,1
O004194,P0042,1
O004195,P0022,3
O004195,P0093,2
O004196,P0068,1
O004196,P0046,2
O004197,P0011,2
O004198,P0090,2
O004199,P0069,1
O004199,P0053,1
O004200,P0035,3
O004201,P0034,1
O004202,P0076,2
O004203,P0016,3
O004203,P0068,2
O004204,P0065,2
O004205,P0046,3
O004205,P0035,2
O004206,P0028,2
O004206,P0026,1
O004207,P0016,2
O004208,P0083,1
O004208,P0021,1
O004209,P0063,1
O004210,P0052,1
O004211,P0068,1
O004211,P0074,2
O004212,P0017,1
O004212,P0034,2
O004213,P0066,2
O004213,P0090,3
O004214,P0046,2
O004215,P0092,1
O004216,P0004,2
O004217,P0051,1
O004218,P0053,3
O004219,P0026,1
O004220,P0025,1
O004221,P0086,1
O004221,P0069,1
O004222,P0069,1
O004223,P0001,1
O004224,P0085,1
O004224,P0047,1
O004224,P0032,3
O004225,P0054,3
O004225,P0093,1
O004225,P0071,1
O004225,P0090,1
O004226,P0042,1
O004227,P0026,2
O004227,P0027,3
O004228,P0074,1
O004229,P0071,2
O004229,P0087,3
O004230,P0034,1
O004230,P0057,1
O004231,P0007,1
O004232,P0079,1
O004232,P0066,1
O004232,P0090,1
O004233,P0058,1
O004234,P0063,1
O004235,P0095,3
O004236,P0033,1
O004237,P0037,2
O004238,P0078,3
O004238,P0012,3
O004238,P0061,2
O004239,P0045,1
O004239,P0005,2
O004240,P0075,1
O004240,P0064,1
O004241,P0018,1
O004241,P0088,1
O004241,P0084,2
O004242,P0025,1
O004243,P0045,3
O004244,P0013,1
O004244,P0024,1
O004245,P0018,2
O004246,P0026,1
O004247,P0075,1
O004248,P0026,1
O004248,P0007,3
O004248,P0014,1
O004249,P0052,1
O004250,P0008,3
O004251,P0092,1
O004252,P0075,2
O004253,P0041,3
O004253,P0007,2
O004253,P0027,3
O004254,P0018,2
O004255,P0043,1
O004256,P0015,1
O004257,P0025,1
O004257,P0031,1
O004258,P0028,1
O004258,P0086,1
O004259,P0077,1
O004260,P0084,1
O004261,P0079,1
O004261,P0037,1
O004262,P0045,1
O004263,P0023,1
O004263,P0087,1
O004264,P0022,1
O004265,P0056,1
O004265,P0016,3
O004265,P0074,1
O004266,P0053,1
O004266,P0003,1
O004267,P0086,1
O004268,P0032,2
O004269,P0096,2
O004269,P0083,1
O004269,P0075,3
O004270,P0041,3
O004270,P0092,1
O004270,P0030,1
O004270,P0039,1
O004271,P0066,2
O004271,P0034,2
O004272,P0040,1
O004272,P0035,1
O004272,P0065,1
O004273,P0056,2
O004273,P0034,3
O004274,P0066,1
O004275,P0010,3
O004276,P0025,3
O004276,P0015,1
O004277,P0054,1
O004277,P0061,1
O004278,P0017,2
O004278,P0065,1
O004279,P0058,1
O004280,P0042,1
O004280,P0091,1
O004281,P0083,1
O004282,P0042,1
O004283,P0014,1
O004284,P0008,3
O004285,P0030,1
O004285,P0062,3
O004286,P0037,1
O004287,P0084,1
O004288,P0090,2
O004289,P0062,3
O004289,P0086,1
O004289,P0013,1
O004290,P0031,1
O004291,P0026,3
O004291,P0075,3
O004292,P0023,1
O004293,P0004,1
O004293,P0045,1
O004293,P0035,1
O004294,P0074,1
O004295,P0062,1
O004295,P0095,1
O004296,P0002,3
O004297,P0009,1
O004297,P0054,1
O004298,P0003,3
O004298,P0075,1
O004299,P0091,1
O004300,P0057,2
O004301,P0081,2
O004302,P0056,3
O004302,P0017,3
O004303,P0079,1
O004303,P0013,2
O004303,P0066,3
O004304,P0068,2
O004305,P0084,2
O004305,P0002,1
O004306,P0064,3
O004306,P0023,1
O004307,P0012,3
O004308,P0071,2
O004308,P0085,1
O004309,P0025,2
O004309,P0036,1
O004309,P0057,3
O004310,P0068,1
O004310,P0026,2
O004311,P0074,2
O004311,P0026,1
O004312,P0066,1
O004312,P0049,1
O004312,P0004,1
O004313,P0006,3
O004313,P0090,1
O004314,P0014,1
O004314,P0021,2
O004314,P0061,3
O004315,P0070,3
O004316,P0053,1
O004317,P0021,1
O004317,P0078,3
O004318,P0096,1
O004319,P0005,2
O004320,P0054,2
O004320,P0032,1
O004321,P0059,1
O004321,P0034,1
O004322,P0056,1
O004323,P0074,1
O004324,P0080,1
O004325,P0019,2
O004326,P0048,1
O004327,P0059,1
O004328,P0057,1
O004329,P0015,1
O004329,P0003,3
O004330,P0076,1
O004330,P0046,3
O004331,P0071,1
O004331,P0084,2
O004332,P0082,1
O004333,P0031,1
O004333,P0089,3
O004334,P0035,1
O004334,P0046,1
O004335,P0094,1
O004335,P0003,2
O004336,P0040,3
O004337,P0090,3
O004337,P0050,3
O004337,P0057,3
O004337,P0075,3
O004338,P0043,2
O004339,P0072,2
O004340,P0070,3
O004341,P0002,1
O004341,P0071,1
O004342,P0013,1
O004342,P0043,2
O004342,P0053,1
O004343,P0084,1
O004343,P0062,1
O004344,P0018,3
O004345,P0012,3
O004346,P0049,2
O004346,P0051,3
O004346,P0079,1
O004347,P0017,3
O004348,P0058,1
O004349,P0073,1
O004350,P0092,1
O004351,P0094,1
O004351,P0089,1
O004352,P0077,1
O004352,P0095,1
O004353,P0035,1
O004354,P0027,1
O004354,P0043,1
O004355,P0050,1
O004355,P0025,1
O004356,P0033,1
O004357,P0044,1
O004358,P0006,3
O004359,P0034,2
O004360,P0013,1
O004360,P0028,3
O004361,P0003,2
O004362,P0048,1
O004362,P0083,2
O004362,P0089,3
O004362,P0034,1
O004363,P0016,1
O004364,P0087,1
O004365,P0078,2
O004366,P0015,1
O004366,P0003,2
O004367,P0018,3
O004368,P0070,1
O004369,P0041,1
O004369,P0018,1
O004370,P0084,1
O004371,P0092,3
O004372,P0032,2
O004372,P0013,2
O004373,P0090,1
O004374,P0051,2
O004375,P0060,1
O004376,P0036,1
O004376,P0015,2
O004377,P0006,2
O004377,P0079,1
O004378,P0090,3
O004378,P0007,3
O004379,P0041,1
O004380,P0018,2
O004380,P0089,1
O004380,P0012,1
O004381,P0019,3
O004382,P0082,1
O004383,P0019,1
O004384,P0090,1
O004384,P0083,1
O004385,P0012,3
O004385,P0048,2
O004386,P0091,1
O004386,P0046,1
O004386,P0017,1
O004387,P0027,1
O004387,P0051,3
O004388,P0047,1
O004388,P0038,1
O004389,P0052,1
O004389,P0007,3
O004390,P0051,1
O004391,P0091,1
O004392,P0032,3
O004393,P0001,1
O004394,P0040,3
O004395,P0041,2
O004396,P0034,1
O004396,P0008,1
O004397,P0088,3
O004397,P0055,1
O004398,P0036,3
O004399,P0054,1
O004399,P0078,2
O004399,P0053,3
O004400,P0018,2
O004401,P0084,1
O004401,P0070,1
O004401,P0086,1
O004402,P0004,2
O004403,P0029,1
O004404,P0037,2
O004404,P0017,1
O004404,P0025,1
O004405,P0075,1
O004406,P0004,3
O004406,P0064,2
O004407,P0055,2
O004408,P0011,3
O004408,P0033,1
O004408,P0081,3
O004409,P0056,1
O004410,P0051,1
O004410,P0083,1
O004411,P0071,1
O004412,P0013,1
O004412,P0074,1
O004413,P0026,1
O004414,P0077,2
O004415,P0055,1
O004416,P0089,1
O004416,P0029,1
O004417,P0025,2
O004417,P0095,1
O004418,P0074,2
O004419,P0055,3
O004419,P0077,2
O004420,P0051,1
O004420,P0005,1
O004421,P0041,2
O004422,P0065,1
O004422,P0051,1
O004422,P0088,1
O004423,P0044,3
O004423,P0006,3
O004424,P0014,1
O004424,P0003,1
O004424,P0063,3
O004425,P0018,1
O004425,P0075,3
O004426,P0028,3
O004426,P0018,2
O004426,P0006,1
O004427,P0009,1
O004428,P0090,1
O004428,P0016,1
O004428,P0017,3
O004428,P0069,1
O004429,P0009,1
O004430,P0061,3
O004430,P0005,1
O004430,P0009,1
O004431,P0096,1
O004431,P0039,2
O004432,P0065,1
O004433,P0010,1
O004433,P0002,2
O004434,P0055,3
O004435,P0012,1
O004436,P0088,3
O004436,P0037,3
O004437,P0035,1
O004438,P0091,1
O004438,P0044,1
O004438,P0073,1
O004439,P0022,1
O004440,P0069,1
O004441,P0007,1
O004442,P0094,1
O004443,P0011,1
O004444,P0079,1
O004444,P0089,1
O004445,P0010,1
O004446,P0079,1
O004447,P0055,1
O004447,P0065,1
O004448,P0004,1
O004448,P0002,3
O004449,P0013,1
O004450,P0041,2
O004450,P0047,1
O004451,P0028,1
O004452,P0048,1
O004453,P0037,1
O004454,P0032,2
O004455,P0074,1
O004456,P0041,1
O004457,P0074,1
O004458,P0061,3
O004459,P0061,3
O004460,P0024,2
O004461,P0015,1
O004462,P0078,2
O004462,P0084,2
O004462,P0074,1
O004463,P0039,1
O004464,P0094,3
O004464,P0047,1
O004465,P0061,1
O004466,P0008,2
O004467,P0079,3
O004467,P0051,3
O004467,P0094,1
O004467,P0050,3
O004468,P0006,1
O004468,P0002,2
O004469,P0047,1
O004470,P0059,2
O004470,P0079,1
O004471,P0087,1
O004472,P0089,1
O004473,P0066,3
O004473,P0091,1
O004474,P0001,1
O004474,P0007,1
O004475,P0054,1
O004475,P0015,1
O004476,P0045,2
O004476,P0081,2
O004477,P0066,1
O004478,P0038,2
O004478,P0026,2
O004479,P0002,1
O004479,P0089,2
O004480,P0029,1
O004481,P0090,3
O004482,P0045,1
O004482,P0016,1
O004482,P0037,2
O004482,P0081,1
O004483,P0090,1
O004484,P0080,1
O004484,P0056,1
O004484,P0067,1
O004485,P0076,3
O004486,P0008,1
O004486,P0068,1
O004486,P0028,1
O004486,P0005,1
O004487,P0086,1
O004487,P0069,1
O004488,P0017,1
O004488,P0064,1
O004489,P0038,3
O004489,P0035,3
O004489,P0061,3
O004490,P0076,1
O004491,P0016,1
O004492,P0088,1
O004492,P0060,3
O004492,P0008,1
O004492,P0033,1
O004493,P0017,1
O004494,P0042,1
O004495,P0015,1
O004496,P0043,1
O004497,P0014,3
O004497,P0005,1
O004498,P0045,1
O004499,P0093,1
O004499,P0051,2
O004499,P0088,2
O004500,P0064,2
O004501,P0077,1
O004501,P0047,2
O004502,P0031,1
O004503,P0060,1
O004503,P0040,1
O004503,P0024,1
O004503,P0077,1
O004504,P0069,1
O004505,P0053,2
O004506,P0001,3
O004506,P0045,2
O004507,P0057,1
O004508,P0037,1
O004509,P0054,3
O004509,P0064,2
O004510,P0006,1
O004510,P0023,1
O004511,P0096,3
O004512,P0088,2
O004512,P0012,1
O004513,P0050,1
O004514,P0052,1
O004515,P0015,1
O004515,P0007,2
O004515,P0011,2
O004516,P0073,1
O004516,P0081,3
O004517,P0068,3
O004518,P0056,1
O004518,P0095,1
O004519,P0068,1
O004519,P0023,1
O004520,P0029,2
O004521,P0032,3
O004522,P0036,2
O004523,P0022,1
O004524,P0017,1
O004525,P0051,1
O004525,P0063,1
O004525,P0032,3
O004526,P0018,1
O004526,P0051,2
O004527,P0066,2
O004527,P0072,1
O004528,P0019,3
O004528,P0023,3
O004529,P0083,2
O004530,P0032,1
O004530,P0018,1
O004530,P0045,1
O004531,P0096,1
O004532,P0048,2
O004532,P0013,1
O004533,P0015,1
O004533,P0093,2
O004533,P0087,1
O004534,P0093,1
O004535,P0056,2
O004536,P0080,3
O004537,P0051,1
O004538,P0094,1
O004538,P0080,2
O004539,P0051,2
O004540,P0059,1
O004540,P0075,2
O004540,P0029,1
O004541,P0035,1
O004542,P0055,1
O004543,P0074,3
O004543,P0029,1
O004544,P0009,3
O004544,P0023,1
O004545,P0058,1
O004545,P0004,1
O004546,P0064,2
O004547,P0085,3
O004548,P0095,1
O004549,P0089,2
O004550,P0019,3
O004551,P0065,1
O004551,P0062,2
O004552,P0071,1
O004553,P0067,2
O004554,P0037,1
O004554,P0049,1
O004555,P0049,1
O004556,P0011,2
O004556,P0027,1
O004556,P0065,1
O004557,P0076,3
O004558,P0022,1
O004559,P0012,1
O004560,P0095,1
O004560,P0051,1
O004560,P0050,2
O004560,P0003,2
O004561,P0016,1
O004562,P0023,1
O004563,P0060,3
O004564,P0036,3
O004564,P0051,3
O004564,P0091,1
O004564,P0046,2
O004565,P0082,1
O004566,P0013,1
O004566,P0043,1
O004567,P0059,2
O004567,P0020,1
O004567,P0091,1
O004568,P0030,1
O004568,P0091,1
O004569,P0047,1
O004570,P0028,1
O004571,P0048,3
O004572,P0066,2
O004573,P0043,1
O004574,P0076,1
O004574,P0017,3
O004574,P0096,1
O004575,P0045,1
O004576,P0081,1
O004577,P0040,2
O004577,P0027,1
O004577,P0056,1
O004578,P0048,1
O004578,P0035,1
O004579,P0059,3
O004580,P0029,3
O004580,P0024,1
O004580,P0031,2
O004581,P0064,2
O004581,P0029,1
O004581,P0008,1
O004582,P0018,1
O004583,P0076,2
O004583,P0085,1
O004583,P0064,2
O004584,P0084,2
O004585,P0012,1
O004585,P0083,1
O004586,P0037,1
O004587,P0071,1
O004588,P0055,2
O004588,P0072,3
O004589,P0060,3
O004590,P0017,1
O004591,P0068,3
O004592,P0090,1
O004593,P0045,1
O004594,P0014,1
O004594,P0027,1
O004595,P0028,3
O004595,P0064,1
O004596,P0073,3
O004597,P0020,1
O004598,P0083,1
O004599,P0017,1
O004600,P0029,1
O004600,P0017,1
O004601,P0062,1
O004601,P0014,1
O004602,P0007,1
O004602,P0071,1
O004602,P0021,2
O004603,P0080,1
O004604,P0046,2
O004605,P0016,2
O004605,P0065,1
O004606,P0016,3
O004606,P0084,1
O004607,P0037,1
O004608,P0048,1
O004609,P0050,3
O004609,P0011,1
O004609,P0043,1
O004610,P0084,1
O004611,P0095,1
O004612,P0055,1
O004612,P0085,3
O004613,P0036,2
O004614,P0064,3
O004615,P0032,2
O004616,P0015,1
O004616,P0021,1
O004617,P0078,1
O004617,P0032,1
O004618,P0082,1
O004618,P0001,1
O004619,P0089,2
O004620,P0022,3
O004620,P0041,2
O004621,P0037,3
O004622,P0058,1
O004622,P0038,3
O004623,P0038,1
O004623,P0037,2
O004623,P0018,1
O004624,P0015,1
O004625,P0072,1
O004625,P0045,1
O004626,P0070,1
O004627,P0048,2
O004628,P0006,1
O004629,P0060,1
O004629,P0071,2
O004629,P0089,2
O004630,P0071,1
O004630,P0026,1
O004630,P0080,2
O004631,P0068,1
O004631,P0029,2
O004631,P0044,2
O004632,P0023,2
O004633,P0021,1
O004634,P0030,2
O004635,P0025,3
O004636,P0054,2
O004637,P0031,1
O004638,P0060,1
O004638,P0049,1
O004638,P0053,1
O004639,P0087,2
O004639,P0051,3
O004640,P0076,1
O004641,P0039,2
O004641,P0006,3
O004641,P0077,1
O004641,P0030,2
O004642,P0089,3
O004642,P0061,2
O004643,P0001,1
O004643,P0073,1
O004643,P0054,3
O004643,P0048,1
O004644,P0044,1
O004645,P0009,1
O004645,P0062,1
O004645,P0068,2
O004646,P0035,1
O004646,P0014,3
O004647,P0090,1
O004648,P0039,1
O004649,P0008,3
O004649,P0060,3
O004650,P0039,3
O004651,P0087,1
O004651,P0084,1
O004652,P0047,1
O004653,P0043,1
O004654,P0038,1
O004655,P0093,1
O004655,P0025,1
O004656,P0085,3
O004657,P0050,2
O004658,P0014,3
O004658,P0056,1
O004659,P0025,1
O004659,P0015,1
O004659,P0082,1
O004660,P0068,1
O004660,P0032,1
O004661,P0044,1
O004661,P0051,1
O004661,P0090,1
O004662,P0047,1
O004663,P0024,2
O004663,P0001,1
O004664,P0006,3
O004664,P0030,1
O004665,P0075,3
O004665,P0066,2
O004665,P0071,3
O004666,P0014,1
O004667,P0058,3
O004668,P0079,1
O004669,P0042,2
O004669,P0088,1
O004670,P0004,1
O004671,P0092,1
O004672,P0080,1
O004673,P0065,1
O004673,P0086,1
O004674,P0094,2
O004674,P0048,1
O004675,P0074,1
O004676,P0045,1
O004677,P0019,1
O004678,P0027,2
O004678,P0062,2
O004679,P0035,1
O004679,P0044,1
O004679,P0059,1
O004679,P0032,1
O004680,P0093,1
O004680,P0070,1
O004680,P0074,3
O004681,P0082,3
O004681,P0025,1
O004681,P0013,1
O004682,P0080,3
O004683,P0017,1
O004683,P0001,1
O004684,P0041,2
O004685,P0065,3
O004686,P0043,2
O004687,P0060,2
O004688,P0079,2
O004688,P0032,1
O004689,P0039,2
O004689,P0010,1
O004689,P0021,1
O004690,P0057,3
O004691,P0070,2
O004692,P0075,1
O004693,P0022,3
O004694,P0008,1
O004695,P0075,1
O004695,P0007,1
O004696,P0074,1
O004697,P0087,1
O004697,P0077,1
O004697,P0013,1
O004698,P0085,1
O004698,P0084,2
O004699,P0006,2
O004699,P0064,1
O004699,P0072,3
O004700,P0034,3
O004701,P0070,2
O004702,P0078,2
O004703,P0046,1
O004704,P0007,2
O004704,P0089,3
O004705,P0084,3
O004706,P0053,1
O004707,P0069,1
O004708,P0002,1
O004709,P0057,1
O004709,P0051,3
O004710,P0023,3
O004710,P0030,1
O004711,P0056,1
O004711,P0064,2
O004711,P0040,1
O004712,P0017,1
O004712,P0062,1
O004712,P0013,2
O004713,P0027,1
O004714,P0005,2
O004715,P0059,1
O004716,P0044,1
O004716,P0046,3
O004717,P0087,2
O004718,P0008,1
O004719,P0068,1
O004720,P0049,1
O004721,P0093,1
O004722,P0069,3
O004722,P0029,1
O004722,P0008,3
O004723,P0074,3
O004723,P0032,1
O004724,P0093,1
O004724,P0096,1
O004725,P0023,1
O004725,P0078,1
O004726,P0039,2
O004727,P0049,3
O004728,P0004,3
O004729,P0051,1
O004729,P0029,1
O004730,P0071,2
O004730,P0016,3
O004730,P0019,3
O004731,P0031,1
O004731,P0003,1
O004732,P0041,3
O004732,P0055,1
O004732,P0050,1
O004733,P0054,3
O004733,P0041,1
O004734,P0013,3
O004734,P0046,1
O004734,P0010,1
O004734,P0082,1
O004735,P0019,1
O004735,P0084,1
O004736,P0056,2
O004736,P0081,3
O004737,P0089,1
O004737,P0049,1
O004738,P0037,1
O004738,P0016,2
O004739,P0029,1
O004739,P0009,1
O004740,P0024,1
O004740,P0016,1
O004741,P0019,1
O004742,P0038,1
O004743,P0020,1
O004743,P0063,1
O004744,P0007,1
O004745,P0059,3
O004745,P0087,3
O004746,P0002,1
O004747,P0063,1
O004748,P0019,3
O004748,P0084,3
O004748,P0039,2
O004749,P0003,1
O004749,P0095,1
O004749,P0070,1
O004750,P0017,1
O004751,P0015,3
O004751,P0066,3
O004752,P0050,1
O004753,P0023,1
O004754,P0055,1
O004755,P0050,1
O004756,P0076,1
O004757,P0040,1
O004758,P0062,1
O004758,P0087,1
O004759,P0008,3
O004759,P0005,3
O004760,P0031,3
O004761,P0078,3
O004762,P0074,3
O004763,P0089,1
O004764,P0002,1
O004764,P0029,2
O004765,P0027,1
O004766,P0072,1
O004766,P0065,1
O004767,P0004,1
O004767,P0052,2
O004768,P0061,3
O004769,P0043,2
O004770,P0058,1
O004771,P0001,1
O004772,P0033,3
O004772,P0092,1
O004772,P0083,1
O004773,P0095,1
O004773,P0037,1
O004774,P0075,2
O004774,P0010,1
O004775,P0046,1
O004775,P0084,1
O004775,P0023,3
O004776,P0011,1
O004777,P0007,3
O004777,P0036,2
O004777,P0081,3
O004778,P0096,1
O004778,P0042,1
O004779,P0092,1
O004779,P0083,1
O004780,P0003,2
O004781,P0028,1
O004781,P0068,3
O004781,P0088,2
O004782,P0033,1
O004783,P0082,2
O004784,P0095,1
O004785,P0015,1
O004785,P0059,1
O004785,P0026,2
O004786,P0052,2
O004787,P0013,1
O004787,P0051,2
O004788,P0068,1
O004789,P0030,3
O004790,P0048,1
O004791,P0003,1
O004791,P0035,1
O004792,P0036,1
O004793,P0094,3
O004794,P0091,3
O004794,P0031,1
O004795,P0090,1
O004795,P0074,1
O004796,P0006,1
O004797,P0042,2
O004797,P0044,2
O004798,P0091,1
O004799,P0021,1
O004799,P0055,1
O004800,P0026,3
O004800,P0057,1
O004800,P0073,1
O004801,P0057,1
O004801,P0037,1
O004801,P0058,1
O004802,P0007,2
O004803,P0063,1
O004804,P0045,1
O004804,P0090,2
O004805,P0008,3
O004806,P0001,2
O004807,P0003,1
O004808,P0060,1
O004809,P0065,1
O004810,P0058,1
O004811,P0084,2
O004811,P0079,3
O004811,P0003,3
O004811,P0065,1
O004812,P0057,1
O004813,P0028,2
O004813,P0059,3
O004813,P0057,1
O004813,P0008,1
O004814,P0015,2
O004814,P0029,1
O004815,P0001,3
O004815,P0004,1
O004815,P0007,1
O004816,P0089,3
O004817,P0089,3
O004818,P0051,1
O004818,P0027,1
O004818,P0020,1
O004818,P0007,2
O004819,P0087,2
O004820,P0044,1
O004820,P0092,1
O004820,P0060,2
O004821,P0092,1
O004821,P0054,3
O004822,P0053,2
O004823,P0009,1
O004824,P0052,3
O004824,P0058,3
O004825,P0062,1
O004825,P0046,1
O004826,P0031,1
O004826,P0077,1
O004827,P0094,3
O004828,P0072,1
O004828,P0019,1
O004828,P0056,2
O004828,P0038,1
O004829,P0016,2
O004829,P0048,1
O004830,P0068,1
O004831,P0026,3
O004832,P0061,1
O004832,P0044,1
O004833,P0054,2
O004833,P0052,1
O004833,P0007,1
O004833,P0048,2
O004834,P0081,2
O004834,P0073,1
O004834,P0042,2
O004835,P0008,1
O004836,P0059,1
O004836,P0042,3
O004837,P0096,1
O004838,P0041,1
O004839,P0032,1
O004839,P0026,1
O004839,P0095,1
O004840,P0051,2
O004840,P0045,1
O004840,P0063,2
O004840,P0013,1
O004841,P0021,1
O004841,P0036,1
O004841,P0071,1
O004842,P0062,3
O004843,P0060,3
O004844,P0077,3
O004844,P0048,1
O004845,P0030,2
O004846,P0017,1
O004846,P0077,1
O004847,P0082,1
O004847,P0047,3
O004848,P0088,1
O004848,P0048,2
O004849,P0070,3
O004850,P0034,1
O004851,P0089,3
O004852,P0036,1
O004852,P0026,1
O004853,P0009,1
O004854,P0016,1
O004855,P0027,1
O004855,P0095,1
O004855,P0084,1
O004855,P0068,1
O004856,P0093,1
O004856,P0085,1
O004857,P0037,1
O004858,P0076,2
O004859,P0020,1
O004860,P0065,1
O004861,P0078,1
O004862,P0057,3
O004862,P0065,1
O004862,P0082,1
O004863,P0091,1
O004863,P0037,3
O004864,P0044,1
O004865,P0011,1
O004865,P0077,3
O004866,P0083,1
O004867,P0089,1
O004868,P0065,3
O004868,P0056,1
O004868,P0033,1
O004868,P0057,2
O004869,P0056,1
O004869,P0005,1
O004870,P0010,1
O004870,P0079,1
O004871,P0076,1
O004871,P0086,1
O004871,P0054,3
O004871,P0083,1
O004872,P0055,1
O004872,P0069,2
O004873,P0032,1
O004873,P0049,3
O004873,P0086,1
O004874,P0056,1
O004874,P0053,1
O004874,P0011,2
O004875,P0039,1
O004876,P0024,1
O004876,P0011,1
O004877,P0067,1
O004877,P0066,1
O004878,P0070,3
O004879,P0072,2
O004879,P0071,1
O004880,P0018,1
O004881,P0043,1
O004881,P0034,1
O004882,P0008,1
O004882,P0046,1
O004882,P0085,1
O004883,P0042,3
O004883,P0009,1
O004883,P0040,1
O004884,P0073,1
O004885,P0014,1
O004885,P0093,1
O004886,P0088,1
O004886,P0026,3
O004886,P0020,1
O004886,P0063,2
O004887,P0068,2
O004888,P0071,1
O004889,P0091,1
O004889,P0036,1
O004890,P0053,1
O004891,P0094,1
O004892,P0084,3
O004893,P0021,2
O004894,P0001,1
O004895,P0086,2
O004895,P0088,1
O004896,P0033,1
O004897,P0071,2
O004898,P0014,1
O004898,P0028,3
O004899,P0070,1
O004900,P0021,1
O004901,P0028,1
O004901,P0084,1
O004902,P0007,3
O004902,P0003,3
O004902,P0052,2
O004903,P0086,1
O004904,P0014,1
O004905,P0053,2
O004905,P0054,1
O004906,P0019,2
O004907,P0070,3
O004907,P0027,3
O004907,P0058,1
O004908,P0006,3
O004909,P0090,1
O004910,P0056,1
O004911,P0045,1
O004911,P0069,3
O004911,P0071,3
O004911,P0095,3
O004912,P0039,1
O004912,P0042,1
O004912,P0009,1
O004913,P0019,1
O004914,P0055,2
O004915,P0086,1
O004916,P0021,1
O004917,P0011,1
O004918,P0027,1
O004918,P0016,1
O004918,P0055,1
O004918,P0060,1
O004919,P0026,2
O004919,P0034,2
O004920,P0047,2
O004921,P0088,2
O004922,P0091,3
O004923,P0017,3
O004923,P0065,1
O004924,P0005,3
O004925,P0016,3
O004926,P0030,1
O004926,P0009,2
O004926,P0034,1
O004927,P0036,1
O004928,P0032,3
O004928,P0088,1
O004928,P0057,2
O004929,P0047,3
O004930,P0049,1
O004931,P0091,2
O004931,P0051,1
O004932,P0063,3
O004933,P0055,1
O004933,P0020,2
O004933,P0054,1
O004934,P0038,1
O004935,P0033,1
O004935,P0030,2
O004935,P0052,1
O004936,P0010,3
O004937,P0073,1
O004938,P0067,2
O004939,P0004,3
O004939,P0076,3
O004939,P0064,1
O004939,P0068,1
O004940,P0011,1
O004940,P0053,1
O004940,P0088,2
O004940,P0064,3
O004941,P0086,3
O004942,P0049,2
O004942,P0061,2
O004943,P0078,1
O004943,P0058,3
O004943,P0054,1
O004944,P0055,1
O004945,P0032,3
O004945,P0002,2
O004946,P0054,3
O004946,P0078,1
O004946,P0043,1
O004947,P0087,1
O004948,P0056,1
O004948,P0062,3
O004949,P0004,1
O004950,P0066,2
O004951,P0095,1
O004952,P0026,1
O004953,P0025,3
O004954,P0071,3
O004954,P0046,1
O004954,P0029,1
O004955,P0009,3
O004956,P0029,2
O004957,P0021,1
O004957,P0058,1
O004957,P0008,1
O004957,P0095,1
O004958,P0078,1
O004959,P0070,1
O004959,P0094,1
O004960,P0065,1
O004960,P0032,1
O004961,P0067,2
O004962,P0084,1
O004962,P0081,3
O004962,P0012,1
O004963,P0044,3
O004964,P0088,1
O004965,P0007,3
O004965,P0068,1
O004966,P0068,1
O004967,P0045,3
O004967,P0066,3
O004968,P0079,1
O004969,P0020,1
O004969,P0019,1
O004970,P0087,1
O004970,P0030,1
O004970,P0031,1
O004971,P0035,1
O004971,P0044,1
O004971,P0040,1
O004971,P0006,1
O004972,P0083,1
O004973,P0006,1
O004973,P0051,2
O004974,P0041,1
O004974,P0083,1
O004975,P0011,1
O004975,P0086,1
O004975,P0018,1
O004976,P0004,1
O004976,P0094,2
O004977,P0067,3
O004977,P0043,2
O004977,P0091,2
O004978,P0018,1
O004978,P0030,2
O004979,P0067,1
O004979,P0074,2
O004980,P0022,3
O004980,P0002,1
O004981,P0015,1
O004982,P0068,1
O004983,P0058,3
O004984,P0025,1
O004984,P0011,1
O004984,P0041,1
O004985,P0049,1
O004986,P0044,1
O004986,P0034,2
O004987,P0070,2
O004988,P0086,3
O004989,P0051,3
O004989,P0004,2
O004989,P0092,1
O004990,P0049,1
O004991,P0048,2
O004992,P0088,2
O004993,P0057,1
O004993,P0005,1
O004993,P0059,1
O004994,P0056,1
O004994,P0006,1
O004995,P0061,1
O004996,P0079,2
O004997,P0016,1
O004997,P0006,2
O004998,P0094,3
O004999,P0071,3
O005000,P0016,2
O005001,P0072,1
O005002,P0081,1
O005003,P0053,1
O005004,P0016,1
O005005,P0048,1
O005006,P0088,2
O005007,P0084,1
O005007,P0043,1
O005008,P0005,1
O005008,P0021,2
O005009,P0059,1
O005010,P0045,1
O005011,P0061,1
O005011,P0088,1
O005012,P0082,1
O005012,P0027,1
O005013,P0017,1
O005013,P0013,1
O005014,P0069,2
O005015,P0021,3
O005015,P0074,2
O005015,P0025,1
O005015,P0024,2
O005016,P0046,3
O005016,P0045,2
O005017,P0095,2
O005018,P0034,2
O005018,P0035,1
O005019,P0052,3
O005019,P0051,2
O005019,P0030,1
O005019,P0087,1
O005020,P0025,2
O005020,P0032,1
O005021,P0006,1
O005021,P0042,1
O005022,P0001,1
O005023,P0064,1
O005024,P0037,1
O005024,P0071,1
O005025,P0028,1
O005026,P0081,1
O005027,P0018,2
O005027,P0001,1
O005027,P0069,1
O005028,P0077,1
O005029,P0059,1
O005029,P0024,1
O005029,P0080,1
O005030,P0064,3
O005031,P0010,3
O005031,P0003,2
O005031,P0028,1
O005032,P0018,1
O005033,P0012,1
O005034,P0010,2
O005034,P0085,1
O005035,P0002,1
O005035,P0005,1
O005036,P0055,1
O005037,P0029,1
O005038,P0070,3
O005038,P0003,2
O005039,P0089,1
O005040,P0054,1
O005040,P0027,3
O005041,P0012,1
O005042,P0053,1
O005043,P0050,1
O005043,P0025,1
O005043,P0034,2
O005043,P0052,3
O005044,P0015,1
O005044,P0096,2
O005044,P0039,3
O005045,P0030,3
O005046,P0044,2
O005046,P0048,1
O005047,P0093,2
O005048,P0091,1
O005049,P0093,1
O005050,P0069,1
O005051,P0045,1
O005052,P0005,1
O005052,P0004,2
O005053,P0027,1
O005053,P0046,1
O005053,P0015,3
O005054,P0006,3
O005054,P0088,1
O005055,P0033,1
O005055,P0031,1
O005056,P0038,1
O005056,P0001,1
O005057,P0062,1
O005058,P0084,2
O005058,P0026,3
O005059,P0024,3
O005059,P0063,1
O005060,P0050,1
O005061,P0094,2
O005062,P0076,1
O005062,P0013,1
O005062,P0004,3
O005063,P0073,1
O005064,P0077,3
O005064,P0072,2
O005065,P0032,3
O005066,P0036,1
O005066,P0096,3
O005066,P0063,2
O005067,P0092,1
O005068,P0068,2
O005069,P0081,1
O005070,P0004,2
O005070,P0072,1
O005070,P0092,1
O005071,P0083,2
O005071,P0058,3
O005071,P0032,1
O005072,P0045,1
O005073,P0035,2
O005073,P0045,3
O005073,P0087,1
O005074,P0037,1
O005074,P0001,1
O005075,P0019,1
O005075,P0008,2
O005076,P0054,2
O005076,P0014,1
O005076,P0082,1
O005077,P0068,2
O005078,P0016,1
O005079,P0035,2
O005079,P0087,1
O005080,P0091,1
O005080,P0075,1
O005081,P0089,2
O005082,P0071,2
O005083,P0072,1
O005084,P0087,1
O005085,P0024,1
O005085,P0093,2
O005086,P0046,1
O005086,P0068,1
O005087,P0021,1
O005087,P0056,3
O005088,P0002,1
O005088,P0031,3
O005089,P0020,2
O005089,P0033,3
O005090,P0003,2
O005090,P0021,1
O005091,P0014,1
O005092,P0053,1
O005093,P0024,1
O005094,P0067,1
O005094,P0017,1
O005094,P0007,2
O005095,P0042,3
O005095,P0066,3
O005095,P0022,1
O005096,P0060,3
O005097,P0070,1
O005097,P0085,1
O005098,P0021,3
O005099,P0015,1
O005099,P0044,2
O005100,P0081,2
O005100,P0095,2
O005101,P0096,1
O005102,P0089,2
O005102,P0075,1
O005103,P0053,1
O005104,P0061,1
O005105,P0025,1
O005105,P0071,1
O005106,P0050,1
O005106,P0095,1
O005106,P0018,1
O005106,P0015,1
O005107,P0039,1
O005107,P0076,3
O005107,P0083,3
O005108,P0069,1
O005109,P0095,1
O005109,P0081,2
O005109,P0024,1
O005110,P0040,1
O005110,P0076,1
O005111,P0046,1
O005112,P0070,2
O005112,P0029,1
O005113,P0092,1
O005113,P0046,2
O005113,P0001,3
O005114,P0028,1
O005114,P0006,3
O005115,P0043,1
O005116,P0088,1
O005117,P0086,1
O005117,P0052,1
O005117,P0021,1
O005118,P0014,3
O005119,P0048,1
O005119,P0031,1
O005120,P0010,1
O005121,P0079,1
O005122,P0061,1
O005122,P0040,1
O005123,P0053,3
O005123,P0070,2
O005123,P0002,1
O005124,P0020,2
O005124,P0031,1
O005124,P0028,2
O005124,P0066,1
O005125,P0059,3
O005125,P0056,2
O005126,P0052,1
O005127,P0047,3
O005128,P0006,1
O005128,P0065,1
O005129,P0083,1
O005129,P0091,1
O005130,P0070,1
O005131,P0037,2
O005131,P0057,1
O005132,P0033,1
O005133,P0037,1
O005133,P0007,2
O005134,P0055,1
O005134,P0059,1
O005135,P0071,1
O005135,P0052,1
O005135,P0069,1
O005136,P0004,1
O005137,P0029,1
O005137,P0016,1
O005138,P0078,1
O005139,P0059,1
O005139,P0012,1
O005140,P0079,3
O005141,P0048,1
O005142,P0004,1
O005142,P0037,1
O005143,P0048,1
O005143,P0065,2
O005144,P0088,1
O005144,P0021,1
O005145,P0004,1
O005145,P0024,1
O005145,P0095,2
O005145,P0053,1
O005146,P0034,1
O005146,P0047,3
O005147,P0021,1
O005148,P0007,2
O005149,P0003,3
O005149,P0041,2
O005150,P0080,2
O005150,P0039,1
O005150,P0049,3
O005151,P0058,2
O005152,P0056,3
O005153,P0079,1
O005154,P0006,1
O005155,P0024,1
O005156,P0096,1
O005157,P0021,1
O005158,P0069,2
O005158,P0001,1
O005159,P0053,2
O005160,P0049,2
O005161,P0049,2
O005162,P0033,2
O005163,P0010,3
O005164,P0054,1
O005164,P0047,2
O005165,P0008,1
O005165,P0032,2
O005166,P0032,1
O005167,P0069,1
O005167,P0082,2
O005168,P0057,1
O005168,P0053,3
O005168,P0004,1
O005169,P0022,1
O005170,P0091,3
O005171,P0010,1
O005172,P0042,1
O005172,P0062,1
O005173,P0053,1
O005174,P0022,3
O005174,P0072,1
O005175,P0073,1
O005176,P0073,3
O005176,P0055,1
O005176,P0014,1
O005177,P0011,1
O005177,P0088,3
O005177,P0056,3
O005178,P0056,1
O005179,P0087,1
O005180,P0061,1
O005180,P0039,3
O005181,P0040,2
O005182,P0007,2
O005183,P0078,3
O005184,P0032,1
O005184,P0025,2
O005185,P0055,1
O005186,P0029,1
O005186,P0033,1
O005187,P0042,2
O005188,P0094,1
O005188,P0065,3
O005188,P0051,1
O005189,P0035,1
O005190,P0059,3
O005190,P0057,1
O005190,P0034,2
O005191,P0055,1
O005192,P0050,1
O005193,P0024,2
O005194,P0019,1
O005195,P0006,3
O005196,P0047,1
O005197,P0035,1
O005198,P0087,1
O005199,P0001,1
O005199,P0004,3
O005200,P0071,1
O005201,P0078,1
O005201,P0049,1
O005202,P0034,3
O005203,P0043,1
O005204,P0041,1
O005204,P0053,1
O005205,P0081,1
O005205,P0034,2
O005206,P0063,1
O005206,P0005,1
O005206,P0054,1
O005207,P0028,1
O005208,P0023,3
O005208,P0071,1
O005208,P0089,1
O005208,P0086,1
O005209,P0003,2
O005209,P0017,1
O005209,P0071,3
O005209,P0016,1
O005210,P0026,1
O005211,P0048,1
O005212,P0088,1
O005212,P0003,1
O005213,P0030,2
O005213,P0032,1
O005214,P0003,1
O005215,P0008,3
O005215,P0086,2
O005215,P0088,1
O005216,P0025,2
O005217,P0063,1
O005217,P0070,1
O005218,P0013,2
O005218,P0022,1
O005219,P0057,1
O005219,P0046,1
O005220,P0094,1
O005221,P0032,2
O005222,P0047,1
O005223,P0023,1
O005224,P0037,1
O005225,P0070,1
O005225,P0061,2
O005226,P0012,1
O005227,P0082,1
O005228,P0095,1
O005228,P0017,1
O005229,P0021,3
O005229,P0088,1
O005229,P0015,1
O005230,P0089,1
O005231,P0038,1
O005232,P0032,1
O005232,P0041,1
O005233,P0090,1
O005233,P0004,1
O005234,P0044,2
O005235,P0019,2
O005235,P0094,3
O005236,P0050,1
O005236,P0034,1
O005236,P0089,1
O005237,P0012,1
O005238,P0003,2
O005239,P0037,2
O005239,P0021,1
O005240,P0054,2
O005240,P0019,2
O005241,P0053,1
O005242,P0054,2
O005243,P0065,2
O005244,P0005,1
O005245,P0048,3
O005245,P0046,1
O005246,P0020,3
O005247,P0076,2
O005247,P0089,1
O005248,P0043,1
O005248,P0049,3
O005249,P0007,2
O005249,P0052,3
O005250,P0092,2
O005251,P0091,1
O005252,P0034,1
O005253,P0035,2
O005254,P0017,2
O005255,P0028,1
O005256,P0063,2
O005257,P0084,1
O005258,P0003,1
O005258,P0074,1
O005258,P0043,1
O005259,P0028,1
O005259,P0022,1
O005259,P0060,1
O005259,P0013,1
O005260,P0041,1
O005261,P0048,1
O005261,P0053,1
O005262,P0006,1
O005263,P0011,2
O005264,P0066,3
O005265,P0063,1
O005266,P0010,1
O005267,P0069,1
O005267,P0002,3
O005267,P0093,3
O005268,P0053,1
O005268,P0026,2
O005269,P0082,1
O005269,P0071,3
O005269,P0006,2
O005270,P0065,1
O005271,P0031,1
O005272,P0043,1
O005272,P0060,1
O005273,P0080,2
O005274,P0017,1
O005274,P0083,2
O005275,P0014,1
O005276,P0081,2
O005276,P0034,2
O005276,P0051,1
O005276,P0009,1
O005277,P0081,1
O005278,P0084,1
O005279,P0063,1
O005280,P0031,1
O005280,P0095,1
O005280,P0068,1
O005280,P0037,1
O005281,P0084,2
O005281,P0007,1
O005281,P0004,1
O005281,P0005,1
O005282,P0058,1
O005282,P0065,1
O005283,P0077,1
O005283,P0002,3
O005284,P0019,2
O005285,P0021,1
O005285,P0027,1
O005286,P0073,1
O005286,P0047,2
O005287,P0072,1
O005288,P0039,1
O005288,P0064,1
O005288,P0056,2
O005289,P0085,1
O005289,P0005,1
O005290,P0017,2
O005290,P0020,1
O005291,P0054,2
O005292,P0080,1
O005292,P0069,1
O005293,P0052,1
O005293,P0088,2
O005293,P0087,3
O005294,P0096,1
O005294,P0090,1
O005295,P0063,2
O005295,P0001,2
O005295,P0034,1
O005296,P0048,1
O005296,P0038,2
O005297,P0068,2
O005297,P0035,1
O005298,P0063,1
O005298,P0011,1
O005298,P0049,1
O005298,P0060,2
O005299,P0047,3
O005300,P0079,3
O005301,P0095,1
O005301,P0012,1
O005301,P0054,2
O005302,P0061,1
O005302,P0049,1
O005302,P0028,1
O005303,P0090,1
O005303,P0007,2
O005304,P0053,1
O005304,P0092,1
O005305,P0074,1
O005306,P0059,3
O005307,P0068,3
O005308,P0015,1
O005309,P0092,1
O005309,P0026,3
O005310,P0024,1
O005310,P0072,1
O005311,P0087,1
O005311,P0035,1
O005312,P0003,2
O005312,P0001,1
O005313,P0086,1
O005313,P0072,1
O005314,P0033,1
O005314,P0037,1
O005314,P0045,3
O005315,P0059,1
O005316,P0089,1
O005316,P0092,1
O005317,P0009,1
O005317,P0019,1
O005317,P0071,1
O005318,P0013,2
O005318,P0052,3
O005319,P0006,2
O005319,P0084,2
O005319,P0067,1
O005320,P0043,3
O005320,P0051,1
O005321,P0044,2
O005322,P0006,1
O005322,P0002,3
O005323,P0032,1
O005323,P0021,2
O005323,P0008,1
O005324,P0012,1
O005325,P0045,2
O005325,P0086,2
O005326,P0022,3
O005326,P0024,1
O005327,P0033,1
O005328,P0011,1
O005329,P0059,2
O005330,P0073,3
O005331,P0058,1
O005332,P0021,1
O005332,P0090,1
O005333,P0070,1
O005334,P0058,1
O005334,P0001,3
O005335,P0039,1
O005336,P0024,1
O005336,P0043,1
O005337,P0082,1
O005337,P0093,1
O005338,P0075,3
O005338,P0069,1
O005338,P0077,1
O005339,P0015,2
O005339,P0077,2
O005340,P0091,1
O005340,P0067,3
O005340,P0008,1
O005341,P0051,1
O005342,P0009,1
O005343,P0035,2
O005343,P0005,1
O005343,P0020,3
O005344,P0041,1
O005344,P0035,2
O005345,P0002,2
O005346,P0048,1
O005346,P0058,1
O005347,P0059,2
O005348,P0031,1
O005349,P0013,1
O005349,P0038,1
O005350,P0011,2
O005351,P0005,1
O005351,P0046,3
O005352,P0084,1
O005353,P0045,1
O005353,P0054,1
O005354,P0009,3
O005355,P0039,3
O005355,P0069,3
O005356,P0021,1
O005356,P0008,2
O005357,P0025,3
O005357,P0036,2
O005357,P0017,2
O005358,P0080,1
O005358,P0066,1
O005358,P0018,1
O005359,P0062,3
O005359,P0060,1
O005360,P0074,3
O005360,P0071,1
O005360,P0081,1
O005361,P0076,1
O005361,P0033,1
O005362,P0047,1
O005363,P0090,1
O005363,P0079,1
O005363,P0017,1
O005363,P0096,1
O005364,P0048,1
O005365,P0044,1
O005366,P0061,1
O005366,P0002,2
O005367,P0091,1
O005367,P0048,1
O005367,P0029,1
O005368,P0076,2
O005369,P0063,1
O005370,P0095,3
O005370,P0038,2
O005371,P0078,3
O005371,P0016,3
O005372,P0014,3
O005373,P0058,1
O005373,P0067,3
O005373,P0014,1
O005373,P0009,1
O005374,P0059,1
O005375,P0013,1
O005376,P0067,2
O005376,P0027,1
O005376,P0075,1
O005377,P0033,3
O005378,P0045,1
O005379,P0063,1
O005380,P0066,3
O005381,P0073,1
O005382,P0060,1
O005383,P0018,1
O005383,P0063,1
O005384,P0029,2
O005385,P0058,3
O005385,P0068,1
O005386,P0042,1
O005387,P0014,3
O005387,P0069,1
O005388,P0065,1
O005388,P0030,3
O005388,P0024,1
O005389,P0025,1
O005390,P0043,1
O005391,P0033,2
O005391,P0045,3
O005392,P0010,1
O005393,P0025,1
O005393,P0003,1
O005393,P0031,1
O005393,P0085,1
O005394,P0024,1
O005395,P0027,3
O005396,P0007,2
O005397,P0022,3
O005398,P0013,1
O005398,P0034,2
O005399,P0022,3
O005399,P0089,1
O005399,P0016,1
O005399,P0037,1
O005400,P0091,1
O005400,P0089,1
O005400,P0081,1
O005400,P0071,2
O005401,P0088,1
O005401,P0048,3
O005401,P0085,3
O005402,P0034,1
O005402,P0053,2
O005403,P0067,1
O005404,P0095,3
O005405,P0058,2
O005405,P0072,3
O005405,P0017,1
O005405,P0005,3
O005406,P0046,1
O005407,P0003,1
O005407,P0016,2
O005408,P0005,1
O005408,P0025,3
O005408,P0003,3
O005409,P0086,3
O005409,P0032,1
O005410,P0071,3
O005411,P0050,1
O005411,P0080,1
O005412,P0017,1
O005413,P0004,1
O005414,P0092,1
O005414,P0087,1
O005415,P0002,1
O005416,P0076,1
O005417,P0073,1
O005417,P0019,1
O005417,P0064,1
O005417,P0039,3
O005418,P0035,1
O005419,P0069,2
O005419,P0026,1
O005419,P0049,3
O005420,P0028,1
O005421,P0038,3
O005421,P0003,1
O005422,P0009,1
O005422,P0003,1
O005423,P0096,2
O005423,P0018,3
O005424,P0060,3
O005425,P0005,3
O005426,P0015,1
O005427,P0007,1
O005428,P0087,1
O005428,P0019,3
O005429,P0025,1
O005430,P0085,1
O005431,P0042,1
O005432,P0035,1
O005433,P0075,1
O005434,P0028,3
O005434,P0086,1
O005435,P0016,1
O005436,P0037,1
O005436,P0064,1
O005437,P0088,1
O005438,P0017,2
O005439,P0082,2
O005440,P0031,1
O005440,P0075,1
O005441,P0084,1
O005442,P0015,2
O005442,P0076,2
O005443,P0085,3
O005443,P0090,1
O005443,P0091,1
O005444,P0034,1
O005445,P0090,1
O005446,P0015,1
O005447,P0082,1
O005447,P0092,3
O005447,P0023,1
O005448,P0057,2
O005449,P0029,3
O005450,P0094,2
O005450,P0014,3
O005451,P0048,1
O005451,P0033,1
O005452,P0039,1
O005452,P0047,2
O005452,P0016,1
O005452,P0042,2
O005453,P0040,1
O005453,P0039,1
O005454,P0034,1
O005454,P0048,1
O005455,P0055,1
O005456,P0080,2
O005457,P0043,1
O005457,P0042,3
O005458,P0027,1
O005459,P0093,1
O005460,P0041,1
O005461,P0021,1
O005461,P0064,1
O005462,P0023,1
O005462,P0070,3
O005462,P0011,1
O005463,P0069,1
O005464,P0074,3
O005464,P0026,2
O005465,P0093,1
O005465,P0091,1
O005465,P0050,2
O005466,P0092,1
O005466,P0048,1
O005467,P0089,1
O005467,P0049,1
O005467,P0033,1
O005467,P0058,1
O005468,P0092,1
O005469,P0010,2
O005469,P0037,3
O005469,P0004,3
O005470,P0019,2
O005471,P0004,2
O005472,P0059,1
O005472,P0017,1
O005472,P0090,1
O005473,P0023,2
O005473,P0014,1
O005473,P0039,1
O005474,P0056,1
O005474,P0018,1
O005475,P0088,1
O005476,P0057,2
O005477,P0053,2
O005478,P0090,1
O005479,P0046,3
O005480,P0062,1
O005481,P0027,1
O005481,P0036,2
O005481,P0046,1
O005481,P0037,1
O005482,P0011,2
O005483,P0086,1
O005483,P0027,2
O005484,P0046,1
O005485,P0078,2
O005486,P0009,3
O005486,P0024,2
O005487,P0056,1
O005487,P0089,1
O005488,P0063,1
O005489,P0015,3
O005490,P0075,1
O005491,P0075,1
O005492,P0041,1
O005492,P0042,1
O005492,P0026,1
O005493,P0002,3
O005493,P0024,2
O005494,P0086,3
O005495,P0024,2
O005496,P0070,2
O005497,P0013,1
O005497,P0074,2
O005497,P0049,3
O005498,P0002,1
O005499,P0036,2
O005500,P0028,2
O005500,P0061,1
O005500,P0050,1
O005500,P0017,3
O005501,P0092,1
O005502,P0054,1
O005503,P0077,1
O005504,P0047,2
O005504,P0062,1
O005505,P0050,1
O005506,P0077,1
O005506,P0067,1
O005506,P0063,1
O005506,P0013,1
O005507,P0050,3
O005507,P0022,3
O005508,P0036,1
O005508,P0042,3
O005509,P0029,1
O005509,P0010,1
O005510,P0026,1
O005511,P0040,1
O005511,P0059,1
O005512,P0090,3
O005513,P0017,1
O005514,P0088,1
O005515,P0085,3
O005516,P0071,1
O005517,P0049,2
O005517,P0054,3
O005518,P0047,1
O005519,P0011,1
O005519,P0029,3
O005519,P0047,1
O005519,P0051,1
O005520,P0075,1
O005521,P0009,1
O005522,P0068,2
O005523,P0035,3
O005523,P0091,2
O005524,P0006,1
O005524,P0070,1
O005524,P0028,1
O005525,P0044,3
O005525,P0034,1
O005526,P0026,1
O005526,P0096,1
O005527,P0067,3
O005528,P0021,3
O005529,P0072,2
O005530,P0071,1
O005530,P0052,3
O005531,P0023,3
O005531,P0078,2
O005532,P0030,2
O005533,P0028,2
O005533,P0036,1
O005534,P0038,1
O005534,P0048,2
O005535,P0062,1
O005536,P0071,1
O005536,P0092,1
O005537,P0092,2
O005538,P0085,1
O005538,P0072,1
O005538,P0089,1
O005539,P0037,3
O005539,P0081,2
O005540,P0004,1
O005540,P0012,3
O005541,P0040,1
O005542,P0049,2
O005543,P0004,3
O005544,P0018,3
O005544,P0012,1
O005544,P0035,1
O005545,P0054,2
O005545,P0007,1
O005545,P0010,1
O005546,P0078,2
O005546,P0068,1
O005547,P0007,1
O005547,P0073,1
O005548,P0066,1
O005548,P0078,2
O005548,P0056,1
O005549,P0008,3
O005550,P0061,3
O005551,P0084,1
O005551,P0012,1
O005552,P0094,1
O005553,P0008,1
O005553,P0044,2
O005554,P0091,3
O005554,P0090,1
O005555,P0077,2
O005555,P0079,1
O005556,P0085,1
O005557,P0092,1
O005557,P0096,1
O005558,P0075,1
O005558,P0065,1
O005559,P0061,2
O005559,P0021,1
O005560,P0092,1
O005561,P0005,1
O005561,P0029,1
O005562,P0038,2
O005563,P0037,1
O005564,P0067,1
O005564,P0040,1
O005565,P0092,3
O005566,P0014,1
O005566,P0016,1
O005566,P0089,3
O005567,P0020,3
O005567,P0087,3
O005568,P0071,2
O005568,P0041,1
O005569,P0007,1
O005570,P0059,3
O005570,P0028,3
O005571,P0008,1
O005571,P0014,3
O005572,P0035,1
O005572,P0058,1
O005573,P0036,3
O005573,P0044,2
O005573,P0006,1
O005573,P0038,1
O005574,P0081,1
O005575,P0029,1
O005576,P0086,1
O005577,P0007,3
O005577,P0036,1
O005578,P0042,1
O005578,P0088,3
O005578,P0021,2
O005578,P0012,3
O005579,P0001,3
O005579,P0036,1
O005580,P0083,1
O005581,P0096,1
O005581,P0060,3
O005582,P0060,1
O005583,P0010,3
O005583,P0058,1
O005584,P0067,1
O005584,P0007,2
O005585,P0043,1
O005586,P0060,1
O005587,P0030,1
O005587,P0011,1
O005587,P0019,3
O005587,P0016,2
O005588,P0049,1
O005588,P0031,3
O005589,P0015,1
O005589,P0066,1
O005590,P0054,1
O005591,P0036,2
O005592,P0077,3
O005593,P0063,1
O005593,P0021,1
O005594,P0085,1
O005595,P0011,3
O005595,P0095,1
O005596,P0015,2
O005597,P0030,3
O005598,P0084,3
O005598,P0076,1
O005598,P0072,2
O005599,P0031,2
O005600,P0033,1
O005600,P0046,1
O005600,P0031,2
O005601,P0046,1
O005602,P0096,2
O005603,P0042,1
O005604,P0006,1
O005604,P0016,1
O005604,P0081,1
O005605,P0075,3
O005606,P0010,3
O005606,P0040,1
O005607,P0052,1
O005608,P0013,2
O005609,P0065,3
O005610,P0017,2
O005610,P0057,3
O005610,P0008,1
O005610,P0069,2
O005611,P0039,3
O005612,P0006,3
O005613,P0049,3
O005613,P0032,3
O005614,P0002,3
O005614,P0061,1
O005615,P0067,1
O005616,P0025,2
O005617,P0003,1
O005617,P0053,1
O005617,P0062,2
O005617,P0010,1
O005618,P0088,1
O005619,P0012,2
O005619,P0079,1
O005620,P0086,1
O005621,P0041,1
O005622,P0082,1
O005622,P0028,1
O005623,P0016,2
O005624,P0093,2
O005625,P0090,2
O005626,P0001,1
O005627,P0060,1
O005628,P0089,1
O005629,P0033,1
O005630,P0066,2
O005630,P0060,3
O005630,P0091,1
O005630,P0014,2
O005631,P0042,3
O005632,P0018,1
O005633,P0042,3
O005634,P0061,1
O005634,P0086,1
O005634,P0062,1
O005635,P0002,1
O005636,P0072,3
O005637,P0061,1
O005638,P0089,1
O005639,P0067,3
O005639,P0045,2
O005640,P0002,1
O005640,P0042,3
O005641,P0047,1
O005642,P0026,1
O005643,P0029,1
O005644,P0054,1
O005645,P0021,1
O005645,P0018,3
O005645,P0079,2
O005646,P0020,1
O005646,P0072,1
O005647,P0086,1
O005647,P0019,2
O005648,P0044,1
O005649,P0052,1
O005649,P0074,3
O005650,P0037,3
O005651,P0016,1
O005652,P0054,1
O005653,P0059,1
O005654,P0062,1
O005655,P0030,1
O005655,P0048,2
O005656,P0073,2
O005657,P0005,3
O005657,P0014,3
O005657,P0018,1
O005658,P0084,1
O005659,P0084,1
O005660,P0074,3
O005661,P0002,2
O005662,P0004,2
O005663,P0057,3
O005664,P0072,1
O005664,P0002,1
O005665,P0040,1
O005666,P0076,1
O005666,P0056,1
O005666,P0065,3
O005667,P0009,1
O005668,P0032,1
O005668,P0003,2
O005669,P0085,3
O005670,P0037,3
O005670,P0092,3
O005671,P0022,1
O005671,P0069,1
O005671,P0066,1
O005672,P0094,3
O005672,P0052,1
O005673,P0050,1
O005674,P0044,2
O005675,P0030,1
O005676,P0030,1
O005677,P0004,1
O005678,P0038,2
O005679,P0068,1
O005680,P0008,1
O005681,P0029,1
O005682,P0062,1
O005682,P0049,1
O005683,P0069,1
O005684,P0045,2
O005684,P0006,1
O005685,P0001,2
O005686,P0063,1
O005687,P0067,2
O005688,P0090,1
O005688,P0011,3
O005688,P0066,1
O005689,P0081,3
O005690,P0058,3
O005690,P0055,1
O005691,P0065,1
O005691,P0061,1
O005691,P0019,1
O005692,P0085,1
O005693,P0074,1
O005693,P0032,1
O005694,P0068,2
O005695,P0029,2
O005695,P0090,1
O005696,P0047,3
O005696,P0071,3
O005697,P0081,2
O005697,P0065,1
O005697,P0094,1
O005697,P0022,1
O005698,P0079,3
O005698,P0089,1
O005698,P0032,1
O005699,P0022,1
O005699,P0050,1
O005699,P0031,1
O005700,P0090,1
O005700,P0074,3
O005700,P0088,3
O005701,P0057,1
O005701,P0093,2
O005701,P0042,2
O005702,P0026,3
O005703,P0005,1
O005703,P0051,1
O005703,P0047,1
O005704,P0008,1
O005705,P0083,2
O005705,P0011,2
O005706,P0046,1
O005706,P0013,1
O005707,P0003,2
O005708,P0021,2
O005709,P0056,1
O005710,P0083,1
O005710,P0061,3
O005710,P0002,1
O005710,P0051,3
O005711,P0060,3
O005712,P0005,2
O005712,P0076,1
O005713,P0036,1
O005713,P0064,1
O005714,P0078,3
O005714,P0011,1
O005715,P0061,1
O005716,P0084,1
O005716,P0039,3
O005717,P0063,1
O005718,P0005,3
O005719,P0022,3
O005719,P0048,1
O005720,P0083,1
O005720,P0035,3
O005721,P0065,3
O005721,P0022,1
O005722,P0088,1
O005723,P0022,3
O005724,P0014,3
O005725,P0073,1
O005726,P0044,1
O005727,P0046,1
O005728,P0085,1
O005728,P0030,1
O005728,P0073,2
O005728,P0065,1
O005729,P0008,1
O005730,P0032,2
O005731,P0018,1
O005731,P0068,1
O005732,P0067,2
O005732,P0076,2
O005733,P0053,1
O005733,P0028,1
O005733,P0035,2
O005734,P0088,2
O005735,P0005,1
O005736,P0001,1
O005737,P0081,3
O005738,P0052,1
O005738,P0053,1
O005739,P0068,1
O005739,P0035,1
O005739,P0009,2
O005739,P0040,3
O005740,P0054,3
O005741,P0032,2
O005742,P0089,3
O005743,P0056,2
O005744,P0093,1
O005745,P0079,3
O005746,P0006,3
O005746,P0088,1
O005747,P0070,1
O005748,P0093,1
O005749,P0053,1
O005750,P0096,1
O005751,P0061,3
O005751,P0049,1
O005752,P0055,1
O005753,P0078,1
O005754,P0021,1
O005755,P0074,1
O005756,P0026,1
O005757,P0047,1
O005757,P0032,1
O005757,P0008,1
O005758,P0026,1
O005759,P0044,3
O005760,P0045,1
O005761,P0069,3
O005762,P0051,1
O005762,P0026,3
O005763,P0072,2
O005763,P0089,1
O005764,P0007,1
O005764,P0068,3
O005764,P0021,1
O005765,P0014,1
O005766,P0080,2
O005767,P0056,2
O005767,P0053,1
O005768,P0094,1
O005769,P0058,3
O005769,P0065,1
O005770,P0053,2
O005771,P0083,3
O005771,P0035,3
O005771,P0063,1
O005772,P0071,1
O005773,P0036,1
O005774,P0035,2
O005775,P0061,3
O005775,P0036,1
O005775,P0008,1
O005776,P0029,1
O005777,P0082,1
O005778,P0006,3
O005779,P0059,3
O005779,P0071,1
O005779,P0074,3
O005779,P0007,1
O005780,P0063,1
O005781,P0036,3
O005782,P0016,1
O005783,P0015,1
O005783,P0073,1
O005784,P0031,1
O005785,P0095,1
O005786,P0067,1
O005786,P0001,1
O005787,P0018,1
O005787,P0030,1
O005788,P0095,3
O005788,P0006,3
O005788,P0064,1
O005788,P0048,1
O005789,P0006,1
O005789,P0059,3
O005790,P0025,1
O005791,P0004,2
O005792,P0036,3
O005793,P0053,1
O005794,P0006,2
O005794,P0035,1
O005795,P0095,3
O005796,P0004,2
O005796,P0027,1
O005797,P0044,1
O005798,P0074,1
O005799,P0028,3
O005800,P0043,1
O005800,P0072,1
O005801,P0072,1
O005801,P0064,3
O005801,P0096,1
O005802,P0094,3
O005802,P0039,3
O005803,P0029,2
O005803,P0066,1
O005804,P0016,2
O005805,P0038,1
O005805,P0042,3
O005805,P0079,1
O005806,P0013,3
O005806,P0060,1
O005807,P0028,2
O005807,P0051,1
O005807,P0042,1
O005808,P0001,1
O005808,P0014,1
O005808,P0077,3
O005808,P0027,1
O005809,P0003,3
O005810,P0020,2
O005811,P0077,3
O005812,P0086,2
O005812,P0025,1
O005812,P0029,1
O005813,P0065,1
O005813,P0037,1
O005813,P0057,2
O005814,P0084,1
O005815,P0046,1
O005815,P0017,1
O005816,P0045,1
O005817,P0082,3
O005818,P0033,1
O005819,P0047,1
O005819,P0024,1
O005820,P0003,1
O005821,P0039,2
O005821,P0063,1
O005822,P0017,1
O005822,P0014,1
O005823,P0043,1
O005824,P0006,1
O005825,P0041,1
O005826,P0050,3
O005826,P0092,3
O005827,P0036,3
O005827,P0023,3
O005828,P0033,1
O005829,P0032,1
O005830,P0028,1
O005830,P0038,1
O005831,P0054,1
O005832,P0035,1
O005832,P0016,1
O005833,P0062,3
O005834,P0016,1
O005834,P0020,3
O005834,P0022,2
O005835,P0090,1
O005836,P0070,3
O005837,P0007,1
O005838,P0010,1
O005838,P0074,1
O005839,P0034,1
O005839,P0047,1
O005840,P0090,1
O005840,P0054,1
O005841,P0060,1
O005842,P0039,1
O005842,P0057,1
O005843,P0079,1
O005844,P0034,2
O005844,P0020,1
O005844,P0054,1
O005845,P0018,1
O005846,P0041,1
O005846,P0081,2
O005847,P0043,1
O005848,P0022,1
O005848,P0069,3
O005848,P0080,3
O005849,P0055,1
O005850,P0020,1
O005850,P0039,3
O005851,P0029,3
O005852,P0048,1
O005852,P0002,1
O005853,P0085,1
O005853,P0065,1
O005854,P0041,3
O005855,P0016,1
O005856,P0073,1
O005856,P0004,3
O005856,P0038,1
O005856,P0043,3
O005857,P0006,2
O005857,P0052,3
O005858,P0093,1
O005859,P0067,1
O005859,P0021,2
O005859,P0076,1
O005860,P0023,1
O005861,P0036,1
O005861,P0033,2
O005861,P0010,2
O005861,P0067,3
O005862,P0087,2
O005863,P0063,2
O005864,P0067,1
O005864,P0070,1
O005865,P0096,3
O005866,P0085,1
O005867,P0037,2
O005868,P0010,1
O005869,P0079,1
O005869,P0072,1
O005870,P0041,3
O005870,P0088,1
O005870,P0032,1
O005871,P0083,3
O005872,P0066,1
O005873,P0043,2
O005873,P0012,1
O005873,P0096,1
O005874,P0042,2
O005875,P0027,2
O005876,P0005,2
O005876,P0091,1
O005876,P0050,1
O005877,P0058,1
O005878,P0033,1
O005878,P0054,1
O005878,P0044,2
O005878,P0074,1
O005879,P0015,1
O005880,P0010,1
O005880,P0056,1
O005880,P0060,1
O005881,P0046,1
O005881,P0038,1
O005882,P0088,2
O005883,P0072,1
O005884,P0076,3
O005884,P0032,1
O005884,P0054,3
O005885,P0082,1
O005885,P0052,1
O005886,P0086,2
O005886,P0006,3
O005887,P0058,3
O005888,P0046,2
O005889,P0089,2
O005889,P0002,2
O005890,P0068,3
O005890,P0013,1
O005890,P0055,3
O005890,P0083,1
O005891,P0030,1
O005891,P0087,1
O005891,P0057,3
O005891,P0017,2
O005892,P0041,3
O005893,P0047,1
O005894,P0062,1
O005895,P0038,1
O005895,P0094,3
O005896,P0088,1
O005896,P0055,1
O005896,P0095,1
O005897,P0060,1
O005898,P0070,1
O005899,P0050,1
O005900,P0081,1
O005900,P0023,1
O005901,P0026,2
O005902,P0006,1
O005903,P0041,1
O005903,P0056,2
O005904,P0052,1
O005904,P0082,1
O005905,P0028,1
O005906,P0051,3
O005907,P0036,1
O005907,P0025,1
O005908,P0076,3
O005909,P0047,1
O005910,P0093,2
O005910,P0075,1
O005911,P0020,2
O005911,P0013,1
O005911,P0057,2
O005912,P0065,2
O005912,P0090,1
O005913,P0095,1
O005913,P0047,2
O005914,P0046,3
O005915,P0059,1
O005916,P0020,1
O005916,P0002,2
O005917,P0048,1
O005917,P0081,2
O005918,P0077,2
O005919,P0025,2
O005919,P0050,3
O005920,P0084,2
O005920,P0018,1
O005921,P0024,1
O005922,P0025,1
O005923,P0055,2
O005923,P0036,1
O005924,P0079,1
O005925,P0007,1
O005926,P0038,1
O005927,P0087,1
O005928,P0095,1
O005928,P0068,3
O005928,P0088,1
O005929,P0039,3
O005929,P0023,3
O005929,P0009,1
O005930,P0054,3
O005930,P0034,1
O005930,P0074,1
O005931,P0040,1
O005931,P0043,1
O005932,P0075,1
O005933,P0053,1
O005933,P0094,2
O005934,P0070,2
O005935,P0046,1
O005935,P0014,1
O005936,P0034,3
O005936,P0062,1
O005937,P0029,2
O005938,P0042,1
O005939,P0056,3
O005940,P0071,1
O005941,P0028,1
O005942,P0016,1
O005942,P0038,2
O005943,P0061,3
O005943,P0041,1
O005943,P0080,2
O005943,P0059,1
O005944,P0049,1
O005945,P0036,2
O005945,P0052,1
O005946,P0076,3
O005947,P0031,3
O005948,P0083,1
O005948,P0074,1
O005949,P0013,2
O005949,P0045,2
O005950,P0022,1
O005951,P0019,2
O005952,P0057,1
O005952,P0055,1
O005952,P0044,1
O005953,P0017,1
O005954,P0022,1
O005954,P0051,2
O005955,P0093,3
O005956,P0048,1
O005957,P0071,3
O005958,P0002,3
O005959,P0081,1
O005959,P0061,1
O005960,P0025,3
O005961,P0077,1
O005962,P0017,1
O005962,P0027,2
O005963,P0091,1
O005963,P0022,2
O005964,P0075,1
O005965,P0054,1
O005965,P0008,1
O005966,P0035,2
O005967,P0042,1
O005967,P0031,1
O005968,P0051,3
O005968,P0093,2
O005969,P0038,2
O005970,P0088,1
O005971,P0063,2
O005972,P0069,1
O005972,P0025,1
O005973,P0049,1
O005974,P0067,1
O005975,P0032,1
O005976,P0005,3
O005977,P0052,2
O005978,P0035,2
O005978,P0044,1
O005978,P0032,1
O005978,P0004,1
O005979,P0077,2
O005979,P0089,1
O005980,P0053,1
O005980,P0026,2
O005981,P0012,2
O005981,P0038,1
O005982,P0060,1
O005982,P0010,2
O005983,P0018,1
O005983,P0059,1
O005984,P0054,1
O005984,P0050,1
O005984,P0028,2
O005985,P0029,1
O005986,P0087,2
O005987,P0024,1
O005987,P0042,1
O005988,P0025,3
O005989,P0033,1
O005990,P0005,3
O005991,P0064,3
O005991,P0045,2
O005992,P0010,1
O005993,P0007,2
O005993,P0047,1
O005994,P0077,2
O005995,P0038,1
O005996,P0057,1
O005997,P0011,3
O005998,P0053,1
O005998,P0064,1
O005999,P0003,1
O006000,P0020,1
O006001,P0010,1
O006001,P0023,1
O006002,P0051,1
O006003,P0044,1
O006003,P0046,1
O006003,P0090,1
O006004,P0071,1
O006004,P0082,2
O006004,P0020,1
O006005,P0052,1
O006006,P0035,1
O006007,P0027,3
O006008,P0077,3
O006008,P0037,2
O006008,P0052,2
O006008,P0076,3
O006009,P0012,2
O006009,P0068,3
O006009,P0033,3
O006009,P0028,2
O006010,P0068,2
O006010,P0032,1
O006011,P0018,1
O006012,P0084,1
O006013,P0086,1
O006014,P0068,1
O006015,P0015,3
O006016,P0087,1
O006016,P0062,2
O006016,P0004,1
O006016,P0007,1
O006017,P0070,3
O006018,P0047,3
O006019,P0004,1
O006019,P0013,1
O006019,P0038,2
O006020,P0064,3
O006020,P0074,1
O006020,P0043,1
O006021,P0038,1
O006021,P0063,2
O006022,P0030,1
O006023,P0051,3
O006024,P0017,1
O006024,P0037,1
O006024,P0015,2
O006024,P0090,1
O006025,P0013,1
O006026,P0054,1
O006027,P0077,1
O006028,P0080,2
O006029,P0051,3
O006029,P0076,1
O006029,P0009,1
O006029,P0031,2
O006030,P0012,1
O006031,P0052,3
O006032,P0019,3
O006033,P0054,1
O006033,P0049,1
O006034,P0070,1
O006034,P0022,1
O006035,P0025,1
O006036,P0045,1
O006036,P0063,1
O006036,P0025,2
O006036,P0050,2
O006037,P0066,2
O006038,P0094,2
O006039,P0003,3
O006040,P0017,3
O006041,P0029,1
O006042,P0046,1
O006042,P0085,3
O006043,P0007,1
O006044,P0078,1
O006045,P0069,1
O006046,P0027,1
O006046,P0004,1
O006047,P0017,1
O006047,P0061,1
O006047,P0022,1
O006048,P0087,1
O006049,P0069,3
O006050,P0010,2
O006051,P0056,1
O006052,P0013,1
O006053,P0083,3
O006054,P0030,2
O006055,P0020,1
O006055,P0058,1
O006056,P0088,1
O006057,P0042,1
O006058,P0041,3
O006059,P0089,1
O006060,P0077,1
O006061,P0051,1
O006061,P0082,3
O006062,P0045,1
O006063,P0031,1
O006063,P0049,1
O006063,P0015,1
O006064,P0082,1
O006065,P0091,1
O006066,P0072,3
O006066,P0059,1
O006066,P0011,1
O006067,P0080,2
O006068,P0065,1
O006068,P0008,1
O006068,P0075,1
O006069,P0014,1
O006070,P0073,3
O006071,P0091,2
O006071,P0055,3
O006072,P0082,3
O006073,P0083,1
O006073,P0052,2
O006074,P0003,1
O006074,P0005,2
O006075,P0091,3
O006076,P0003,1
O006076,P0010,3
O006077,P0096,2
O006077,P0090,1
O006078,P0063,2
O006079,P0007,2
O006080,P0017,1
O006080,P0072,1
O006081,P0061,2
O006082,P0043,2
O006082,P0077,1
O006083,P0035,1
O006084,P0072,2
O006085,P0002,1
O006085,P0066,2
O006086,P0093,1
O006087,P0059,3
O006088,P0075,1
O006088,P0050,3
O006089,P0033,1
O006090,P0068,1
O006091,P0008,3
O006092,P0074,1
O006093,P0075,1
O006094,P0018,1
O006094,P0007,1
O006094,P0006,3
O006095,P0015,1
O006096,P0065,1
O006097,P0092,3
O006097,P0016,2
O006098,P0029,2
O006099,P0067,1
O006099,P0078,1
O006100,P0077,3
O006100,P0013,3
O006101,P0071,2
O006102,P0028,2
O006102,P0002,2
O006103,P0028,1
O006103,P0096,1
O006103,P0015,1
O006103,P0089,1
O006104,P0029,1
O006105,P0016,3
O006106,P0030,1
O006106,P0011,1
O006107,P0052,2
O006107,P0046,1
O006108,P0070,2
O006109,P0040,1
O006110,P0070,1
O006111,P0087,1
O006112,P0018,2
O006112,P0028,1
O006113,P0044,1
O006114,P0005,3
O006115,P0064,1
O006115,P0060,1
O006115,P0023,1
O006116,P0063,1
O006117,P0061,1
O006118,P0036,1
O006118,P0029,1
O006119,P0039,2
O006119,P0055,2
O006120,P0082,1
O006121,P0065,1
O006122,P0023,1
O006122,P0087,3
O006123,P0040,1
O006124,P0031,2
O006125,P0035,1
O006126,P0026,2
O006126,P0052,1
O006127,P0071,1
O006127,P0004,1
O006127,P0051,2
O006127,P0024,3
O006128,P0022,3
O006128,P0088,2
O006129,P0022,1
O006130,P0002,3
O006131,P0008,3
O006131,P0031,1
O006131,P0083,1
O006132,P0073,3
O006133,P0093,2
O006134,P0001,1
O006135,P0068,1
O006135,P0080,1
O006136,P0031,1
O006136,P0054,3
O006137,P0016,1
O006137,P0079,1
O006138,P0032,2
O006139,P0023,1
O006139,P0081,2
O006139,P0043,1
O006140,P0052,1
O006140,P0056,3
O006141,P0082,3
O006141,P0065,1
O006142,P0089,2
O006142,P0070,1
O006142,P0018,1
O006143,P0081,3
O006143,P0027,2
O006144,P0054,1
O006145,P0043,1
O006145,P0012,3
O006146,P0079,1
O006147,P0044,1
O006147,P0036,1
O006147,P0021,1
O006148,P0047,1
O006149,P0009,3
O006149,P0091,3
O006149,P0052,1
O006149,P0080,1
O006150,P0038,1
O006150,P0049,1
O006151,P0038,1
O006152,P0001,1
O006153,P0069,1
O006154,P0046,1
O006154,P0041,1
O006155,P0042,1
O006155,P0049,1
O006156,P0041,2
O006157,P0061,1
O006157,P0057,2
O006158,P0035,1
O006158,P0091,1
O006159,P0023,2
O006159,P0057,1
O006159,P0027,1
O006160,P0048,1
O006160,P0039,1
O006160,P0063,2
O006160,P0031,1
O006161,P0012,1
O006161,P0058,1
O006162,P0019,3
O006162,P0061,1
O006163,P0015,1
O006163,P0077,1
O006164,P0075,2
O006164,P0077,1
O006165,P0006,3
O006166,P0065,1
O006167,P0029,1
O006168,P0031,3
O006168,P0096,2
O006169,P0005,2
O006170,P0061,1
O006170,P0005,2
O006171,P0048,1
O006171,P0059,1
O006172,P0019,3
O006173,P0030,3
O006174,P0047,3
O006175,P0072,1
O006176,P0082,2
O006177,P0083,1
O006177,P0033,2
O006178,P0079,2
O006179,P0028,3
O006179,P0026,2
O006179,P0092,2
O006179,P0029,1
O006180,P0094,1
O006180,P0074,2
O006181,P0093,3
O006182,P0054,3
O006182,P0028,2
O006182,P0044,2
O006183,P0074,1
O006183,P0036,1
O006183,P0025,1
O006184,P0076,3
O006184,P0085,1
O006185,P0067,1
O006185,P0059,1
O006186,P0043,1
O006187,P0069,1
O006188,P0065,2
O006188,P0004,1
O006188,P0042,2
O006189,P0031,1
O006190,P0013,1
O006190,P0070,3
O006191,P0068,2
O006192,P0079,2
O006192,P0048,2
O006192,P0045,1
O006193,P0061,2
O006194,P0031,2
O006194,P0094,1
O006194,P0072,3
O006195,P0086,1
O006196,P0068,1
O006196,P0046,1
O006197,P0019,1
O006197,P0007,1
O006198,P0089,1
O006199,P0045,2
O006199,P0078,1
O006200,P0063,2
O006200,P0003,2
O006201,P0094,1
O006201,P0011,2
O006202,P0037,1
O006202,P0063,1
O006203,P0070,3
O006204,P0013,1
O006205,P0076,1
O006205,P0038,1
O006205,P0034,3
O006206,P0065,1
O006206,P0079,1
O006206,P0004,2
O006206,P0027,2
O006207,P0005,1
O006208,P0070,1
O006208,P0063,1
O006209,P0027,2
O006209,P0066,1
O006210,P0060,1
O006211,P0076,2
O006212,P0011,2
O006213,P0094,1
O006214,P0038,2
O006215,P0071,1
O006216,P0055,1
O006217,P0071,1
O006217,P0025,1
O006217,P0034,3
O006217,P0076,3
O006218,P0073,2
O006218,P0028,2
O006218,P0064,1
O006218,P0052,3
O006219,P0082,2
O006220,P0079,2
O006221,P0089,1
O006222,P0018,1
O006223,P0028,2
O006224,P0074,1
O006225,P0022,1
O006225,P0006,2
O006226,P0075,1
O006226,P0093,2
O006227,P0070,2
O006227,P0047,3
O006227,P0027,1
O006228,P0001,1
O006228,P0073,2
O006229,P0024,2
O006230,P0073,1
O006231,P0017,1
O006231,P0041,1
O006232,P0033,1
O006232,P0005,1
O006233,P0011,1
O006233,P0067,1
O006234,P0072,1
O006234,P0087,1
O006235,P0064,1
O006235,P0061,1
O006236,P0038,2
O006237,P0080,3
O006238,P0076,2
O006239,P0051,3
O006239,P0010,3
O006239,P0060,1
O006239,P0050,1
O006240,P0092,1
O006240,P0010,1
O006240,P0066,1
O006241,P0020,2
O006241,P0063,3
O006241,P0089,1
O006242,P0071,1
O006242,P0086,3
O006242,P0009,1
O006242,P0079,1
O006243,P0096,2
O006244,P0094,3
O006245,P0012,3
O006245,P0057,1
O006246,P0047,2
O006246,P0032,1
O006247,P0051,3
O006248,P0028,1
O006249,P0026,1
O006250,P0032,1
O006250,P0001,3
O006251,P0076,2
O006252,P0071,2
O006253,P0010,1
O006253,P0021,1
O006254,P0082,3
O006255,P0041,1
O006255,P0012,2
O006256,P0032,1
O006257,P0095,1
O006258,P0040,2
O006259,P0035,3
O006260,P0078,1
O006261,P0014,1
O006262,P0018,1
O006263,P0076,1
O006263,P0079,2
O006264,P0031,1
O006265,P0049,1
O006265,P0085,3
O006266,P0007,3
O006267,P0029,1
O006267,P0035,1
O006268,P0063,1
O006268,P0092,1
O006269,P0060,2
O006270,P0082,2
O006270,P0023,1
O006271,P0029,1
O006272,P0094,3
O006272,P0002,1
O006272,P0051,2
O006272,P0050,1
O006273,P0055,3
O006273,P0093,1
O006274,P0025,1
O006275,P0094,1
O006276,P0043,1
O006276,P0013,1
O006276,P0057,2
O006277,P0036,1
O006278,P0028,1
O006278,P0094,1
O006278,P0011,1
O006278,P0056,3
O006279,P0014,2
O006280,P0037,1
O006281,P0093,1
O006281,P0016,2
O006282,P0087,3
O006283,P0068,1
O006283,P0004,1
O006283,P0087,1
O006284,P0079,1
O006285,P0046,1
O006285,P0080,1
O006285,P0055,1
O006286,P0041,2
O006287,P0039,3
O006287,P0072,1
O006288,P0088,1
O006289,P0030,1
O006290,P0084,1
O006290,P0031,1
O006291,P0091,1
O006291,P0088,2
O006292,P0061,1
O006293,P0050,1
O006294,P0076,3
O006295,P0063,1
O006295,P0070,1
O006296,P0065,1
O006296,P0054,2
O006296,P0058,1
O006297,P0043,1
O006297,P0032,1
O006297,P0036,1
O006298,P0033,1
O006299,P0049,1
O006299,P0008,1
O006299,P0058,3
O006299,P0034,1
O006300,P0046,1
O006300,P0030,3
O006301,P0052,1
O006301,P0072,3
O006302,P0046,1
O006303,P0093,1
O006303,P0094,1
O006303,P0068,1
O006304,P0040,1
O006304,P0043,3
O006305,P0038,1
O006306,P0054,1
O006307,P0048,1
O006307,P0007,2
O006307,P0032,1
O006308,P0082,2
O006309,P0011,1
O006309,P0089,2
O006310,P0088,3
O006310,P0089,1
O006311,P0036,1
O006311,P0058,2
O006312,P0096,1
O006312,P0088,2
O006313,P0029,1
O006313,P0052,3
O006313,P0069,3
O006313,P0044,2
O006314,P0022,1
O006314,P0008,1
O006315,P0016,1
O006315,P0088,1
O006316,P0065,1
O006317,P0090,1
O006318,P0014,1
O006318,P0094,2
O006318,P0059,1
O006319,P0080,2
O006320,P0033,3
O006321,P0032,2
O006322,P0078,1
O006322,P0018,1
O006322,P0093,1
O006322,P0037,3
O006323,P0011,1
O006323,P0059,1
O006324,P0007,3
O006325,P0064,2
O006325,P0014,1
O006325,P0075,1
O006325,P0023,1
O006326,P0061,1
O006326,P0084,3
O006327,P0092,2
O006327,P0079,2
O006328,P0091,1
O006328,P0090,2
O006328,P0096,2
O006329,P0082,2
O006330,P0010,1
O006331,P0013,1
O006332,P0057,3
O006333,P0002,1
O006334,P0054,1
O006335,P0015,2
O006335,P0030,2
O006336,P0088,1
O006337,P0029,3
O006338,P0006,1
O006338,P0068,3
O006339,P0017,1
O006339,P0032,1
O006340,P0093,1
O006340,P0027,2
O006340,P0024,3
O006341,P0082,3
O006341,P0023,3
O006342,P0061,3
O006342,P0071,1
O006343,P0079,1
O006344,P0063,1
O006345,P0063,1
O006346,P0018,2
O006346,P0087,2
O006347,P0043,3
O006348,P0092,1
O006348,P0042,1
O006348,P0058,2
O006349,P0022,1
O006350,P0001,2
O006351,P0051,1
O006351,P0006,3
O006352,P0013,3
O006353,P0017,1
O006354,P0062,1
O006354,P0052,3
O006355,P0086,1
O006355,P0089,2
O006356,P0068,3
O006356,P0001,1
O006357,P0080,3
O006357,P0060,3
O006358,P0081,3
O006359,P0045,2
O006359,P0061,1
O006359,P0042,2
O006360,P0068,3
O006360,P0031,1
O006361,P0027,1
O006362,P0085,1
O006362,P0094,1
O006363,P0059,1
O006364,P0058,3
O006364,P0036,1
O006365,P0049,1
O006366,P0046,1
O006366,P0050,1
O006366,P0055,2
O006367,P0096,1
O006367,P0095,1
O006368,P0069,1
O006368,P0064,1
O006369,P0054,2
O006369,P0002,1
O006370,P0066,1
O006370,P0047,3
O006370,P0004,1
O006371,P0051,1
O006371,P0036,1
O006372,P0053,1
O006373,P0030,1
O006374,P0025,1
O006374,P0060,3
O006375,P0017,3
O006376,P0061,1
O006377,P0042,2
O006378,P0049,2
O006379,P0094,2
O006380,P0091,3
O006380,P0076,1
O006381,P0041,1
O006382,P0007,1
O006383,P0055,1
O006383,P0002,1
O006384,P0083,2
O006385,P0030,1
O006385,P0058,3
O006386,P0043,3
O006387,P0066,1
O006388,P0019,1
O006389,P0041,3
O006389,P0001,2
O006389,P0096,1
O006390,P0027,1
O006390,P0009,1
O006390,P0092,1
O006390,P0077,1
O006391,P0096,1
O006391,P0027,2
O006392,P0060,1
O006392,P0055,1
O006393,P0091,3
O006393,P0033,2
O006393,P0084,2
O006393,P0024,3
O006394,P0064,3
O006395,P0059,1
O006396,P0033,3
O006397,P0009,1
O006397,P0083,1
O006397,P0075,1
O006398,P0014,1
O006398,P0041,1
O006398,P0001,2
O006399,P0069,3
O006399,P0025,1
O006400,P0072,1
O006401,P0030,1
O006401,P0029,1
O006401,P0033,1
O006402,P0074,1
O006403,P0088,1
O006403,P0007,1
O006404,P0065,1
O006405,P0050,3
O006405,P0066,2
O006406,P0075,2
O006407,P0055,2
O006407,P0071,3
O006407,P0053,1
O006408,P0067,1
O006408,P0066,2
O006409,P0008,3
O006410,P0088,2
O006410,P0063,1
O006410,P0038,2
O006411,P0014,2
O006412,P0043,1
O006412,P0014,1
O006413,P0028,1
O006414,P0074,1
O006415,P0060,2
O006415,P0066,2
O006416,P0091,1
O006416,P0051,2
O006417,P0017,1
O006418,P0039,1
O006418,P0095,1
O006418,P0025,1
O006418,P0049,1
O006419,P0023,2
O006419,P0060,3
O006419,P0032,1
O006420,P0069,1
O006421,P0088,1
O006422,P0096,1
O006422,P0060,1
O006422,P0002,2
O006422,P0006,1
O006423,P0010,1
O006423,P0016,1
O006423,P0068,1
O006424,P0029,3
O006424,P0025,1
O006425,P0080,3
O006425,P0074,3
O006426,P0041,3
O006427,P0086,2
O006428,P0052,1
O006428,P0092,1
O006429,P0025,1
O006430,P0088,1
O006431,P0059,1
O006432,P0017,3
O006433,P0087,1
O006433,P0088,2
O006434,P0022,1
O006435,P0027,2
O006435,P0070,3
O006435,P0024,1
O006436,P0068,1
O006437,P0025,1
O006437,P0064,1
O006438,P0062,1
O006438,P0008,1
O006438,P0017,3
O006439,P0025,3
O006439,P0020,3
O006439,P0013,3
O006440,P0040,1
O006440,P0086,1
O006441,P0066,1
O006442,P0073,2
O006443,P0067,1
O006444,P0018,2
O006444,P0002,1
O006444,P0043,1
O006444,P0039,3
O006445,P0059,2
O006445,P0013,1
O006445,P0003,1
O006445,P0029,2
O006446,P0011,1
O006447,P0082,1
O006448,P0036,3
O006448,P0061,3
O006448,P0053,1
O006449,P0096,1
O006450,P0037,1
O006451,P0086,3
O006452,P0051,3
O006452,P0061,1
O006453,P0014,2
O006454,P0063,3
O006455,P0019,1
O006456,P0002,3
O006457,P0053,1
O006457,P0067,3
O006457,P0026,1
O006458,P0026,1
O006458,P0046,1
O006459,P0039,2
O006460,P0024,1
O006461,P0077,1
O006462,P0065,1
O006463,P0048,1
O006464,P0016,3
O006464,P0054,1
O006464,P0087,1
O006465,P0057,1
O006466,P0021,1
O006467,P0035,2
O006468,P0068,1
O006469,P0001,1
O006469,P0012,1
O006469,P0085,2
O006470,P0001,1
O006470,P0014,3
O006471,P0048,2
O006472,P0010,1
O006472,P0029,2
O006473,P0009,1
O006473,P0005,2
O006474,P0052,1
O006475,P0059,1
O006476,P0030,1
O006477,P0057,3
O006478,P0068,1
O006478,P0032,1
O006478,P0054,1
O006479,P0070,3
O006479,P0002,1
O006480,P0068,1
O006481,P0006,1
O006481,P0002,1
O006482,P0064,1
O006483,P0051,2
O006484,P0004,1
O006484,P0069,2
O006484,P0010,1
O006485,P0094,1
O006485,P0095,3
O006485,P0089,3
O006485,P0059,1
O006486,P0033,1
O006487,P0012,2
O006487,P0084,1
O006488,P0050,1
O006488,P0007,3
O006488,P0066,1
O006488,P0074,2
O006489,P0070,3
O006489,P0045,1
O006490,P0044,1
O006490,P0048,3
O006490,P0022,2
O006490,P0080,3
O006491,P0015,1
O006491,P0081,2
O006491,P0066,2
O006491,P0056,3
O006492,P0015,1
O006493,P0020,1
O006493,P0002,3
O006493,P0041,1
O006494,P0049,1
O006495,P0004,1
O006495,P0036,1
O006496,P0021,1
O006496,P0092,3
O006497,P0073,2
O006497,P0022,1
O006498,P0084,1
O006498,P0033,2
O006499,P0053,3
O006499,P0062,1
O006500,P0040,2
O006501,P0067,3
O006501,P0091,1
O006501,P0075,1
O006502,P0083,1
O006503,P0051,3
O006503,P0041,2
O006504,P0010,1
O006505,P0002,1
O006506,P0039,3
O006507,P0054,3
O006507,P0005,1
O006508,P0049,3
O006509,P0046,2
O006509,P0020,1
O006509,P0011,3
O006510,P0058,1
O006511,P0084,3
O006511,P0063,2
O006512,P0063,1
O006513,P0089,1
O006514,P0001,1
O006514,P0059,2
O006515,P0066,1
O006516,P0042,1
O006516,P0011,1
O006517,P0092,2
O006518,P0042,3
O006518,P0005,3
O006519,P0047,1
O006519,P0064,1
O006520,P0078,1
O006520,P0066,2
O006521,P0010,1
O006521,P0009,1
O006521,P0015,1
O006522,P0059,2
O006523,P0052,1
O006524,P0051,3
O006524,P0038,3
O006524,P0013,1
O006525,P0076,2
O006526,P0055,3
O006526,P0069,3
O006526,P0021,3
O006527,P0047,1
O006527,P0091,2
O006528,P0067,1
O006529,P0049,3
O006529,P0059,1
O006530,P0094,3
O006530,P0042,3
O006531,P0085,2
O006531,P0004,3
O006531,P0017,3
O006532,P0095,1
O006532,P0041,1
O006533,P0064,1
O006534,P0025,1
O006534,P0062,1
O006535,P0065,1
O006536,P0021,1
O006537,P0032,1
O006538,P0060,2
O006538,P0088,3
O006539,P0082,2
O006539,P0017,1
O006539,P0042,1
O006540,P0035,1
O006541,P0037,1
O006541,P0068,1
O006542,P0015,1
O006542,P0010,1
O006543,P0043,1
O006544,P0017,1
O006545,P0094,1
O006546,P0078,1
O006547,P0006,1
O006547,P0001,3
O006547,P0036,1
O006548,P0073,2
O006549,P0070,1
O006550,P0009,2
O006551,P0058,2
O006552,P0006,1
O006553,P0090,1
O006554,P0075,1
O006554,P0009,1
O006555,P0021,1
O006555,P0067,1
O006556,P0051,1
O006556,P0023,3
O006556,P0021,1
O006557,P0067,1
O006558,P0065,2
O006559,P0001,1
O006560,P0050,1
O006560,P0070,1
O006560,P0093,1
O006561,P0046,2
O006561,P0075,1
O006562,P0086,1
O006563,P0090,2
O006563,P0033,2
O006564,P0053,3
O006565,P0040,1
O006566,P0027,3
O006566,P0064,1
O006566,P0041,2
O006567,P0051,1
O006567,P0080,1
O006567,P0078,2
O006568,P0012,2
O006569,P0080,3
O006570,P0012,3
O006570,P0024,3
O006571,P0027,1
O006571,P0092,3
O006572,P0082,3
O006572,P0051,1
O006572,P0014,3
O006573,P0025,1
O006573,P0067,2
O006573,P0095,2
O006573,P0080,1
O006574,P0044,3
O006574,P0059,1
O006574,P0045,1
O006575,P0091,1
O006575,P0001,1
O006575,P0069,2
O006576,P0047,2
O006576,P0058,1
O006577,P0055,1
O006577,P0090,1
O006578,P0072,2
O006579,P0030,3
O006580,P0080,1
O006581,P0072,1
O006582,P0027,1
O006582,P0031,1
O006583,P0002,1
O006583,P0044,2
O006584,P0053,2
O006584,P0034,1
O006585,P0015,1
O006585,P0003,3
O006586,P0030,1
O006586,P0067,2
O006586,P0078,1
O006586,P0003,3
O006587,P0008,2
O006588,P0091,3
O006589,P0058,1
O006589,P0080,1
O006590,P0005,1
O006591,P0023,1
O006592,P0042,3
O006593,P0043,2
O006594,P0010,1
O006595,P0067,3
O006595,P0070,1
O006595,P0018,3
O006595,P0038,1
O006596,P0052,1
O006597,P0095,1
O006598,P0084,1
O006599,P0040,1
O006600,P0010,1
O006601,P0054,1
O006602,P0092,2
O006603,P0019,1
O006603,P0013,3
O006603,P0025,1
O006604,P0005,1
O006605,P0080,1
O006606,P0004,1
O006606,P0019,1
O006606,P0014,1
O006607,P0019,1
O006607,P0070,1
O006608,P0044,1
O006608,P0005,1
O006608,P0040,2
O006609,P0064,3
O006610,P0052,1
O006611,P0035,1
O006611,P0060,2
O006611,P0079,1
O006612,P0054,3
O006612,P0050,1
O006612,P0049,3
O006613,P0018,3
O006614,P0033,1
O006615,P0032,3
O006615,P0089,1
O006616,P0022,3
O006616,P0080,1
O006616,P0033,1
O006616,P0066,2
O006617,P0023,3
O006618,P0026,3
O006618,P0046,1
O006619,P0031,3
O006620,P0070,1
O006620,P0035,1
O006621,P0024,3
O006621,P0095,3
O006622,P0056,1
O006623,P0045,3
O006624,P0075,1
O006625,P0003,3
O006626,P0062,1
O006627,P0093,1
O006627,P0006,3
O006628,P0084,1
O006629,P0016,1
O006630,P0070,3
O006631,P0080,3
O006632,P0007,3
O006632,P0038,3
O006632,P0037,2
O006633,P0013,2
O006633,P0034,1
O006634,P0070,1
O006635,P0018,1
O006635,P0002,2
O006636,P0032,1
O006636,P0075,2
O006637,P0055,1
O006637,P0010,1
O006638,P0026,3
O006638,P0096,1
O006639,P0081,1
O006639,P0071,3
O006640,P0094,1
O006641,P0064,1
O006642,P0007,1
O006643,P0031,1
O006644,P0084,3
O006645,P0068,1
O006645,P0078,1
O006646,P0055,2
O006647,P0078,1
O006647,P0002,1
O006648,P0038,2
O006648,P0067,1
O006648,P0060,3
O006649,P0014,1
O006649,P0065,1
O006650,P0073,1
O006651,P0078,1
O006651,P0020,1
O006652,P0061,3
O006652,P0017,2
O006653,P0017,1
O006654,P0061,1
O006654,P0036,1
O006654,P0026,3
O006654,P0013,1
O006655,P0047,2
O006655,P0081,1
O006656,P0022,2
O006656,P0012,1
O006657,P0096,2
O006657,P0059,1
O006657,P0028,1
O006658,P0023,1
O006658,P0066,2
O006658,P0062,1
O006659,P0006,1
O006660,P0088,1
O006660,P0033,3
O006660,P0032,1
O006661,P0037,3
O006661,P0079,1
O006662,P0009,3
O006663,P0065,1
O006663,P0020,2
O006663,P0032,1
O006664,P0095,3
O006664,P0085,2
O006665,P0017,3
O006665,P0042,1
O006665,P0020,3
O006665,P0012,1
O006666,P0090,3
O006666,P0077,2
O006667,P0022,1
O006668,P0021,1
O006669,P0052,1
O006670,P0001,2
O006671,P0070,2
O006671,P0052,1
O006672,P0015,3
O006673,P0085,3
O006673,P0064,3
O006673,P0093,3
O006673,P0051,1
O006674,P0056,1
O006675,P0017,3
O006675,P0003,1
O006676,P0005,1
O006677,P0018,1
O006677,P0066,3
O006677,P0080,1
O006677,P0001,3
O006678,P0078,3
O006678,P0027,3
O006679,P0070,1
O006679,P0011,3
O006680,P0075,3
O006680,P0073,2
O006681,P0031,2
O006682,P0038,1
O006682,P0074,3
O006683,P0057,2
O006683,P0018,3
O006684,P0046,1
O006684,P0093,1
O006684,P0054,2
O006684,P0089,1
O006685,P0094,3
O006686,P0061,1
O006686,P0073,1
O006687,P0051,2
O006688,P0092,2
O006688,P0094,1
O006689,P0076,3
O006690,P0015,3
O006691,P0010,1
O006691,P0059,3
O006691,P0043,3
O006692,P0034,1
O006693,P0012,1
O006693,P0024,1
O006694,P0008,1
O006694,P0043,1
O006695,P0047,2
O006696,P0063,3
O006697,P0078,1
O006698,P0035,1
O006698,P0049,1
O006699,P0084,3
O006699,P0052,1
O006700,P0078,1
O006701,P0014,1
O006702,P0039,2
O006703,P0026,1
O006703,P0058,1
O006704,P0082,1
O006705,P0033,1
O006706,P0026,1
O006707,P0066,1
O006707,P0032,3
O006708,P0079,1
O006708,P0057,1
O006709,P0022,1
O006709,P0062,1
O006710,P0006,1
O006711,P0094,1
O006712,P0046,3
O006712,P0030,3
O006713,P0061,1
O006713,P0059,1
O006713,P0084,1
O006713,P0012,1
O006714,P0046,1
O006714,P0069,2
O006715,P0080,1
O006715,P0037,2
O006715,P0087,3
O006716,P0045,3
O006717,P0022,1
O006718,P0044,1
O006719,P0009,2
O006719,P0014,3
O006719,P0056,1
O006720,P0080,1
O006721,P0064,2
O006722,P0089,1
O006723,P0020,1
O006723,P0031,2
O006724,P0062,1
O006724,P0077,1
O006725,P0009,2
O006725,P0043,1
O006726,P0040,1
O006726,P0011,2
O006727,P0015,1
O006727,P0009,1
O006728,P0002,1
O006729,P0027,1
O006730,P0045,1
O006730,P0092,1
O006730,P0025,1
O006730,P0022,1
O006731,P0090,3
O006731,P0070,1
O006732,P0064,1
O006733,P0021,1
O006734,P0012,3
O006735,P0077,1
O006735,P0078,1
O006736,P0035,1
O006736,P0091,2
O006736,P0070,3
O006736,P0056,1
O006737,P0004,1
O006737,P0008,3
O006738,P0085,2
O006738,P0027,3
O006739,P0046,3
O006739,P0038,1
O006740,P0013,1
O006740,P0045,1
O006741,P0085,1
O006742,P0033,2
O006742,P0042,1
O006743,P0089,3
O006744,P0038,3
O006744,P0083,2
O006745,P0050,1
O006746,P0010,2
O006746,P0054,1
O006747,P0024,1
O006747,P0054,1
O006748,P0036,3
O006748,P0047,3
O006749,P0095,1
O006750,P0020,1
O006751,P0067,3
O006752,P0084,1
O006753,P0012,1
O006754,P0090,1
O006754,P0068,2
O006755,P0078,1
O006756,P0040,3
O006756,P0043,3
O006756,P0006,3
O006757,P0059,1
O006758,P0039,3
O006758,P0006,1
O006758,P0040,3
O006759,P0046,2
O006760,P0075,1
O006761,P0080,1
O006761,P0060,1
O006761,P0015,1
O006761,P0028,1
O006762,P0092,2
O006762,P0065,1
O006763,P0062,1
O006763,P0019,2
O006764,P0078,3
O006765,P0058,1
O006765,P0062,2
O006765,P0018,1
O006766,P0038,1
O006767,P0021,2
O006768,P0051,1
O006769,P0016,2
O006769,P0029,1
O006770,P0039,3
O006771,P0058,1
O006772,P0009,3
O006773,P0015,1
O006774,P0074,1
O006774,P0069,1
O006775,P0081,3
O006775,P0025,1
O006775,P0087,3
O006776,P0063,1
O006777,P0030,1
O006778,P0039,2
O006779,P0052,1
O006780,P0034,1
O006781,P0004,1
O006782,P0036,3
O006782,P0021,3
O006783,P0087,1
O006784,P0053,2
O006784,P0079,1
O006785,P0088,1
O006785,P0043,2
O006786,P0009,1
O006786,P0088,1
O006787,P0095,2
O006788,P0001,1
O006789,P0032,3
O006790,P0071,1
O006791,P0003,1
O006792,P0044,2
O006793,P0082,3
O006794,P0037,1
O006794,P0088,3
O006795,P0030,3
O006795,P0033,3
O006796,P0053,2
O006797,P0093,3
O006797,P0077,1
O006798,P0029,1
O006799,P0054,2
O006800,P0084,3
O006801,P0063,2
O006801,P0091,1
O006801,P0003,1
O006801,P0055,1
O006802,P0010,1
O006802,P0049,3
O006803,P0035,1
O006804,P0061,1
O006805,P0001,1
O006806,P0058,1
O006806,P0005,1
O006807,P0065,3
O006808,P0069,2
O006808,P0058,3
O006809,P0001,1
O006809,P0045,2
O006809,P0055,1
O006809,P0063,3
O006810,P0034,1
O006810,P0058,1
O006811,P0086,1
O006812,P0069,3
O006813,P0058,1
O006814,P0045,1
O006815,P0076,3
O006815,P0078,1
O006816,P0010,3
O006817,P0030,1
O006818,P0026,1
O006819,P0080,1
O006819,P0078,1
O006820,P0019,1
O006820,P0008,2
O006821,P0056,1
O006822,P0015,3
O006822,P0062,1
O006822,P0050,1
O006823,P0052,2
O006823,P0014,1
O006824,P0055,1
O006825,P0089,2
O006825,P0063,1
O006825,P0094,3
O006826,P0052,1
O006826,P0073,2
O006827,P0068,1
O006827,P0043,1
O006828,P0032,1
O006828,P0039,1
O006829,P0029,1
O006830,P0066,1
O006831,P0034,3
O006831,P0052,1
O006832,P0028,1
O006832,P0043,1
O006832,P0011,1
O006832,P0081,1
O006833,P0026,1
O006834,P0010,3
O006835,P0044,1
O006835,P0069,2
O006835,P0011,3
O006836,P0086,1
O006836,P0031,1
O006837,P0060,1
O006838,P0012,2
O006838,P0067,3
O006839,P0021,1
O006839,P0078,1
O006840,P0010,1
O006840,P0005,1
O006841,P0033,2
O006842,P0015,1
O006842,P0051,2
O006843,P0030,2
O006843,P0085,1
O006843,P0057,3
O006843,P0012,1
O006844,P0077,1
O006844,P0086,1
O006845,P0076,1
O006846,P0065,1
O006846,P0034,2
O006847,P0033,2
O006848,P0057,1
O006848,P0020,1
O006849,P0005,2
O006850,P0002,1
O006851,P0018,1
O006851,P0085,3
O006851,P0026,1
O006851,P0083,2
O006852,P0029,3
O006853,P0001,1
O006854,P0038,1
O006854,P0004,1
O006855,P0054,2
O006856,P0007,3
O006856,P0081,1
O006856,P0050,2
O006857,P0057,3
O006858,P0034,1
O006859,P0090,1
O006859,P0087,1
O006859,P0055,2
O006860,P0070,1
O006861,P0069,3
O006861,P0048,1
O006862,P0008,1
O006863,P0056,3
O006864,P0057,1
O006864,P0038,1
O006864,P0013,2
O006865,P0055,1
O006866,P0076,3
O006866,P0009,1
O006867,P0031,2
O006868,P0057,1
O006868,P0026,1
O006869,P0069,2
O006870,P0018,1
O006870,P0047,1
O006871,P0029,1
O006871,P0041,3
O006872,P0011,1
O006873,P0013,1
O006874,P0069,3
O006874,P0065,1
O006874,P0029,2
O006875,P0063,1
O006876,P0058,1
O006876,P0042,2
O006876,P0072,1
O006877,P0061,1
O006878,P0051,3
O006879,P0066,1
O006879,P0036,1
O006880,P0020,3
O006881,P0014,1
O006881,P0090,1
O006882,P0036,1
O006883,P0007,1
O006883,P0014,1
O006884,P0056,3
O006885,P0074,1
O006885,P0021,3
O006885,P0078,1
O006885,P0087,1
O006886,P0053,1
O006887,P0075,1
O006888,P0009,1
O006889,P0061,1
O006890,P0073,3
O006891,P0063,3
O006892,P0054,1
O006892,P0019,1
O006893,P0092,3
O006893,P0019,3
O006893,P0038,1
O006894,P0074,1
O006894,P0075,1
O006895,P0013,2
O006896,P0096,2
O006897,P0013,1
O006898,P0037,1
O006898,P0040,1
O006898,P0080,1
O006899,P0068,1
O006900,P0095,1
O006900,P0082,1
O006900,P0075,1
O006900,P0078,2
O006901,P0048,2
O006901,P0015,3
O006902,P0023,3
O006902,P0092,2
O006903,P0027,1
O006904,P0037,1
O006905,P0080,3
O006906,P0012,2
O006907,P0053,2
O006908,P0031,1
O006909,P0025,1
O006910,P0067,2
O006910,P0006,1
O006910,P0073,3
O006911,P0081,1
O006911,P0069,1
O006912,P0021,1
O006913,P0026,2
O006914,P0002,2
O006915,P0023,2
O006915,P0016,3
O006915,P0086,1
O006915,P0022,1
O006916,P0033,1
O006917,P0002,1
O006917,P0095,1
O006917,P0093,3
O006918,P0057,1
O006919,P0078,2
O006920,P0061,1
O006921,P0077,1
O006922,P0016,1
O006923,P0054,2
O006923,P0012,2
O006923,P0023,3
O006923,P0021,2
O006924,P0039,1
O006924,P0014,3
O006924,P0045,2
O006925,P0068,3
O006925,P0034,1
O006925,P0085,2
O006925,P0078,2
O006926,P0002,3
O006926,P0039,3
O006927,P0012,1
O006928,P0028,1
O006928,P0052,1
O006929,P0093,1
O006929,P0054,1
O006930,P0065,3
O006931,P0052,3
O006931,P0053,1
O006931,P0061,1
O006931,P0058,2
O006932,P0048,2
O006933,P0016,1
O006934,P0085,1
O006935,P0094,1
O006935,P0018,1
O006936,P0042,1
O006936,P0095,1
O006936,P0030,1
O006937,P0014,1
O006938,P0015,3
O006939,P0029,1
O006940,P0075,1
O006940,P0084,2
O006941,P0053,3
O006941,P0080,1
O006942,P0005,2
O006942,P0010,1
O006942,P0044,1
O006942,P0078,1
O006943,P0033,1
O006944,P0070,3
O006945,P0090,1
O006946,P0001,2
O006947,P0092,1
O006947,P0045,3
O006948,P0068,1
O006949,P0060,1
O006950,P0058,1
O006951,P0052,2
O006951,P0001,1
O006951,P0093,2
O006952,P0045,1
O006952,P0072,1
O006953,P0068,1
O006953,P0045,3
O006953,P0073,3
O006954,P0021,3
O006955,P0056,1
O006956,P0042,1
O006956,P0066,2
O006957,P0078,1
O006958,P0075,1
O006959,P0053,3
O006959,P0078,3
O006959,P0018,1
O006960,P0068,3
O006960,P0005,1
O006961,P0048,2
O006961,P0057,1
O006962,P0045,1
O006963,P0017,1
O006963,P0047,2
O006963,P0091,3
O006964,P0028,1
O006965,P0085,1
O006965,P0080,1
O006966,P0038,1
O006966,P0032,1
O006966,P0070,1
O006966,P0072,1
O006967,P0085,1
O006967,P0034,1
O006968,P0088,2
O006969,P0043,1
O006969,P0081,2
O006970,P0033,1
O006970,P0002,3
O006971,P0032,2
O006972,P0036,2
O006973,P0048,1
O006973,P0040,1
O006973,P0034,2
O006974,P0028,3
O006975,P0084,3
O006976,P0047,2
O006977,P0067,1
O006978,P0022,1
O006979,P0017,1
O006980,P0016,1
O006981,P0009,1
O006982,P0036,1
O006983,P0047,3
O006984,P0081,1
O006985,P0069,1
O006986,P0093,3
O006986,P0077,1
O006987,P0013,1
O006987,P0001,1
O006988,P0095,3
O006989,P0056,2
O006990,P0030,1
O006991,P0083,1
O006991,P0011,2
O006992,P0051,1
O006993,P0066,3
O006994,P0057,1
O006995,P0009,2
O006995,P0015,1
O006995,P0023,1
O006996,P0026,3
O006997,P0053,2
O006998,P0019,1
O006998,P0040,2
O006999,P0067,3
O007000,P0071,1
O007000,P0073,3
O007000,P0008,1
O007000,P0075,1
O007001,P0042,1
O007002,P0024,1
O007002,P0003,2
O007003,P0075,1
O007003,P0047,3
O007003,P0062,2
O007003,P0070,1
O007004,P0047,3
O007005,P0092,1
O007006,P0075,1
O007006,P0003,1
O007007,P0080,2
O007007,P0005,3
O007008,P0071,1
O007008,P0069,1
O007009,P0074,2
O007009,P0009,1
O007009,P0045,1
O007009,P0058,1
O007010,P0007,1
O007010,P0038,1
O007010,P0089,1
O007011,P0017,3
O007012,P0046,1
O007013,P0040,2
O007013,P0095,1
O007014,P0052,2
O007015,P0071,1
O007016,P0008,2
O007016,P0001,3
O007017,P0002,3
O007018,P0012,1
O007019,P0031,2
O007020,P0052,1
O007021,P0042,3
O007022,P0093,1
O007022,P0091,3
O007023,P0078,2
O007023,P0079,1
O007023,P0045,2
O007023,P0007,1
O007024,P0011,1
O007024,P0074,1
O007024,P0051,3
O007025,P0073,1
O007026,P0010,2
O007026,P0066,1
O007026,P0019,1
O007027,P0046,2
O007028,P0085,1
O007028,P0016,1
O007028,P0018,3
O007029,P0049,1
O007029,P0061,2
O007030,P0005,2
O007030,P0030,1
O007031,P0061,2
O007032,P0077,3
O007033,P0071,1
O007033,P0009,1
O007033,P0046,1
O007033,P0052,2
O007034,P0081,1
O007034,P0073,1
O007035,P0004,1
O007035,P0013,1
O007035,P0051,2
O007036,P0018,2
O007036,P0008,1
O007036,P0062,1
O007036,P0028,1
O007037,P0068,1
O007038,P0069,1
O007039,P0055,1
O007040,P0042,1
O007041,P0095,3
O007042,P0015,3
O007043,P0003,1
O007043,P0023,1
O007044,P0022,1
O007044,P0037,2
O007044,P0072,2
O007044,P0039,1
O007045,P0091,3
O007045,P0004,1
O007046,P0069,1
O007047,P0011,3
O007048,P0091,1
O007049,P0043,1
O007050,P0023,1
O007051,P0010,2
O007051,P0039,2
O007052,P0037,1
O007053,P0004,1
O007053,P0096,1
O007054,P0065,1
O007055,P0042,2
O007056,P0051,1
O007057,P0025,2
O007058,P0029,1
O007058,P0045,1
O007059,P0062,2
O007060,P0075,2
O007061,P0023,3
O007061,P0060,1
O007061,P0082,1
O007061,P0031,1
O007062,P0003,1
O007062,P0045,1
O007063,P0027,3
O007063,P0011,1
O007064,P0051,2
O007065,P0040,3
O007066,P0086,1
O007066,P0095,1
O007066,P0017,2
O007066,P0065,1
O007067,P0051,1
O007067,P0049,2
O007068,P0081,1
O007069,P0019,1
O007069,P0065,3
O007070,P0086,2
O007070,P0046,1
O007070,P0062,1
O007070,P0077,1
O007071,P0042,1
O007072,P0013,3
O007073,P0003,1
O007074,P0022,1
O007074,P0094,2
O007075,P0089,3
O007075,P0092,3
O007076,P0044,2
O007076,P0017,1
O007076,P0030,1
O007076,P0089,2
O007077,P0004,1
O007078,P0005,1
O007078,P0061,2
O007078,P0004,2
O007079,P0083,1
O007079,P0035,1
O007080,P0078,1
O007081,P0026,1
O007082,P0089,3
O007083,P0076,2
O007083,P0024,2
O007084,P0073,3
O007084,P0096,1
O007084,P0012,1
O007085,P0066,3
O007086,P0071,2
O007087,P0064,3
O007088,P0025,1
O007088,P0022,1
O007089,P0052,2
O007089,P0080,1
O007089,P0073,3
O007090,P0074,2
O007091,P0010,1
O007092,P0079,1
O007093,P0079,3
O007093,P0006,1
O007093,P0065,1
O007094,P0096,3
O007094,P0090,1
O007095,P0080,2
O007095,P0093,1
O007095,P0026,2
O007095,P0050,3
O007096,P0010,1
O007097,P0096,1
O007098,P0067,1
O007099,P0073,1
O007099,P0085,2
O007100,P0008,1
O007100,P0049,1
O007100,P0018,3
O007101,P0024,1
O007102,P0087,3
O007103,P0036,1
O007104,P0034,1
O007105,P0066,1
O007105,P0011,1
O007106,P0059,3
O007106,P0092,1
O007106,P0010,1
O007106,P0053,3
O007107,P0047,2
O007107,P0002,1
O007108,P0024,3
O007109,P0059,2
O007110,P0040,2
O007111,P0015,1
O007112,P0030,2
O007113,P0091,1
O007114,P0029,1
O007115,P0035,2
O007116,P0024,2
O007116,P0077,1
O007117,P0047,1
O007118,P0061,3
O007118,P0007,1
O007119,P0051,3
O007120,P0028,2
O007120,P0062,1
O007120,P0020,1
O007121,P0050,1
O007121,P0007,1
O007122,P0032,1
O007122,P0004,3
O007123,P0012,1
O007124,P0037,1
O007124,P0054,1
O007124,P0090,1
O007124,P0091,2
O007125,P0029,1
O007125,P0032,1
O007126,P0084,1
O007126,P0010,1
O007127,P0012,1
O007128,P0016,1
O007128,P0039,3
O007129,P0003,3
O007130,P0026,1
O007131,P0056,1
O007131,P0040,2
O007132,P0032,1
O007133,P0076,1
O007133,P0020,1
O007133,P0083,1
O007133,P0096,2
O007134,P0080,1
O007135,P0091,3
O007135,P0028,1
O007136,P0092,1
O007137,P0015,3
O007138,P0045,3
O007139,P0062,2
O007140,P0085,1
O007140,P0003,2
O007141,P0093,3
O007141,P0033,3
O007141,P0011,1
O007142,P0021,1
O007142,P0017,3
O007143,P0089,1
O007143,P0092,3
O007143,P0069,1
O007144,P0009,1
O007144,P0025,1
O007145,P0042,1
O007146,P0053,3
O007146,P0038,3
O007147,P0078,2
O007147,P0014,3
O007148,P0094,1
O007149,P0047,1
O007150,P0068,1
O007151,P0013,1
O007152,P0092,1
O007153,P0051,1
O007154,P0045,1
O007154,P0096,3
O007155,P0046,1
O007156,P0035,1
O007157,P0062,1
O007158,P0044,2
O007159,P0051,1
O007159,P0071,1
O007160,P0036,1
O007161,P0058,1
O007162,P0024,1
O007162,P0035,1
O007162,P0066,3
O007163,P0056,1
O007164,P0060,3
O007164,P0034,1
O007164,P0089,1
O007165,P0047,1
O007166,P0066,3
O007167,P0015,1
O007168,P0093,2
O007168,P0073,1
O007169,P0032,1
O007170,P0016,1
O007170,P0075,3
O007171,P0015,1
O007171,P0057,1
O007172,P0009,1
O007172,P0020,1
O007173,P0035,3
O007174,P0048,2
O007174,P0010,3
O007174,P0049,2
O007175,P0019,1
O007176,P0095,1
O007176,P0057,3
O007176,P0011,2
O007176,P0079,2
O007177,P0093,2
O007177,P0094,2
O007178,P0063,1
O007179,P0049,2
O007179,P0009,1
O007179,P0057,1
O007180,P0024,1
O007180,P0028,2
O007180,P0069,3
O007181,P0023,3
O007182,P0049,1
O007183,P0013,2
O007183,P0039,1
O007184,P0057,3
O007184,P0086,2
O007185,P0039,2
O007185,P0096,1
O007186,P0012,2
O007187,P0049,1
O007187,P0018,3
O007187,P0060,3
O007188,P0027,1
O007189,P0031,3
O007189,P0008,2
O007190,P0082,1
O007190,P0039,3
O007190,P0068,2
O007191,P0075,2
O007191,P0053,1
O007191,P0035,1
O007192,P0020,1
O007192,P0065,1
O007192,P0085,1
O007193,P0033,2
O007193,P0065,2
O007194,P0006,3
O007195,P0065,2
O007196,P0043,1
O007197,P0058,1
O007198,P0011,3
O007199,P0004,1
O007199,P0039,1
O007200,P0070,3
O007201,P0008,1
O007202,P0041,1
O007202,P0073,1
O007203,P0064,1
O007203,P0078,2
O007204,P0062,1
O007205,P0025,1
O007206,P0023,1
O007206,P0075,1
O007206,P0060,2
O007206,P0008,1
O007207,P0089,1
O007208,P0096,2
O007209,P0037,1
O007209,P0073,1
O007210,P0012,1
O007210,P0052,3
O007210,P0078,1
O007210,P0028,2
O007211,P0093,1
O007211,P0086,1
O007212,P0008,1
O007213,P0059,3
O007214,P0034,1
O007214,P0081,1
O007215,P0033,2
O007215,P0049,2
O007215,P0001,1
O007215,P0091,1
O007216,P0011,1
O007216,P0079,2
O007217,P0049,1
O007218,P0042,2
O007218,P0005,1
O007219,P0012,1
O007220,P0096,3
O007220,P0059,2
O007221,P0011,2
O007221,P0010,1
O007222,P0059,3
O007222,P0014,3
O007223,P0062,3
O007223,P0027,3
O007224,P0021,1
O007225,P0043,3
O007226,P0086,2
O007226,P0009,1
O007226,P0005,2
O007226,P0026,1
O007227,P0068,2
O007228,P0040,2
O007229,P0063,2
O007229,P0008,1
O007230,P0001,2
O007230,P0057,3
O007231,P0050,1
O007232,P0067,3
O007233,P0011,3
O007233,P0073,3
O007233,P0070,2
O007234,P0006,2
O007235,P0078,1
O007236,P0033,1
O007237,P0093,1
O007238,P0036,1
O007239,P0094,1
O007240,P0091,1
O007241,P0089,1
O007241,P0044,1
O007242,P0055,3
O007242,P0027,1
O007242,P0060,1
O007243,P0012,1
O007244,P0019,2
O007244,P0071,1
O007244,P0027,1
O007245,P0091,2
O007246,P0040,1
O007246,P0037,2
O007247,P0014,1
O007247,P0008,1
O007248,P0029,1
O007249,P0057,1
O007250,P0093,1
O007251,P0088,3
O007251,P0002,1
O007251,P0014,1
O007251,P0033,3
O007252,P0061,2
O007252,P0003,1
O007253,P0017,3
O007254,P0025,2
O007255,P0002,2
O007255,P0003,1
O007256,P0066,2
O007257,P0088,3
O007257,P0008,1
O007257,P0030,1
O007258,P0083,1
O007258,P0052,1
O007258,P0090,3
O007259,P0035,1
O007260,P0001,2
O007261,P0032,1
O007261,P0029,3
O007262,P0079,1
O007262,P0015,1
O007263,P0016,1
O007264,P0090,1
O007265,P0011,1
O007265,P0059,1
O007265,P0045,1
O007266,P0012,2
O007266,P0078,2
O007266,P0025,1
O007267,P0048,1
O007268,P0085,1
O007269,P0045,3
O007269,P0033,3
O007270,P0071,1
O007271,P0034,3
O007272,P0062,1
O007273,P0096,2
O007274,P0072,1
O007274,P0001,3
O007275,P0065,2
O007276,P0040,1
O007276,P0050,3
O007276,P0095,2
O007277,P0051,3
O007278,P0072,2
O007278,P0027,1
O007279,P0072,1
O007280,P0011,1
O007280,P0074,3
O007280,P0055,1
O007281,P0028,1
O007281,P0019,1
O007281,P0074,1
O007281,P0063,2
O007282,P0032,1
O007282,P0054,1
O007282,P0067,3
O007283,P0019,1
O007283,P0007,1
O007284,P0053,1
O007285,P0033,1
O007286,P0074,2
O007287,P0060,1
O007288,P0086,3
O007288,P0080,3
O007288,P0072,1
O007289,P0021,1
O007290,P0038,1
O007291,P0062,3
O007291,P0012,1
O007292,P0043,1
O007292,P0009,1
O007292,P0068,3
O007292,P0039,1
O007293,P0034,3
O007293,P0057,1
O007294,P0095,3
O007294,P0060,2
O007295,P0075,1
O007295,P0005,1
O007296,P0020,3
O007296,P0080,1
O007297,P0071,1
O007298,P0060,1
O007299,P0071,2
O007299,P0084,2
O007300,P0053,1
O007301,P0041,3
O007301,P0006,1
O007302,P0029,3
O007302,P0080,1
O007303,P0086,1
O007304,P0042,3
O007305,P0089,3
O007305,P0047,1
O007305,P0073,1
O007306,P0013,2
O007307,P0012,1
O007308,P0086,1
O007309,P0028,1
O007310,P0043,3
O007311,P0008,2
O007311,P0064,1
O007311,P0024,2
O007312,P0036,1
O007313,P0019,3
O007314,P0077,1
O007314,P0084,3
O007315,P0052,2
O007316,P0096,2
O007317,P0065,3
O007317,P0009,3
O007318,P0080,1
O007319,P0064,3
O007320,P0064,1
O007321,P0055,1
O007321,P0010,2
O007322,P0096,3
O007323,P0067,1
O007324,P0047,1
O007325,P0007,1
O007326,P0056,2
O007327,P0004,2
O007328,P0072,1
O007329,P0007,1
O007330,P0089,1
O007331,P0067,3
O007331,P0084,3
O007332,P0070,3
O007333,P0029,1
O007334,P0078,1
O007334,P0071,1
O007334,P0092,1
O007335,P0058,1
O007335,P0093,1
O007336,P0005,1
O007337,P0018,1
O007337,P0013,1
O007338,P0034,2
O007338,P0077,1
O007338,P0069,1
O007339,P0016,3
O007339,P0033,2
O007339,P0041,1
O007340,P0068,1
O007340,P0060,1
O007341,P0013,1
O007342,P0083,1
O007342,P0076,1
O007343,P0082,1
O007343,P0074,2
O007344,P0055,3
O007344,P0016,1
O007345,P0004,1
O007346,P0066,1
O007347,P0037,1
O007347,P0089,2
O007347,P0018,3
O007347,P0030,2
O007348,P0024,2
O007349,P0014,1
O007350,P0025,3
O007351,P0080,1
O007352,P0081,1
O007353,P0068,1
O007354,P0066,2
O007355,P0049,3
O007356,P0011,1
O007356,P0071,1
O007357,P0044,1
O007357,P0074,1
O007357,P0047,3
O007358,P0033,3
O007358,P0059,3
O007358,P0087,1
O007359,P0075,1
O007359,P0015,1
O007360,P0058,1
O007361,P0054,1
O007361,P0052,1
O007362,P0043,1
O007363,P0052,2
O007364,P0053,1
O007364,P0068,1
O007364,P0018,1
O007364,P0042,2
O007365,P0061,1
O007365,P0081,3
O007365,P0002,3
O007366,P0005,1
O007367,P0026,3
O007367,P0017,1
O007367,P0028,2
O007368,P0024,1
O007369,P0045,3
O007370,P0043,3
O007370,P0079,1
O007371,P0046,3
O007372,P0086,3
O007373,P0025,1
O007374,P0092,1
O007374,P0047,1
O007375,P0031,1
O007376,P0074,2
O007377,P0016,3
O007378,P0006,1
O007378,P0052,2
O007379,P0042,2
O007380,P0079,1
O007380,P0064,3
O007381,P0068,2
O007382,P0008,1
O007383,P0076,1
O007383,P0050,3
O007383,P0027,3
O007384,P0068,3
O007384,P0063,1
O007385,P0008,1
O007385,P0088,3
O007385,P0030,1
O007386,P0093,1
O007387,P0086,2
O007388,P0068,1
O007389,P0046,1
O007389,P0060,1
O007389,P0089,1
O007390,P0069,1
O007391,P0057,1
O007391,P0016,1
O007391,P0092,1
O007392,P0088,1
O007392,P0019,2
O007392,P0061,1
O007393,P0046,3
O007393,P0039,2
O007394,P0091,1
O007395,P0022,2
O007395,P0067,2
O007395,P0060,1
O007396,P0056,3
O007396,P0003,3
O007397,P0065,1
O007397,P0058,1
O007397,P0005,3
O007398,P0040,2
O007398,P0094,1
O007398,P0014,2
O007399,P0008,1
O007400,P0091,1
O007400,P0078,1
O007401,P0094,2
O007401,P0071,2
O007401,P0057,3
O007402,P0096,1
O007402,P0063,1
O007402,P0095,1
O007403,P0015,3
O007403,P0062,3
O007403,P0044,3
O007404,P0087,1
O007405,P0063,3
O007406,P0015,1
O007407,P0005,1
O007407,P0067,3
O007407,P0041,2
O007408,P0052,1
O007409,P0095,1
O007410,P0020,1
O007411,P0020,3
O007411,P0086,2
O007411,P0002,1
O007412,P0089,3
O007413,P0031,1
O007413,P0023,2
O007414,P0090,1
O007414,P0085,1
O007415,P0062,1
O007415,P0084,1
O007416,P0015,2
O007417,P0063,1
O007418,P0004,1
O007419,P0062,2
O007420,P0092,1
O007421,P0090,1
O007422,P0091,1
O007423,P0026,1
O007424,P0012,1
O007425,P0039,1
O007425,P0012,1
O007426,P0030,2
O007426,P0025,1
O007427,P0027,1
O007428,P0058,2
O007429,P0012,3
O007429,P0085,1
O007429,P0044,3
O007429,P0007,1
O007430,P0077,3
O007430,P0095,1
O007431,P0011,1
O007431,P0014,1
O007432,P0035,3
O007433,P0061,3
O007433,P0035,1
O007434,P0072,1
O007434,P0023,1
O007435,P0009,3
O007435,P0026,1
O007436,P0047,2
O007437,P0038,1
O007438,P0034,1
O007438,P0053,1
O007439,P0044,2
O007439,P0048,3
O007440,P0036,1
O007441,P0054,2
O007442,P0069,3
O007443,P0049,1
O007443,P0039,3
O007444,P0069,1
O007445,P0017,2
O007446,P0023,2
O007447,P0033,1
O007448,P0052,1
O007448,P0060,2
O007449,P0040,3
O007449,P0035,1
O007450,P0064,1
O007450,P0051,2
O007450,P0093,3
O007451,P0048,2
O007452,P0061,1
O007452,P0047,1
O007453,P0017,1
O007454,P0053,1
O007455,P0071,1
O007456,P0059,1
O007457,P0043,1
O007458,P0018,3
O007458,P0049,2
O007459,P0070,1
O007459,P0045,3
O007459,P0030,3
O007460,P0017,3
O007461,P0085,3
O007462,P0083,2
O007462,P0015,3
O007463,P0004,3
O007464,P0025,1
O007464,P0054,3
O007465,P0031,2
O007465,P0062,3
O007466,P0039,2
O007467,P0054,2
O007467,P0058,1
O007468,P0081,1
O007468,P0021,2
O007469,P0072,2
O007469,P0067,1
O007469,P0007,1
O007469,P0012,1
O007470,P0024,1
O007471,P0018,3
O007472,P0006,1
O007473,P0012,1
O007474,P0071,2
O007475,P0076,3
O007476,P0038,1
O007477,P0041,2
O007477,P0078,2
O007477,P0006,1
O007477,P0034,3
O007478,P0041,1
O007478,P0054,1
O007478,P0056,1
O007479,P0064,1
O007479,P0068,1
O007480,P0046,1
O007481,P0069,3
O007481,P0094,1
O007481,P0004,3
O007482,P0041,1
O007483,P0028,1
O007484,P0087,1
O007485,P0008,1
O007486,P0083,1
O007486,P0062,3
O007487,P0063,1
O007488,P0063,1
O007489,P0081,1
O007490,P0076,3
O007491,P0092,1
O007491,P0077,1
O007492,P0073,1
O007493,P0057,1
O007494,P0042,1
O007495,P0058,1
O007496,P0006,1
O007496,P0087,3
O007497,P0021,1
O007497,P0054,3
O007498,P0076,3
O007499,P0059,1
O007500,P0011,3
O007501,P0008,2
O007502,P0067,1
O007502,P0090,1
O007502,P0051,3
O007503,P0091,1
O007503,P0068,1
O007504,P0049,1
O007505,P0067,2
O007506,P0005,3
O007507,P0054,1
O007507,P0069,1
O007508,P0057,1
O007509,P0096,1
O007510,P0054,2
O007511,P0060,1
O007512,P0063,1
O007513,P0080,1
O007514,P0058,1
O007514,P0094,1
O007515,P0023,2
O007515,P0022,1
O007516,P0005,1
O007516,P0006,1
O007517,P0036,3
O007518,P0003,3
O007518,P0058,1
O007519,P0027,1
O007520,P0010,1
O007520,P0014,1
O007521,P0072,3
O007522,P0050,1
O007522,P0053,2
O007523,P0036,1
O007524,P0069,1
O007525,P0039,1
O007526,P0096,1
O007526,P0016,1
O007526,P0058,1
O007526,P0051,1
O007527,P0072,3
O007528,P0093,3
O007529,P0082,1
O007529,P0054,3
O007530,P0044,1
O007531,P0048,2
O007531,P0050,1
O007532,P0068,2
O007532,P0053,1
O007533,P0050,1
O007534,P0018,1
O007534,P0090,1
O007534,P0038,2
O007534,P0075,1
O007535,P0044,1
O007536,P0010,2
O007537,P0018,1
O007538,P0040,1
O007539,P0018,1
O007540,P0044,1
O007541,P0083,1
O007541,P0024,2
O007541,P0090,1
O007542,P0017,1
O007542,P0018,1
O007543,P0079,1
O007544,P0048,1
O007544,P0092,1
O007545,P0055,1
O007546,P0042,3
O007547,P0085,1
O007547,P0061,1
O007548,P0082,1
O007549,P0060,1
O007549,P0034,2
O007549,P0040,3
O007550,P0059,1
O007550,P0092,1
O007551,P0090,2
O007551,P0096,1
O007552,P0008,3
O007553,P0074,1
O007553,P0086,1
O007554,P0048,2
O007555,P0026,1
O007556,P0018,2
O007557,P0041,1
O007558,P0046,2
O007559,P0088,2
O007559,P0046,3
O007560,P0023,1
O007561,P0037,3
O007561,P0068,1
O007561,P0081,3
O007562,P0093,3
O007563,P0014,2
O007563,P0003,3
O007563,P0079,3
O007564,P0051,1
O007565,P0007,2
O007566,P0018,1
O007567,P0090,3
O007567,P0056,1
O007567,P0023,2
O007568,P0034,3
O007569,P0094,3
O007570,P0073,1
O007571,P0013,1
O007572,P0070,3
O007573,P0020,2
O007574,P0033,1
O007575,P0061,3
O007576,P0035,2
O007577,P0083,1
O007578,P0040,3
O007578,P0036,1
O007579,P0039,3
O007579,P0088,1
O007580,P0014,1
O007580,P0065,3
O007580,P0033,1
O007581,P0081,1
O007581,P0017,3
O007582,P0051,1
O007582,P0073,1
O007583,P0008,1
O007583,P0066,3
O007584,P0070,1
O007584,P0025,3
O007584,P0041,1
O007585,P0024,3
O007585,P0040,3
O007586,P0034,2
O007587,P0089,1
O007588,P0030,1
O007589,P0071,1
O007589,P0086,1
O007589,P0068,1
O007590,P0026,2
O007590,P0046,3
O007591,P0014,1
O007591,P0051,1
O007592,P0063,3
O007593,P0028,1
O007594,P0055,1
O007595,P0016,1
O007596,P0017,2
O007596,P0006,1
O007597,P0006,1
O007597,P0003,1
O007598,P0072,1
O007599,P0054,3
O007599,P0023,1
O007600,P0004,3
O007601,P0037,1
O007602,P0045,1
O007602,P0040,1
O007603,P0076,1
O007604,P0050,1
O007604,P0059,1
O007605,P0031,2
O007605,P0092,1
O007606,P0013,1
O007607,P0060,1
O007608,P0049,1
O007608,P0042,1
O007608,P0028,2
O007608,P0088,3
O007609,P0085,1
O007609,P0026,1
O007609,P0061,3
O007610,P0062,1
O007610,P0037,1
O007611,P0059,1
O007611,P0048,3
O007612,P0033,1
O007613,P0083,1
O007614,P0061,3
O007615,P0023,1
O007616,P0071,1
O007617,P0009,3
O007618,P0037,2
O007618,P0053,1
O007619,P0093,1
O007620,P0069,1
O007621,P0085,1
O007621,P0048,1
O007621,P0018,1
O007621,P0055,1
O007622,P0050,2
O007623,P0033,3
O007624,P0040,1
O007625,P0096,1
O007626,P0010,3
O007626,P0054,2
O007626,P0056,1
O007626,P0089,3
O007627,P0018,1
O007628,P0038,1
O007629,P0085,1
O007630,P0027,1
O007630,P0042,1
O007631,P0057,1
O007632,P0094,1
O007632,P0096,1
O007632,P0066,1
O007632,P0087,3
O007633,P0002,1
O007633,P0033,1
O007633,P0030,1
O007634,P0060,1
O007635,P0057,1
O007635,P0081,1
O007636,P0024,2
O007637,P0062,3
O007638,P0013,1
O007638,P0080,1
O007638,P0012,1
O007639,P0046,1
O007640,P0068,2
O007641,P0010,3
O007641,P0049,2
O007642,P0064,1
O007643,P0047,1
O007644,P0035,1
O007644,P0007,1
O007644,P0085,3
O007645,P0095,3
O007646,P0088,2
O007646,P0030,2
O007646,P0031,1
O007647,P0076,1
O007647,P0057,1
O007647,P0069,1
O007647,P0008,1
O007648,P0065,2
O007648,P0083,1
O007649,P0055,1
O007649,P0036,1
O007650,P0058,2
O007650,P0036,1
O007650,P0067,2
O007650,P0042,3
O007651,P0046,1
O007652,P0078,1
O007652,P0026,2
O007653,P0023,1
O007654,P0008,1
O007655,P0066,3
O007656,P0050,3
O007656,P0035,1
O007656,P0062,2
O007657,P0046,3
O007658,P0091,1
O007658,P0061,2
O007659,P0062,3
O007660,P0057,1
O007661,P0094,1
O007662,P0090,1
O007663,P0027,1
O007664,P0017,3
O007665,P0090,2
O007666,P0095,3
O007667,P0093,2
O007667,P0007,1
O007668,P0069,3
O007668,P0002,1
O007669,P0038,1
O007670,P0079,3
O007670,P0011,1
O007671,P0052,2
O007671,P0035,3
O007672,P0076,1
O007672,P0080,3
O007672,P0058,1
O007672,P0085,1
O007673,P0055,2
O007674,P0043,1
O007675,P0041,2
O007675,P0029,3
O007676,P0083,1
O007677,P0010,3
O007677,P0032,1
O007677,P0059,1
O007677,P0082,3
O007678,P0084,2
O007679,P0015,1
O007680,P0032,1
O007681,P0072,2
O007682,P0072,1
O007682,P0025,2
O007683,P0037,2
O007683,P0028,2
O007684,P0005,1
O007684,P0078,3
O007685,P0028,1
O007686,P0085,3
O007686,P0072,1
O007686,P0032,2
O007687,P0070,1
O007688,P0083,2
O007689,P0060,3
O007689,P0082,1
O007689,P0007,3
O007690,P0074,1
O007690,P0059,1
O007690,P0063,1
O007691,P0088,1
O007692,P0020,1
O007693,P0066,1
O007693,P0022,1
O007694,P0090,1
O007695,P0015,1
O007695,P0063,3
O007696,P0025,1
O007696,P0088,2
O007697,P0070,1
O007697,P0048,1
O007697,P0094,1
O007698,P0074,1
O007698,P0047,1
O007698,P0072,1
O007699,P0073,1
O007699,P0081,2
O007699,P0068,2
O007699,P0091,2
O007700,P0086,2
O007700,P0095,1
O007700,P0059,3
O007701,P0002,1
O007701,P0028,3
O007702,P0080,2
O007703,P0095,1
O007704,P0068,1
O007705,P0002,3
O007706,P0019,1
O007707,P0053,2
O007707,P0022,1
O007707,P0081,1
O007707,P0078,1
O007708,P0055,2
O007708,P0023,1
O007708,P0059,1
O007709,P0024,1
O007710,P0006,1
O007710,P0091,1
O007711,P0007,3
O007711,P0024,2
O007712,P0081,3
O007712,P0074,1
O007713,P0010,2
O007714,P0023,1
O007715,P0095,2
O007715,P0047,3
O007715,P0076,1
O007716,P0025,1
O007717,P0067,1
O007718,P0055,3
O007718,P0054,1
O007718,P0076,1
O007719,P0007,1
O007720,P0092,1
O007720,P0011,3
O007721,P0058,3
O007721,P0017,1
O007722,P0032,1
O007722,P0039,1
O007723,P0071,1
O007723,P0065,2
O007724,P0063,3
O007725,P0084,3
O007725,P0034,2
O007726,P0020,1
O007727,P0064,1
O007727,P0032,3
O007728,P0044,2
O007729,P0044,1
O007729,P0081,1
O007729,P0039,1
O007730,P0004,1
O007731,P0028,3
O007731,P0079,1
O007732,P0024,1
O007733,P0044,1
O007734,P0071,1
O007735,P0058,1
O007736,P0094,1
O007736,P0017,1
O007736,P0096,1
O007736,P0062,1
O007737,P0037,3
O007738,P0073,3
O007739,P0070,2
O007740,P0048,1
O007740,P0052,3
O007741,P0093,1
O007742,P0007,1
O007742,P0054,2
O007743,P0084,1
O007744,P0049,1
O007745,P0079,1
O007745,P0074,1
O007745,P0089,2
O007746,P0021,1
O007746,P0083,2
O007746,P0090,2
O007747,P0024,2
O007748,P0081,1
O007749,P0026,1
O007750,P0034,2
O007751,P0025,1
O007752,P0073,3
O007752,P0095,1
O007752,P0015,1
O007753,P0043,2
O007753,P0033,1
O007754,P0046,1
O007754,P0069,2
O007754,P0002,2
O007755,P0024,1
O007756,P0067,1
O007757,P0069,1
O007757,P0065,3
O007758,P0075,2
O007759,P0020,1
O007759,P0063,3
O007760,P0094,2
O007761,P0012,1
O007762,P0078,1
O007763,P0060,1
O007763,P0066,1
O007764,P0028,1
O007765,P0079,2
O007765,P0075,1
O007765,P0020,2
O007766,P0002,1
O007766,P0052,1
O007767,P0023,1
O007767,P0076,2
O007768,P0008,1
O007768,P0003,1
O007768,P0004,3
O007769,P0043,1
O007770,P0021,1
O007771,P0009,1
O007771,P0040,1
O007771,P0088,2
O007772,P0040,2
O007772,P0004,1
O007773,P0027,2
O007774,P0004,1
O007774,P0081,3
O007775,P0053,2
O007775,P0041,2
O007776,P0006,3
O007776,P0037,2
O007777,P0040,1
O007778,P0086,1
O007778,P0028,3
O007778,P0004,3
O007778,P0064,1
O007779,P0004,2
O007780,P0011,1
O007781,P0064,1
O007782,P0027,1
O007782,P0002,3
O007782,P0005,1
O007782,P0030,1
O007783,P0061,1
O007784,P0064,2
O007784,P0033,1
O007784,P0024,1
O007785,P0077,1
O007786,P0087,1
O007787,P0052,1
O007788,P0091,1
O007789,P0027,3
O007790,P0047,1
O007791,P0008,3
O007792,P0051,2
O007793,P0041,1
O007794,P0084,3
O007794,P0005,1
O007795,P0069,2
O007795,P0023,1
O007796,P0008,2
O007796,P0045,1
O007796,P0078,2
O007797,P0054,1
O007797,P0056,3
O007797,P0090,2
O007798,P0045,2
O007799,P0094,3
O007800,P0084,1
O007800,P0028,2
O007800,P0072,1
O007801,P0061,1
O007801,P0002,1
O007802,P0039,2
O007803,P0015,2
O007803,P0070,1
O007804,P0010,1
O007804,P0043,3
O007804,P0070,2
O007804,P0057,3
O007805,P0069,3
O007806,P0032,1
O007806,P0039,3
O007807,P0060,1
O007808,P0081,2
O007809,P0051,2
O007810,P0008,1
O007811,P0092,1
O007812,P0071,1
O007813,P0056,3
O007813,P0017,3
O007814,P0070,1
O007815,P0079,1
O007815,P0027,1
O007815,P0004,1
O007815,P0094,1
O007816,P0007,1
O007816,P0010,2
O007816,P0062,1
O007817,P0086,1
O007818,P0050,1
O007818,P0025,2
O007819,P0024,1
O007819,P0038,1
O007820,P0031,1
O007820,P0062,3
O007821,P0006,1
O007822,P0050,1
O007822,P0091,3
O007823,P0024,1
O007824,P0068,1
O007825,P0049,2
O007826,P0090,1
O007827,P0025,1
O007828,P0008,1
O007828,P0013,1
O007828,P0070,2
O007828,P0063,1
O007829,P0009,1
O007830,P0023,2
O007831,P0061,3
O007832,P0074,1
O007833,P0011,2
O007834,P0006,1
O007834,P0093,1
O007835,P0003,3
O007835,P0065,1
O007835,P0051,3
O007835,P0040,1
O007836,P0066,1
O007836,P0040,1
O007837,P0032,1
O007837,P0092,1
O007838,P0092,1
O007838,P0027,3
O007838,P0060,1
O007839,P0067,1
O007840,P0048,3
O007840,P0013,3
O007840,P0025,1
O007841,P0014,1
O007842,P0065,1
O007843,P0059,1
O007844,P0016,3
O007845,P0050,3
O007846,P0002,1
O007846,P0055,1
O007846,P0020,1
O007847,P0021,3
O007848,P0052,1
O007849,P0096,3
O007849,P0050,1
O007850,P0093,2
O007851,P0040,1
O007852,P0058,1
O007852,P0055,3
O007852,P0081,1
O007852,P0092,1
O007853,P0085,1
O007853,P0057,1
O007854,P0036,1
O007854,P0028,1
O007854,P0084,1
O007855,P0040,1
O007856,P0031,3
O007857,P0018,2
O007857,P0066,1
O007858,P0016,1
O007859,P0039,3
O007860,P0046,1
O007861,P0011,1
O007861,P0036,1
O007861,P0018,3
O007862,P0050,1
O007862,P0001,1
O007862,P0047,1
O007863,P0076,1
O007863,P0021,1
O007863,P0003,1
O007864,P0001,1
O007865,P0004,3
O007865,P0056,3
O007866,P0059,3
O007867,P0052,3
O007867,P0031,1
O007867,P0055,3
O007867,P0029,1
O007868,P0030,1
O007869,P0051,3
O007870,P0092,1
O007870,P0078,3
O007870,P0093,3
O007871,P0089,1
O007871,P0070,3
O007871,P0028,1
O007872,P0063,3
O007872,P0087,1
O007873,P0048,3
O007873,P0010,1
O007874,P0022,3
O007875,P0075,2
O007876,P0076,2
O007876,P0035,1
O007877,P0051,1
O007878,P0044,1
O007879,P0004,1
O007880,P0089,1
O007881,P0086,1
O007882,P0046,3
O007883,P0077,1
O007883,P0040,1
O007884,P0045,1
O007885,P0046,3
O007885,P0060,3
O007886,P0080,1
O007886,P0057,2
O007886,P0022,1
O007887,P0093,1
O007887,P0002,1
O007888,P0041,1
O007889,P0084,3
O007890,P0062,2
O007890,P0016,1
O007891,P0031,3
O007891,P0016,1
O007892,P0006,1
O007892,P0005,1
O007893,P0056,2
O007894,P0055,1
O007894,P0018,1
O007895,P0093,1
O007896,P0078,1
O007896,P0007,1
O007897,P0032,1
O007898,P0020,2
O007899,P0088,2
O007899,P0093,1
O007900,P0075,2
O007901,P0083,3
O007902,P0095,1
O007902,P0035,3
O007903,P0013,3
O007904,P0032,2
O007904,P0089,1
O007905,P0088,1
O007905,P0048,1
O007906,P0058,3
O007906,P0001,1
O007906,P0074,3
O007906,P0057,1
O007907,P0057,1
O007908,P0076,1
O007908,P0080,1
O007908,P0033,2
O007909,P0013,1
O007909,P0011,1
O007910,P0034,2
O007910,P0062,3
O007910,P0078,1
O007911,P0084,1
O007911,P0060,1
O007912,P0085,2
O007912,P0010,2
O007913,P0090,1
O007914,P0015,2
O007914,P0010,1
O007914,P0084,1
O007914,P0032,1
O007915,P0096,3
O007916,P0014,3
O007916,P0011,1
O007916,P0064,3
O007916,P0085,1
O007917,P0077,1
O007918,P0026,3
O007919,P0043,3
O007920,P0067,3
O007921,P0061,1
O007922,P0026,2
O007922,P0060,1
O007923,P0089,2
O007924,P0055,1
O007924,P0030,2
O007925,P0013,1
O007926,P0075,2
O007926,P0001,1
O007926,P0025,2
O007927,P0063,1
O007927,P0089,1
O007927,P0070,1
O007928,P0036,3
O007929,P0040,1
O007930,P0034,1
O007930,P0074,2
O007931,P0065,1
O007932,P0020,1
O007933,P0068,1
O007934,P0042,1
O007935,P0016,1
O007935,P0018,2
O007935,P0088,1
O007935,P0038,1
O007936,P0067,2
O007936,P0021,1
O007936,P0040,1
O007936,P0052,1
O007937,P0061,3
O007937,P0056,1
O007937,P0032,1
O007938,P0057,1
O007938,P0033,1
O007939,P0047,3
O007940,P0038,1
O007941,P0022,1
O007941,P0056,1
O007941,P0075,1
O007941,P0020,1
O007942,P0014,1
O007943,P0057,3
O007944,P0058,1
O007945,P0057,1
O007945,P0086,3
O007945,P0036,3
O007945,P0037,1
O007946,P0095,1
O007947,P0078,2
O007948,P0071,1
O007948,P0048,3
O007948,P0030,1
O007949,P0046,1
O007949,P0064,1
O007950,P0083,1
O007951,P0056,3
O007952,P0032,3
O007953,P0040,2
O007953,P0034,1
O007953,P0018,3
O007954,P0055,1
O007955,P0001,1
O007955,P0039,1
O007956,P0087,1
O007956,P0012,2
O007957,P0034,1
O007957,P0090,1
O007958,P0051,1
O007958,P0087,1
O007958,P0046,2
O007959,P0048,1
O007959,P0046,1
O007960,P0035,3
O007961,P0050,1
O007962,P0075,3
O007963,P0019,3
O007963,P0035,1
O007964,P0028,2
O007965,P0035,2
O007965,P0029,2
O007966,P0070,1
O007966,P0018,3
O007967,P0085,3
O007967,P0033,2
O007968,P0020,2
O007969,P0010,1
O007970,P0015,1
O007970,P0080,1
O007971,P0044,1
O007971,P0060,1
O007972,P0063,2
O007973,P0052,3
O007973,P0081,1
O007974,P0010,1
O007974,P0011,1
O007975,P0073,1
O007976,P0003,1
O007977,P0028,3
O007978,P0006,1
O007978,P0090,1
O007979,P0088,2
O007980,P0095,1
O007981,P0055,1
O007981,P0088,1
O007982,P0069,2
O007983,P0040,3
O007984,P0096,3
O007984,P0053,1
O007984,P0061,1
O007985,P0001,1
O007985,P0043,1
O007986,P0089,2
O007987,P0062,3
O007988,P0004,3
O007988,P0058,1
O007989,P0096,1
O007990,P0003,1
O007991,P0073,2
O007991,P0014,3
O007992,P0064,3
O007993,P0091,1
O007993,P0051,1
O007994,P0035,2
O007995,P0007,1
O007995,P0021,2
O007996,P0015,3
O007996,P0069,1
O007997,P0076,1
O007997,P0058,1
O007998,P0020,1
O007999,P0006,3
O007999,P0062,1
O007999,P0063,3
O008000,P0086,1
O008000,P0062,1
O008000,P0079,2
O008001,P0017,3
O008002,P0074,1
O008002,P0009,1
O008003,P0030,3
O008004,P0049,1
O008004,P0088,1
O008005,P0006,1
O008005,P0009,1
O008006,P0070,2
O008007,P0057,2
O008007,P0080,2
O008008,P0094,3
O008009,P0029,1
O008009,P0071,3
O008010,P0056,2
O008011,P0025,1
O008012,P0054,1
O008013,P0089,2
O008014,P0042,2
O008015,P0054,1
O008015,P0015,1
O008015,P0053,2
O008015,P0034,1
O008016,P0018,1
O008016,P0021,2
O008017,P0002,1
O008017,P0067,2
O008017,P0088,1
O008018,P0081,2
O008019,P0020,1
O008019,P0004,1
O008020,P0094,3
O008021,P0056,1
O008022,P0017,2
O008023,P0044,1
O008024,P0076,1
O008024,P0028,1
O008024,P0022,1
O008025,P0010,2
O008026,P0015,1
O008027,P0021,1
O008028,P0022,2
O008028,P0035,1
O008029,P0095,1
O008030,P0047,1
O008030,P0078,3
O008030,P0036,1
O008030,P0056,1
O008031,P0002,1
O008032,P0064,1
O008032,P0063,1
O008033,P0096,3
O008033,P0025,1
O008034,P0031,1
O008035,P0086,1
O008035,P0089,2
O008036,P0059,2
O008037,P0015,1
O008037,P0067,1
O008037,P0036,1
O008038,P0085,2
O008039,P0028,3
O008040,P0018,2
O008040,P0005,2
O008040,P0012,3
O008041,P0058,3
O008042,P0066,1
O008042,P0053,1
O008042,P0020,3
O008042,P0078,3
O008043,P0067,3
O008044,P0082,3
O008044,P0012,1
O008045,P0095,2
O008045,P0035,1
O008046,P0071,1
O008046,P0048,1
O008047,P0059,2
O008047,P0052,2
O008048,P0047,1
O008049,P0025,3
O008050,P0096,1
O008050,P0040,1
O008051,P0079,2
O008052,P0086,1
O008053,P0065,1
O008054,P0007,1
O008054,P0057,1
O008054,P0002,3
O008055,P0088,3
O008055,P0053,2
O008055,P0006,1
O008056,P0072,1
O008057,P0011,1
O008058,P0052,1
O008059,P0090,3
O008060,P0076,2
O008060,P0053,3
O008061,P0017,1
O008061,P0072,1
O008062,P0020,1
O008063,P0058,1
O008063,P0033,1
O008064,P0095,1
O008065,P0045,3
O008066,P0030,2
O008067,P0007,1
O008068,P0012,3
O008069,P0056,1
O008070,P0017,1
O008071,P0056,1
O008071,P0001,1
O008072,P0021,1
O008073,P0041,2
O008073,P0091,1
O008074,P0078,1
O008074,P0080,2
O008074,P0021,2
O008075,P0092,2
O008075,P0018,3
O008076,P0089,3
O008077,P0056,1
O008078,P0068,1
O008078,P0041,3
O008079,P0020,2
O008079,P0042,1
O008079,P0033,1
O008080,P0043,1
O008080,P0011,2
O008081,P0034,1
O008082,P0074,1
O008083,P0009,1
O008083,P0003,1
O008083,P0084,2
O008083,P0060,1
O008084,P0076,1
O008085,P0024,3
O008085,P0030,1
O008085,P0039,1
O008085,P0075,1
O008086,P0058,2
O008087,P0082,1
O008087,P0052,1
O008087,P0029,2
O008088,P0006,3
O008089,P0013,2
O008090,P0034,1
O008091,P0023,1
O008091,P0083,2
O008092,P0025,2
O008093,P0040,1
O008093,P0028,1
O008093,P0005,2
O008093,P0075,3
O008094,P0084,2
O008094,P0048,1
O008095,P0048,1
O008096,P0029,1
O008097,P0071,2
O008098,P0036,1
O008099,P0064,3
O008100,P0034,1
O008101,P0053,3
O008101,P0041,3
O008102,P0058,1
O008103,P0016,1
O008104,P0045,1
O008104,P0046,1
O008105,P0052,1
O008105,P0094,1
O008106,P0049,1
O008106,P0056,1
O008106,P0027,1
O008106,P0046,1
O008107,P0026,1
O008107,P0003,3
O008108,P0057,2
O008109,P0081,3
O008109,P0005,3
O008110,P0094,2
O008111,P0032,1
O008111,P0001,3
O008111,P0079,1
O008111,P0002,1
O008112,P0010,3
O008113,P0029,3
O008114,P0026,2
O008115,P0010,1
O008116,P0069,1
O008116,P0026,1
O008116,P0015,1
O008117,P0036,3
O008117,P0093,1
O008117,P0054,1
O008118,P0041,1
O008119,P0095,1
O008119,P0092,3
O008120,P0001,1
O008121,P0086,3
O008121,P0043,1
O008121,P0069,1
O008122,P0021,1
O008122,P0055,1
O008123,P0093,3
O008124,P0048,1
O008125,P0057,3
O008126,P0034,3
O008127,P0052,1
O008127,P0066,1
O008128,P0080,2
O008128,P0051,2
O008128,P0003,3
O008129,P0041,3
O008130,P0006,3
O008130,P0005,3
O008131,P0046,3
O008132,P0068,1
O008133,P0095,1
O008133,P0040,1
O008134,P0012,1
O008134,P0073,2
O008134,P0063,2
O008134,P0068,1
O008135,P0095,1
O008136,P0006,1
O008137,P0085,3
O008138,P0070,1
O008139,P0091,1
O008139,P0009,2
O008140,P0079,2
O008141,P0086,1
O008141,P0091,1
O008141,P0082,2
O008141,P0007,3
O008142,P0022,3
O008143,P0005,1
O008144,P0044,1
O008145,P0043,1
O008145,P0004,1
O008145,P0074,1
O008146,P0030,1
O008147,P0028,2
O008148,P0013,1
O008149,P0090,1
O008150,P0083,1
O008150,P0005,2
O008151,P0014,1
O008152,P0009,3
O008153,P0004,2
O008153,P0081,3
O008153,P0085,1
O008153,P0073,1
O008154,P0020,3
O008155,P0006,1
O008155,P0077,2
O008156,P0063,1
O008157,P0043,1
O008157,P0058,2
O008157,P0077,1
O008158,P0007,3
O008158,P0055,2
O008159,P0021,1
O008160,P0071,2
O008161,P0010,1
O008162,P0022,1
O008162,P0035,3
O008163,P0071,3
O008164,P0087,1
O008164,P0017,1
O008165,P0076,1
O008165,P0074,3
O008166,P0036,2
O008167,P0008,1
O008167,P0086,1
O008167,P0075,3
O008167,P0023,1
O008168,P0053,1
O008169,P0079,1
O008169,P0037,1
O008170,P0082,1
O008171,P0062,3
O008172,P0060,2
O008173,P0077,2
O008174,P0013,1
O008174,P0011,1
O008175,P0088,1
O008176,P0051,1
O008176,P0004,1
O008177,P0036,1
O008178,P0011,3
O008179,P0053,1
O008179,P0014,1
O008180,P0018,2
O008181,P0017,3
O008181,P0075,1
O008181,P0019,3
O008182,P0039,1
O008183,P0063,1
O008184,P0003,3
O008184,P0092,3
O008185,P0023,3
O008186,P0060,3
O008186,P0050,2
O008186,P0015,1
O008187,P0058,2
O008188,P0079,2
O008188,P0015,3
O008189,P0095,1
O008190,P0050,1
O008191,P0063,3
O008192,P0051,1
O008193,P0069,3
O008193,P0085,1
O008194,P0006,1
O008195,P0056,1
O008195,P0053,1
O008195,P0024,3
O008195,P0093,3
O008196,P0074,3
O008197,P0027,1
O008198,P0019,3
O008198,P0046,1
O008199,P0024,1
O008200,P0032,3
O008200,P0061,2
O008201,P0026,3
O008202,P0093,2
O008202,P0055,2
O008203,P0065,1
O008204,P0053,3
O008205,P0043,1
O008206,P0040,1
O008206,P0091,1
O008206,P0061,1
O008207,P0096,1
O008208,P0087,1
O008209,P0086,2
O008209,P0060,3
O008209,P0053,1
O008210,P0083,2
O008211,P0050,2
O008211,P0016,1
O008212,P0027,1
O008212,P0012,1
O008213,P0053,3
O008214,P0008,1
O008214,P0039,3
O008214,P0066,1
O008214,P0042,2
O008215,P0079,1
O008215,P0024,3
O008216,P0012,1
O008217,P0025,1
O008217,P0012,2
O008217,P0089,1
O008218,P0052,1
O008219,P0083,1
O008220,P0065,3
O008221,P0095,3
O008221,P0075,2
O008222,P0001,1
O008222,P0048,3
O008223,P0011,1
O008224,P0064,2
O008225,P0035,1
O008226,P0069,1
O008227,P0088,3
O008227,P0034,2
O008228,P0011,1
O008229,P0028,3
O008229,P0047,1
O008230,P0054,1
O008231,P0092,1
O008231,P0030,1
O008231,P0096,1
O008232,P0083,1
O008233,P0061,1
O008233,P0075,1
O008233,P0058,1
O008233,P0025,1
O008234,P0044,1
O008235,P0032,3
O008235,P0075,1
O008235,P0080,3
O008236,P0032,1
O008237,P0030,2
O008237,P0010,3
O008238,P0014,1
O008238,P0074,3
O008238,P0018,1
O008239,P0077,2
O008240,P0039,3
O008240,P0059,2
O008240,P0019,3
O008241,P0061,2
O008242,P0069,2
O008242,P0009,3
O008243,P0073,1
O008243,P0083,1
O008244,P0028,1
O008244,P0085,1
O008244,P0063,1
O008244,P0022,3
O008245,P0072,1
O008246,P0002,1
O008246,P0033,1
O008247,P0005,1
O008247,P0087,1
O008247,P0027,1
O008248,P0011,1
O008248,P0075,1
O008249,P0027,1
O008249,P0066,1
O008249,P0060,2
O008250,P0021,1
O008250,P0089,2
O008251,P0061,1
O008252,P0034,1
O008252,P0028,1
O008252,P0042,2
O008253,P0072,3
O008254,P0038,3
O008254,P0051,3
O008255,P0015,3
O008256,P0083,1
O008257,P0030,3
O008257,P0037,1
O008258,P0040,1
O008259,P0065,1
O008260,P0060,3
O008261,P0033,1
O008262,P0096,2
O008262,P0090,1
O008262,P0048,1
O008262,P0052,3
O008263,P0055,3
O008264,P0082,1
O008264,P0006,1
O008265,P0081,1
O008265,P0019,1
O008265,P0029,1
O008266,P0063,1
O008266,P0096,3
O008266,P0066,1
O008267,P0066,1
O008268,P0070,2
O008268,P0063,3
O008268,P0048,2
O008269,P0089,1
O008270,P0036,1
O008271,P0072,2
O008271,P0089,1
O008272,P0094,1
O008272,P0039,1
O008273,P0094,3
O008273,P0087,1
O008274,P0031,2
O008275,P0068,1
O008276,P0075,2
O008277,P0036,2
O008277,P0021,3
O008278,P0076,3
O008279,P0053,1
O008280,P0012,1
O008281,P0073,1
O008281,P0071,1
O008282,P0003,1
O008283,P0001,3
O008284,P0017,1
O008285,P0022,2
O008286,P0017,1
O008287,P0045,1
O008288,P0040,3
O008289,P0077,1
O008289,P0003,1
O008290,P0075,1
O008291,P0082,1
O008292,P0032,1
O008293,P0031,1
O008294,P0054,1
O008295,P0084,1
O008296,P0045,2
O008296,P0089,1
O008297,P0040,1
O008297,P0011,1
O008297,P0090,1
O008297,P0038,1
O008298,P0076,1
O008299,P0086,1
O008300,P0094,1
O008300,P0066,3
O008301,P0013,1
O008302,P0073,3
O008303,P0023,1
O008303,P0057,1
O008304,P0035,1
O008304,P0073,2
O008304,P0078,3
O008305,P0055,2
O008306,P0022,3
O008307,P0045,3
O008307,P0019,3
O008307,P0022,3
O008308,P0014,1
O008309,P0066,1
O008310,P0039,2
O008311,P0093,2
O008312,P0075,1
O008312,P0006,1
O008313,P0084,3
O008314,P0063,2
O008314,P0025,1
O008315,P0035,1
O008316,P0093,1
O008316,P0042,1
O008317,P0061,3
O008317,P0007,3
O008318,P0054,1
O008319,P0019,1
O008320,P0018,1
O008321,P0078,2
O008322,P0005,1
O008323,P0013,3
O008324,P0007,2
O008324,P0039,1
O008325,P0026,3
O008326,P0008,1
O008326,P0020,2
O008327,P0027,3
O008327,P0005,1
O008328,P0065,2
O008328,P0080,3
O008329,P0049,2
O008329,P0064,2
O008329,P0080,1
O008330,P0075,1
O008331,P0043,2
O008331,P0034,2
O008331,P0079,2
O008332,P0084,1
O008332,P0011,2
O008333,P0022,1
O008334,P0096,3
O008334,P0018,3
O008334,P0024,1
O008335,P0003,1
O008336,P0047,2
O008337,P0012,1
O008337,P0064,1
O008337,P0096,3
O008338,P0079,1
O008338,P0067,2
O008338,P0003,3
O008339,P0093,1
O008340,P0063,1
O008341,P0081,3
O008341,P0035,3
O008342,P0022,1
O008342,P0055,3
O008342,P0091,3
O008343,P0073,1
O008344,P0056,3
O008344,P0015,3
O008344,P0021,2
O008345,P0072,1
O008345,P0087,1
O008345,P0077,3
O008346,P0058,1
O008346,P0087,2
O008346,P0015,1
O008347,P0035,1
O008348,P0008,3
O008349,P0038,2
O008349,P0015,1
O008350,P0056,2
O008351,P0055,1
O008351,P0089,1
O008351,P0039,1
O008352,P0002,2
O008353,P0088,1
O008354,P0082,1
O008354,P0020,3
O008354,P0019,2
O008355,P0028,1
O008356,P0006,3
O008357,P0089,1
O008358,P0002,1
O008358,P0039,1
O008358,P0013,1
O008359,P0062,1
O008360,P0071,1
O008361,P0056,1
O008361,P0087,1
O008361,P0043,1
O008361,P0006,1
O008362,P0094,1
O008362,P0088,1
O008362,P0085,1
O008362,P0042,2
O008363,P0080,2
O008364,P0046,1
O008364,P0069,2
O008365,P0001,3
O008366,P0034,2
O008367,P0088,1
O008367,P0009,1
O008368,P0062,1
O008369,P0009,3
O008369,P0030,1
O008370,P0026,3
O008370,P0034,1
O008371,P0049,1
O008371,P0074,1
O008372,P0021,3
O008373,P0009,3
O008374,P0007,2
O008375,P0093,1
O008376,P0057,1
O008377,P0021,1
O008378,P0033,1
O008379,P0067,1
O008379,P0090,1
O008380,P0096,2
O008381,P0061,2
O008381,P0029,1
O008381,P0079,1
O008382,P0067,1
O008382,P0006,1
O008383,P0049,1
O008384,P0061,1
O008385,P0033,1
O008386,P0061,1
O008387,P0020,1
O008387,P0054,2
O008388,P0061,1
O008388,P0082,1
O008389,P0028,3
O008389,P0049,1
O008390,P0091,3
O008390,P0022,1
O008391,P0038,1
O008392,P0028,1
O008392,P0044,2
O008393,P0059,1
O008393,P0069,3
O008393,P0029,1
O008393,P0020,1
O008394,P0087,1
O008394,P0092,2
O008394,P0028,3
O008395,P0006,1
O008396,P0057,2
O008396,P0004,1
O008396,P0090,3
O008397,P0063,1
O008397,P0089,2
O008397,P0061,2
O008397,P0087,1
O008398,P0077,2
O008399,P0016,3
O008399,P0054,2
O008399,P0082,1
O008400,P0075,3
O008401,P0049,3
O008401,P0016,3
O008402,P0020,3
O008402,P0021,1
O008403,P0095,1
O008404,P0068,1
O008404,P0023,1
O008405,P0092,1
O008406,P0031,3
O008407,P0029,2
O008407,P0035,1
O008407,P0014,1
O008408,P0072,2
O008408,P0079,1
O008409,P0095,1
O008409,P0066,1
O008410,P0022,3
O008411,P0095,3
O008411,P0018,1
O008412,P0009,1
O008413,P0048,2
O008414,P0046,1
O008414,P0087,2
O008415,P0016,1
O008416,P0024,2
O008417,P0027,2
O008417,P0079,1
O008418,P0073,1
O008418,P0045,1
O008419,P0071,1
O008419,P0070,1
O008420,P0079,1
O008421,P0054,3
O008421,P0096,1
O008421,P0044,1
O008421,P0076,1
O008422,P0056,2
O008423,P0091,1
O008424,P0044,1
O008424,P0034,3
O008425,P0020,2
O008425,P0043,1
O008425,P0059,1
O008426,P0030,1
O008427,P0031,1
O008428,P0078,1
O008428,P0092,1
O008429,P0058,1
O008430,P0036,2
O008431,P0007,1
O008431,P0013,1
O008431,P0083,2
O008431,P0055,1
O008432,P0018,1
O008432,P0067,1
O008432,P0053,1
O008433,P0062,1
O008433,P0079,1
O008434,P0087,3
O008435,P0074,1
O008436,P0008,1
O008436,P0085,3
O008436,P0031,1
O008437,P0080,3
O008438,P0052,3
O008439,P0060,1
O008439,P0034,1
O008439,P0069,1
O008440,P0039,1
O008441,P0025,3
O008442,P0013,3
O008443,P0026,1
O008443,P0031,1
O008444,P0069,1
O008445,P0028,3
O008445,P0093,2
O008445,P0063,2
O008446,P0056,1
O008447,P0012,1
O008448,P0007,2
O008449,P0008,1
O008450,P0038,1
O008450,P0057,1
O008451,P0045,1
O008451,P0008,1
O008452,P0016,1
O008452,P0012,3
O008453,P0095,1
O008454,P0001,1
O008454,P0087,3
O008454,P0055,3
O008455,P0031,3
O008455,P0095,1
O008456,P0055,1
O008456,P0066,1
O008457,P0043,1
O008458,P0006,1
O008459,P0026,3
O008460,P0061,3
O008461,P0054,2
O008461,P0091,2
O008462,P0011,2
O008463,P0063,2
O008464,P0051,3
O008464,P0087,3
O008465,P0050,1
O008466,P0004,2
O008466,P0037,2
O008467,P0027,1
O008467,P0060,1
O008468,P0016,2
O008468,P0010,1
O008469,P0025,3
O008469,P0020,1
O008469,P0028,3
O008470,P0045,1
O008471,P0005,1
O008472,P0078,2
O008473,P0073,1
O008474,P0077,3
O008475,P0013,1
O008475,P0036,3
O008476,P0084,3
O008477,P0060,3
O008477,P0010,2
O008478,P0077,1
O008479,P0050,1
O008480,P0057,1
O008481,P0014,3
O008482,P0040,1
O008483,P0019,1
O008484,P0056,1
O008485,P0084,1
O008486,P0035,3
O008487,P0015,2
O008487,P0082,1
O008488,P0075,1
O008488,P0043,1
O008488,P0059,1
O008489,P0094,2
O008489,P0095,1
O008490,P0038,1
O008490,P0036,1
O008491,P0060,1
O008492,P0024,3
O008493,P0077,1
O008494,P0019,1
O008495,P0014,1
O008496,P0029,3
O008496,P0085,1
O008497,P0009,2
O008497,P0050,1
O008497,P0027,3
O008498,P0043,1
O008498,P0048,3
O008498,P0036,1
O008499,P0092,1
O008500,P0010,1
O008501,P0075,1
O008502,P0033,2
O008502,P0081,2
O008503,P0032,1
O008504,P0006,3
O008504,P0020,3
O008505,P0011,3
O008505,P0095,1
O008505,P0035,3
O008505,P0080,1
O008506,P0048,1
O008506,P0035,1
O008507,P0076,3
O008508,P0091,1
O008508,P0086,1
O008509,P0005,3
O008510,P0041,1
O008510,P0026,1
O008511,P0086,1
O008511,P0034,1
O008512,P0073,1
O008512,P0066,2
O008512,P0074,3
O008512,P0025,3
O008513,P0052,3
O008513,P0094,1
O008514,P0072,1
O008514,P0067,3
O008514,P0021,1
O008514,P0049,3
O008515,P0022,1
O008515,P0077,1
O008516,P0013,1
O008516,P0005,2
O008517,P0069,1
O008518,P0061,2
O008518,P0052,3
O008519,P0009,1
O008520,P0041,1
O008521,P0095,2
O008521,P0004,3
O008522,P0019,1
O008522,P0080,2
O008523,P0036,1
O008524,P0089,1
O008524,P0041,2
O008524,P0038,1
O008525,P0026,1
O008525,P0017,1
O008526,P0074,1
O008527,P0069,1
O008528,P0090,1
O008529,P0002,2
O008529,P0013,1
O008529,P0075,2
O008530,P0054,2
O008531,P0031,2
O008531,P0078,3
O008532,P0030,1
O008533,P0047,1
O008534,P0040,1
O008534,P0031,1
O008534,P0014,1
O008535,P0013,1
O008535,P0074,1
O008536,P0028,3
O008537,P0048,3
O008537,P0093,1
O008538,P0081,1
O008538,P0025,1
O008538,P0007,1
O008539,P0093,1
O008539,P0078,1
O008540,P0088,1
O008541,P0058,3
O008542,P0055,3
O008543,P0002,1
O008543,P0093,1
O008544,P0033,1
O008545,P0065,3
O008546,P0038,2
O008546,P0094,1
O008546,P0060,1
O008546,P0035,1
O008547,P0009,1
O008548,P0058,1
O008548,P0069,1
O008549,P0013,2
O008549,P0070,1
O008549,P0088,3
O008549,P0089,1
O008550,P0027,1
O008551,P0002,2
O008552,P0003,1
O008553,P0092,1
O008553,P0057,1
O008553,P0022,3
O008553,P0035,2
O008554,P0077,1
O008555,P0013,2
O008555,P0081,1
O008556,P0028,2
O008557,P0035,3
O008558,P0039,3
O008558,P0057,3
O008558,P0042,3
O008559,P0087,1
O008560,P0027,2
O008560,P0018,2
O008561,P0003,3
O008561,P0087,1
O008562,P0071,3
O008562,P0083,3
O008562,P0069,3
O008563,P0094,1
O008563,P0088,3
O008563,P0047,1
O008564,P0086,1
O008564,P0009,1
O008564,P0078,1
O008564,P0096,3
O008565,P0064,1
O008566,P0039,1
O008567,P0016,3
O008568,P0089,1
O008569,P0026,3
O008569,P0057,1
O008570,P0009,1
O008571,P0014,1
O008572,P0059,2
O008572,P0001,1
O008572,P0093,2
O008573,P0051,1
O008574,P0043,1
O008574,P0084,3
O008575,P0028,3
O008575,P0058,1
O008575,P0064,1
O008576,P0078,1
O008577,P0023,1
O008578,P0008,1
O008579,P0071,1
O008580,P0039,2
O008581,P0036,1
O008582,P0039,1
O008583,P0053,3
O008583,P0015,1
O008584,P0005,3
O008584,P0082,2
O008585,P0027,3
O008585,P0017,1
O008586,P0074,1
O008586,P0081,2
O008587,P0020,3
O008587,P0076,1
O008588,P0021,1
O008588,P0081,3
O008589,P0046,1
O008590,P0011,1
O008591,P0078,3
O008591,P0064,1
O008592,P0030,1
O008592,P0009,1
O008592,P0096,1
O008593,P0073,1
O008593,P0090,3
O008594,P0083,1
O008595,P0083,3
O008596,P0091,2
O008597,P0026,3
O008597,P0075,1
O008598,P0022,2
O008598,P0067,2
O008599,P0079,3
O008600,P0086,1
O008600,P0051,2
O008600,P0057,2
O008600,P0065,1
O008601,P0064,1
O008602,P0065,2
O008602,P0074,1
O008602,P0078,2
O008603,P0051,3
O008603,P0032,1
O008603,P0026,2
O008604,P0015,3
O008604,P0019,1
O008605,P0028,2
O008606,P0007,2
O008607,P0050,1
O008607,P0017,3
O008608,P0009,1
O008609,P0069,1
O008610,P0009,3
O008611,P0032,2
O008611,P0095,1
O008611,P0052,2
O008612,P0088,3
O008612,P0094,3
O008612,P0012,1
O008613,P0075,1
O008613,P0047,1
O008613,P0065,1
O008614,P0073,1
O008614,P0026,2
O008615,P0029,2
O008616,P0069,1
O008616,P0082,2
O008617,P0009,1
O008617,P0008,2
O008618,P0025,1
O008619,P0054,1
O008619,P0037,1
O008620,P0065,1
O008621,P0034,3
O008622,P0050,1
O008623,P0044,1
O008623,P0041,2
O008623,P0083,1
O008624,P0054,1
O008625,P0056,3
O008625,P0074,1
O008626,P0089,1
O008627,P0078,1
O008627,P0065,1
O008628,P0057,1
O008628,P0039,1
O008628,P0086,1
O008629,P0025,2
O008630,P0039,2
O008630,P0072,1
O008630,P0050,2
O008631,P0030,1
O008631,P0015,3
O008632,P0009,1
O008632,P0057,2
O008633,P0018,2
O008634,P0041,1
O008634,P0037,1
O008634,P0050,1
O008635,P0038,1
O008636,P0008,3
O008637,P0072,1
O008638,P0023,2
O008638,P0025,2
O008639,P0016,3
O008639,P0088,1
O008639,P0045,3
O008639,P0034,1
O008640,P0082,3
O008641,P0012,2
O008641,P0036,1
O008641,P0090,1
O008642,P0028,1
O008643,P0023,2
O008644,P0054,3
O008645,P0060,1
O008645,P0042,2
O008645,P0047,3
O008646,P0006,1
O008646,P0060,1
O008646,P0083,2
O008647,P0089,1
O008647,P0086,1
O008647,P0032,1
O008648,P0034,3
O008648,P0089,1
O008648,P0036,1
O008649,P0053,3
O008650,P0006,1
O008650,P0042,3
O008650,P0029,1
O008651,P0091,3
O008652,P0056,1
O008653,P0041,1
O008654,P0067,2
O008655,P0026,2
O008655,P0053,1
O008656,P0040,1
O008657,P0063,3
O008657,P0093,2
O008658,P0091,1
O008659,P0095,1
O008660,P0056,2
O008661,P0068,3
O008661,P0010,1
O008662,P0051,1
O008662,P0043,1
O008663,P0046,2
O008663,P0073,1
O008664,P0054,2
O008664,P0047,2
O008665,P0090,2
O008665,P0066,1
O008665,P0050,1
O008666,P0005,1
O008667,P0030,1
O008668,P0060,3
O008668,P0028,3
O008669,P0084,2
O008669,P0021,1
O008670,P0024,1
O008671,P0035,2
O008672,P0046,3
O008673,P0090,3
O008674,P0042,2
O008674,P0036,1
O008675,P0086,2
O008676,P0042,3
O008677,P0060,1
O008678,P0050,1
O008679,P0065,1
O008679,P0019,1
O008680,P0073,1
O008681,P0092,1
O008682,P0012,1
O008683,P0073,1
O008684,P0020,3
O008685,P0033,1
O008685,P0003,2
O008686,P0063,3
O008686,P0034,2
O008686,P0094,1
O008687,P0024,1
O008687,P0011,1
O008688,P0036,2
O008689,P0070,1
O008690,P0036,1
O008691,P0031,1
O008692,P0018,1
O008693,P0009,3
O008693,P0060,2
O008693,P0024,3
O008694,P0030,1
O008694,P0045,3
O008695,P0048,2
O008695,P0069,1
O008695,P0036,1
O008696,P0093,2
O008696,P0086,2
O008697,P0007,1
O008697,P0092,2
O008698,P0021,1
O008699,P0075,1
O008700,P0094,2
O008700,P0067,3
O008701,P0070,1
O008702,P0030,1
O008703,P0032,2
O008703,P0042,1
O008703,P0094,3
O008703,P0007,1
O008704,P0091,1
O008704,P0048,3
O008705,P0015,1
O008706,P0018,2
O008707,P0063,3
O008708,P0091,1
O008709,P0032,3
O008709,P0087,1
O008710,P0085,2
O008711,P0018,1
O008711,P0044,1
O008712,P0028,1
O008713,P0079,1
O008714,P0045,3
O008714,P0083,1
O008715,P0003,1
O008715,P0088,2
O008716,P0067,1
O008717,P0044,1
O008718,P0033,1
O008718,P0003,1
O008719,P0070,1
O008720,P0043,3
O008720,P0062,1
O008720,P0051,3
O008721,P0058,1
O008722,P0090,3
O008722,P0019,2
O008723,P0055,2
O008724,P0031,2
O008724,P0017,2
O008724,P0056,1
O008724,P0006,1
O008725,P0089,2
O008725,P0036,1
O008726,P0033,1
O008727,P0029,1
O008727,P0032,3
O008728,P0035,1
O008729,P0055,2
O008729,P0052,1
O008729,P0042,1
O008729,P0094,3
O008730,P0058,1
O008730,P0061,1
O008731,P0091,1
O008732,P0052,1
O008733,P0037,2
O008734,P0026,3
O008735,P0008,1
O008736,P0039,2
O008737,P0034,1
O008738,P0066,3
O008738,P0048,1
O008739,P0040,1
O008739,P0092,3
O008739,P0042,1
O008739,P0070,3
O008740,P0004,3
O008741,P0075,1
O008742,P0047,3
O008742,P0007,2
O008743,P0020,1
O008743,P0062,3
O008743,P0085,1
O008744,P0064,2
O008745,P0077,3
O008745,P0057,3
O008746,P0016,1
O008747,P0073,1
O008748,P0086,2
O008749,P0044,2
O008749,P0081,1
O008750,P0037,3
O008750,P0053,1
O008751,P0061,1
O008752,P0052,1
O008753,P0071,2
O008753,P0026,1
O008753,P0057,1
O008754,P0017,1
O008754,P0038,1
O008754,P0094,1
O008754,P0023,3
O008755,P0060,2
O008756,P0088,3
O008757,P0078,1
O008758,P0082,1
O008758,P0051,1
O008759,P0038,1
O008759,P0092,1
O008759,P0084,1
O008760,P0055,3
O008760,P0091,1
O008760,P0053,2
O008761,P0068,1
O008762,P0058,3
O008763,P0061,1
O008764,P0016,2
O008765,P0087,1
O008765,P0082,1
O008765,P0003,1
O008766,P0012,1
O008766,P0022,1
O008767,P0037,1
O008768,P0083,1
O008768,P0095,1
O008769,P0015,3
O008769,P0043,2
O008770,P0027,1
O008770,P0082,3
O008770,P0058,1
O008771,P0077,1
O008772,P0080,1
O008773,P0090,3
O008773,P0013,2
O008774,P0047,1
O008774,P0039,2
O008775,P0001,1
O008776,P0049,3
O008777,P0050,2
O008778,P0034,2
O008779,P0056,2
O008780,P0041,1
O008780,P0084,1
O008780,P0002,3
O008781,P0038,1
O008782,P0066,1
O008782,P0048,1
O008783,P0009,1
O008783,P0084,1
O008783,P0088,1
O008783,P0044,3
O008784,P0051,1
O008785,P0038,3
O008785,P0036,1
O008786,P0093,1
O008787,P0065,3
O008787,P0093,1
O008788,P0013,1
O008788,P0096,1
O008788,P0010,1
O008789,P0045,1
O008789,P0019,3
O008790,P0091,2
O008791,P0041,1
O008792,P0070,1
O008792,P0010,3
O008793,P0068,1
O008794,P0060,2
O008794,P0048,1
O008794,P0070,1
O008795,P0072,1
O008796,P0037,3
O008796,P0047,2
O008797,P0047,3
O008797,P0003,1
O008798,P0029,2
O008798,P0067,1
O008798,P0038,1
O008799,P0078,2
O008800,P0030,3
O008801,P0073,3
O008801,P0042,1
O008802,P0051,3
O008803,P0064,1
O008803,P0087,1
O008803,P0035,1
O008804,P0067,3
O008804,P0002,2
O008805,P0095,1
O008806,P0001,1
O008807,P0031,2
O008807,P0012,1
O008807,P0089,1
O008807,P0033,1
O008808,P0001,2
O008809,P0007,1
O008809,P0063,1
O008809,P0044,1
O008810,P0070,1
O008811,P0068,1
O008811,P0071,3
O008811,P0075,3
O008812,P0042,2
O008812,P0051,3
O008813,P0014,1
O008814,P0014,3
O008815,P0055,1
O008815,P0080,1
O008816,P0034,1
O008817,P0030,3
O008817,P0016,2
O008817,P0076,3
O008817,P0058,3
O008818,P0024,1
O008818,P0005,3
O008818,P0030,3
O008819,P0090,1
O008819,P0042,1
O008820,P0059,2
O008821,P0017,2
O008821,P0067,1
O008822,P0078,1
O008823,P0050,1
O008824,P0010,1
O008825,P0086,1
O008825,P0061,2
O008826,P0089,1
O008826,P0034,1
O008827,P0054,1
O008828,P0082,1
O008829,P0095,1
O008830,P0037,1
O008830,P0055,3
O008831,P0029,1
O008832,P0020,3
O008832,P0003,1
O008832,P0038,3
O008832,P0023,1
O008833,P0011,1
O008834,P0075,1
O008834,P0003,1
O008835,P0072,3
O008835,P0018,2
O008836,P0059,2
O008836,P0011,1
O008837,P0021,3
O008838,P0027,1
O008838,P0035,3
O008838,P0007,2
O008838,P0093,3
O008839,P0045,1
O008840,P0067,1
O008841,P0012,2
O008841,P0074,3
O008841,P0037,1
O008841,P0008,1
O008842,P0011,3
O008842,P0044,3
O008843,P0027,3
O008843,P0073,1
O008844,P0060,1
O008845,P0071,1
O008845,P0083,1
O008846,P0086,2
O008847,P0093,2
O008848,P0055,1
O008849,P0059,1
O008849,P0094,3
O008850,P0062,3
O008851,P0003,3
O008852,P0014,1
O008853,P0008,3
O008853,P0059,1
O008853,P0047,1
O008854,P0048,1
O008855,P0088,3
O008856,P0070,1
O008856,P0029,2
O008856,P0047,1
O008857,P0081,3
O008858,P0047,2
O008859,P0092,1
O008859,P0094,1
O008859,P0065,3
O008860,P0017,2
O008860,P0069,2
O008861,P0044,1
O008862,P0074,2
O008863,P0020,3
O008864,P0056,1
O008864,P0089,1
O008864,P0049,1
O008864,P0031,2
O008865,P0007,1
O008866,P0093,1
O008866,P0010,1
O008867,P0009,1
O008868,P0078,3
O008868,P0091,3
O008869,P0020,1
O008870,P0043,1
O008871,P0059,1
O008871,P0012,3
O008872,P0056,1
O008872,P0048,3
O008873,P0081,1
O008874,P0036,1
O008875,P0004,2
O008876,P0019,1
O008876,P0020,3
O008877,P0009,2
O008877,P0013,2
O008878,P0090,1
O008879,P0039,1
O008879,P0089,1
O008879,P0016,3
O008880,P0052,1
O008880,P0024,2
O008881,P0039,1
O008881,P0091,1
O008882,P0019,1
O008883,P0069,1
O008884,P0011,3
O008885,P0034,1
O008886,P0017,2
O008887,P0084,1
O008887,P0056,1
O008888,P0004,1
O008888,P0083,1
O008889,P0081,3
O008890,P0063,3
O008891,P0071,1
O008891,P0043,3
O008892,P0033,1
O008892,P0094,3
O008892,P0086,1
O008893,P0027,1
O008893,P0018,1
O008894,P0072,1
O008895,P0030,3
O008896,P0012,2
O008897,P0027,2
O008898,P0032,2
O008899,P0051,2
O008899,P0070,1
O008900,P0062,2
O008901,P0055,1
O008902,P0063,1
O008902,P0035,3
O008903,P0013,1
O008903,P0050,1
O008903,P0016,1
O008904,P0065,1
O008904,P0023,1
O008905,P0007,1
O008906,P0095,1
O008906,P0010,1
O008906,P0082,2
O008906,P0022,1
O008907,P0091,3
O008908,P0054,1
O008909,P0036,1
O008910,P0009,3
O008911,P0055,1
O008912,P0013,2
O008912,P0069,1
O008913,P0005,1
O008914,P0078,3
O008915,P0031,1
O008916,P0087,2
O008917,P0065,1
O008918,P0021,1
O008919,P0007,1
O008919,P0066,3
O008920,P0052,2
O008920,P0067,1
O008921,P0084,3
O008921,P0028,3
O008922,P0056,1
O008923,P0013,1
O008923,P0004,1
O008923,P0072,1
O008924,P0096,3
O008924,P0044,2
O008924,P0023,1
O008925,P0014,1
O008925,P0050,2
O008925,P0088,2
O008926,P0088,2
O008927,P0024,2
O008928,P0094,1
O008928,P0045,1
O008928,P0088,3
O008929,P0006,1
O008929,P0096,1
O008930,P0076,2
O008931,P0079,2
O008932,P0023,2
O008933,P0053,1
O008933,P0043,2
O008934,P0071,1
O008934,P0030,3
O008934,P0058,1
O008935,P0002,2
O008936,P0025,2
O008936,P0014,1
O008937,P0086,1
O008938,P0095,1
O008939,P0030,3
O008939,P0079,3
O008940,P0089,1
O008941,P0012,3
O008942,P0079,1
O008943,P0012,1
O008943,P0053,1
O008943,P0039,1
O008943,P0050,1
O008944,P0043,2
O008945,P0078,2
O008945,P0013,2
O008946,P0043,2
O008947,P0087,1
O008948,P0048,2
O008949,P0058,2
O008950,P0024,1
O008951,P0078,1
O008952,P0059,1
O008953,P0057,1
O008954,P0064,2
O008954,P0088,2
O008955,P0094,1
O008955,P0089,1
O008955,P0057,1
O008956,P0041,2
O008957,P0069,3
O008958,P0030,3
O008958,P0082,2
O008959,P0066,1
O008960,P0086,1
O008961,P0011,3
O008961,P0034,1
O008962,P0051,3
O008963,P0065,1
O008964,P0021,3
O008965,P0091,1
O008966,P0068,3
O008966,P0015,1
O008966,P0063,1
O008966,P0039,2
O008967,P0096,1
O008968,P0078,1
O008969,P0033,1
O008969,P0065,1
O008970,P0032,1
O008971,P0027,2
O008971,P0007,1
O008971,P0049,2
O008972,P0033,2
O008973,P0066,1
O008973,P0051,1
O008973,P0076,2
O008974,P0037,2
O008974,P0027,1
O008975,P0085,1
O008976,P0051,3
O008976,P0032,2
O008977,P0024,2
O008978,P0046,2
O008978,P0092,1
O008978,P0086,1
O008979,P0079,1
O008979,P0082,1
O008979,P0091,1
O008980,P0085,1
O008980,P0005,2
O008981,P0096,2
O008981,P0023,2
O008982,P0002,3
O008983,P0082,2
O008983,P0029,1
O008984,P0066,1
O008985,P0027,2
O008986,P0005,3
O008987,P0063,1
O008987,P0049,3
O008987,P0084,1
O008988,P0018,2
O008988,P0022,1
O008989,P0027,1
O008989,P0057,1
O008990,P0029,1
O008990,P0079,3
O008991,P0048,1
O008992,P0026,1
O008993,P0090,1
O008994,P0065,1
O008994,P0021,3
O008995,P0015,1
O008995,P0079,1
O008996,P0076,1
O008996,P0014,3
O008997,P0012,3
O008998,P0066,1
O008998,P0038,3
O008998,P0017,1
O008998,P0041,2
O008999,P0073,1
O008999,P0088,1
O008999,P0009,1
O009000,P0039,3
O009000,P0094,2
O009000,P0096,1
O009001,P0003,1
O009001,P0049,3
O009002,P0064,3
O009003,P0015,1
O009003,P0091,1
O009003,P0065,3
O009003,P0056,2
O009004,P0058,1
O009005,P0009,1
O009006,P0088,2
O009006,P0016,1
O009007,P0058,1
O009007,P0019,3
O009008,P0026,1
O009009,P0001,1
O009010,P0021,2
O009010,P0015,1
O009011,P0012,2
O009011,P0091,2
O009011,P0042,1
O009012,P0045,1
O009012,P0079,2
O009013,P0066,2
O009014,P0075,1
O009015,P0073,1
O009015,P0085,1
O009016,P0016,3
O009017,P0096,1
O009018,P0067,1
O009019,P0084,3
O009019,P0076,1
O009019,P0061,1
O009019,P0017,3
O009020,P0095,1
O009020,P0021,1
O009021,P0081,1
O009022,P0084,2
O009023,P0084,1
O009024,P0076,1
O009024,P0095,2
O009024,P0027,3
O009024,P0087,1
O009025,P0091,1
O009025,P0062,1
O009026,P0078,1
O009027,P0020,1
O009028,P0094,3
O009028,P0067,1
O009029,P0051,1
O009029,P0065,1
O009030,P0009,3
O009031,P0043,3
O009031,P0045,1
O009032,P0012,2
O009032,P0011,3
O009033,P0044,1
O009034,P0070,1
O009034,P0011,1
O009034,P0052,2
O009035,P0090,1
O009035,P0096,2
O009035,P0077,1
O009036,P0081,3
O009036,P0083,2
O009036,P0089,1
O009037,P0015,2
O009037,P0036,1
O009038,P0062,1
O009038,P0057,3
O009038,P0011,3
O009038,P0006,1
O009039,P0023,2
O009040,P0064,1
O009040,P0013,3
O009040,P0018,1
O009041,P0093,2
O009041,P0003,3
O009041,P0005,1
O009041,P0090,3
O009042,P0061,3
O009042,P0086,2
O009042,P0057,2
O009043,P0039,1
O009044,P0044,2
O009045,P0010,1
O009046,P0076,1
O009046,P0047,3
O009047,P0076,2
O009047,P0059,2
O009048,P0065,3
O009049,P0006,1
O009050,P0042,3
O009050,P0037,3
O009050,P0073,1
O009051,P0025,1
O009051,P0013,1
O009052,P0021,2
O009053,P0039,2
O009053,P0020,1
O009054,P0005,1
O009055,P0093,1
O009055,P0055,2
O009056,P0032,1
O009056,P0085,1
O009056,P0004,1
O009057,P0044,2
O009058,P0087,1
O009058,P0058,3
O009059,P0033,1
O009059,P0075,1
O009059,P0020,1
O009059,P0043,1
O009060,P0058,1
O009061,P0002,2
O009061,P0096,1
O009062,P0059,1
O009062,P0080,1
O009063,P0057,1
O009064,P0062,1
O009065,P0042,1
O009066,P0034,1
O009067,P0020,1
O009068,P0093,1
O009069,P0010,1
O009069,P0021,1
O009069,P0050,2
O009070,P0053,1
O009071,P0034,1
O009071,P0053,1
O009072,P0001,3
O009073,P0089,1
O009074,P0068,1
O009075,P0072,1
O009076,P0052,1
O009076,P0021,3
O009076,P0055,3
O009077,P0078,1
O009077,P0050,1
O009078,P0062,1
O009079,P0075,2
O009080,P0012,3
O009081,P0054,3
O009082,P0050,1
O009082,P0016,1
O009082,P0031,1
O009083,P0072,2
O009084,P0048,1
O009085,P0019,2
O009086,P0077,1
O009087,P0009,1
O009088,P0095,2
O009089,P0007,3
O009089,P0051,2
O009090,P0039,1
O009091,P0022,1
O009092,P0012,1
O009093,P0031,1
O009094,P0074,1
O009094,P0024,1
O009094,P0012,1
O009095,P0065,1
O009096,P0043,3
O009096,P0001,1
O009097,P0048,1
O009097,P0005,1
O009098,P0031,1
O009099,P0088,3
O009099,P0089,3
O009099,P0050,3
O009099,P0076,1
O009100,P0007,3
O009101,P0088,1
O009102,P0047,3
O009103,P0081,1
O009104,P0057,2
O009105,P0036,2
O009105,P0062,1
O009106,P0009,2
O009107,P0080,2
O009108,P0089,1
O009109,P0068,1
O009110,P0083,1
O009110,P0042,1
O009110,P0080,2
O009111,P0086,3
O009112,P0040,1
O009113,P0053,1
O009113,P0006,1
O009114,P0067,1
O009115,P0043,3
O009115,P0034,2
O009115,P0051,2
O009115,P0057,1
O009116,P0001,1
O009117,P0056,2
O009117,P0036,1
O009118,P0047,3
O009119,P0090,1
O009119,P0082,2
O009119,P0095,3
O009120,P0019,1
O009121,P0023,1
O009122,P0008,1
O009123,P0040,1
O009123,P0089,3
O009124,P0025,1
O009124,P0088,1
O009125,P0052,1
O009125,P0053,3
O009125,P0090,2
O009126,P0090,2
O009126,P0007,3
O009127,P0091,2
O009128,P0024,2
O009128,P0014,1
O009128,P0008,1
O009129,P0045,1
O009130,P0037,2
O009131,P0062,2
O009131,P0027,2
O009131,P0017,1
O009132,P0057,1
O009132,P0029,1
O009132,P0066,1
O009133,P0092,1
O009134,P0029,1
O009134,P0070,3
O009135,P0009,1
O009136,P0080,1
O009136,P0093,1
O009137,P0058,2
O009137,P0030,1
O009138,P0067,3
O009138,P0004,1
O009139,P0026,3
O009139,P0021,2
O009140,P0033,3
O009140,P0076,3
O009141,P0064,1
O009141,P0087,3
O009141,P0005,1
O009142,P0009,2
O009142,P0063,1
O009143,P0013,1
O009144,P0061,3
O009145,P0061,3
O009146,P0052,1
O009147,P0005,1
O009148,P0002,1
O009149,P0031,1
O009150,P0010,3
O009151,P0017,3
O009152,P0094,1
O009152,P0019,1
O009153,P0059,2
O009153,P0066,1
O009153,P0075,1
O009153,P0058,1
O009154,P0035,1
O009154,P0088,1
O009155,P0059,2
O009156,P0048,3
O009157,P0012,3
O009157,P0032,1
O009158,P0073,1
O009159,P0019,1
O009159,P0086,1
O009160,P0021,1
O009160,P0005,3
O009161,P0091,2
O009161,P0010,1
O009162,P0058,1
O009162,P0059,1
O009163,P0077,1
O009164,P0021,1
O009165,P0059,1
O009166,P0091,1
O009166,P0043,1
O009167,P0046,2
O009168,P0026,3
O009168,P0084,3
O009168,P0085,1
O009169,P0056,1
O009170,P0001,1
O009170,P0035,1
O009171,P0054,1
O009172,P0054,1
O009173,P0067,1
O009174,P0006,1
O009174,P0071,1
O009174,P0072,2
O009175,P0036,1
O009175,P0080,1
O009176,P0010,1
O009177,P0056,2
O009178,P0018,1
O009178,P0003,1
O009178,P0089,1
O009179,P0085,3
O009180,P0094,1
O009181,P0035,1
O009181,P0060,1
O009181,P0039,1
O009181,P0074,3
O009182,P0010,3
O009182,P0018,1
O009183,P0078,1
O009184,P0069,2
O009185,P0041,2
O009186,P0051,1
O009187,P0068,1
O009187,P0010,2
O009187,P0021,3
O009188,P0055,2
O009189,P0029,1
O009189,P0081,1
O009190,P0056,2
O009191,P0085,3
O009192,P0022,2
O009193,P0044,2
O009194,P0007,3
O009194,P0059,1
O009195,P0046,1
O009196,P0073,2
O009197,P0021,2
O009197,P0013,1
O009198,P0064,1
O009199,P0020,3
O009200,P0071,3
O009201,P0072,2
O009201,P0052,1
O009202,P0053,1
O009203,P0090,1
O009204,P0070,3
O009204,P0037,1
O009205,P0070,1
O009206,P0068,3
O009207,P0080,1
O009208,P0096,2
O009208,P0053,1
O009209,P0031,3
O009209,P0047,2
O009210,P0020,1
O009211,P0091,1
O009212,P0077,1
O009212,P0031,1
O009213,P0088,1
O009213,P0096,1
O009213,P0026,1
O009214,P0043,2
O009214,P0009,1
O009215,P0090,1
O009215,P0043,2
O009216,P0039,3
O009216,P0007,2
O009217,P0002,1
O009217,P0078,3
O009217,P0089,1
O009218,P0056,1
O009219,P0068,1
O009219,P0057,1
O009220,P0017,1
O009220,P0072,1
O009221,P0003,1
O009221,P0076,1
O009222,P0025,2
O009223,P0037,1
O009224,P0036,3
O009225,P0049,2
O009226,P0025,3
O009226,P0094,2
O009226,P0015,1
O009227,P0014,1
O009228,P0096,1
O009229,P0084,1
O009230,P0074,3
O009231,P0020,1
O009231,P0058,3
O009232,P0082,3
O009233,P0085,3
O009234,P0026,2
O009234,P0037,3
O009235,P0065,1
O009236,P0094,2
O009237,P0026,2
O009237,P0001,1
O009238,P0087,2
O009238,P0029,1
O009239,P0094,1
O009239,P0056,1
O009239,P0048,1
O009240,P0081,1
O009241,P0050,1
O009242,P0064,1
O009242,P0058,1
O009243,P0096,1
O009243,P0068,1
O009244,P0023,1
O009245,P0051,1
O009246,P0084,1
O009246,P0054,1
O009247,P0084,2
O009248,P0026,3
O009249,P0060,2
O009250,P0035,1
O009251,P0076,1
O009252,P0016,1
O009253,P0080,2
O009253,P0065,3
O009253,P0035,2
O009254,P0071,3
O009255,P0045,3
O009256,P0087,1
O009256,P0034,1
O009257,P0084,1
O009258,P0047,3
O009259,P0063,3
O009259,P0011,1
O009259,P0015,1
O009260,P0005,1
O009261,P0036,3
O009262,P0070,1
O009262,P0022,2
O009262,P0090,2
O009263,P0012,2
O009263,P0014,2
O009263,P0034,3
O009264,P0059,3
O009265,P0034,3
O009265,P0008,1
O009266,P0018,1
O009266,P0078,1
O009267,P0074,1
O009268,P0035,2
O009269,P0051,1
O009270,P0020,1
O009270,P0002,1
O009270,P0057,1
O009271,P0035,3
O009272,P0010,1
O009273,P0005,3
O009273,P0001,1
O009274,P0050,2
O009274,P0032,2
O009275,P0090,1
O009276,P0057,1
O009276,P0034,1
O009276,P0003,3
O009277,P0039,2
O009278,P0093,3
O009278,P0009,1
O009279,P0047,3
O009280,P0081,1
O009281,P0010,1
O009281,P0072,1
O009282,P0084,1
O009283,P0041,1
O009284,P0051,1
O009284,P0018,1
O009284,P0091,1
O009285,P0069,2
O009285,P0032,3
O009286,P0010,2
O009286,P0061,2
O009287,P0022,1
O009288,P0096,1
O009288,P0036,2
O009289,P0050,1
O009289,P0035,2
O009290,P0005,1
O009290,P0028,1
O009291,P0087,1
O009292,P0054,1
O009293,P0005,3
O009294,P0087,1
O009294,P0045,1
O009295,P0051,1
O009295,P0009,1
O009295,P0034,1
O009295,P0006,1
O009296,P0032,3
O009296,P0084,2
O009297,P0025,3
O009298,P0069,1
O009299,P0033,3
O009299,P0006,2
O009299,P0027,1
O009299,P0019,3
O009300,P0022,1
O009300,P0021,1
O009300,P0052,2
O009301,P0033,1
O009302,P0018,1
O009303,P0049,1
O009304,P0006,1
O009304,P0004,1
O009305,P0009,2
O009306,P0052,1
O009307,P0086,1
O009308,P0037,1
O009308,P0094,2
O009309,P0095,3
O009310,P0074,2
O009311,P0041,1
O009311,P0092,1
O009311,P0052,1
O009312,P0029,1
O009313,P0029,2
O009313,P0056,1
O009313,P0095,2
O009314,P0017,1
O009314,P0073,2
O009315,P0064,1
O009315,P0033,2
O009315,P0007,1
O009316,P0088,3
O009317,P0019,3
O009317,P0096,1
O009318,P0039,1
O009319,P0069,1
O009320,P0059,1
O009320,P0039,2
O009320,P0006,1
O009321,P0027,1
O009322,P0033,2
O009323,P0047,2
O009324,P0074,2
O009324,P0082,1
O009325,P0061,1
O009325,P0012,3
O009325,P0071,1
O009326,P0079,1
O009326,P0038,3
O009327,P0089,2
O009328,P0031,3
O009329,P0031,1
O009330,P0078,2
O009331,P0032,3
O009332,P0061,1
O009333,P0080,1
O009334,P0057,1
O009335,P0060,1
O009335,P0012,1
O009335,P0079,3
O009335,P0067,1
O009336,P0007,1
O009337,P0020,1
O009338,P0023,1
O009338,P0016,1
O009338,P0060,1
O009339,P0030,2
O009340,P0043,2
O009340,P0091,3
O009340,P0047,1
O009341,P0039,2
O009342,P0023,3
O009342,P0062,1
O009343,P0049,1
O009343,P0041,1
O009344,P0089,2
O009344,P0022,1
O009345,P0033,1
O009345,P0046,3
O009346,P0069,1
O009347,P0037,1
O009348,P0031,2
O009348,P0062,1
O009349,P0072,1
O009350,P0081,1
O009351,P0077,1
O009351,P0068,1
O009351,P0073,1
O009352,P0017,2
O009353,P0007,1
O009353,P0029,1
O009354,P0073,1
O009354,P0089,2
O009355,P0009,1
O009355,P0062,1
O009356,P0089,1
O009357,P0056,1
O009358,P0066,1
O009358,P0031,1
O009359,P0091,1
O009359,P0006,2
O009359,P0011,3
O009360,P0071,1
O009360,P0060,3
O009361,P0069,3
O009361,P0077,1
O009362,P0042,1
O009363,P0090,3
O009363,P0010,3
O009364,P0035,1
O009365,P0096,3
O009365,P0012,1
O009366,P0040,3
O009366,P0007,1
O009366,P0004,1
O009367,P0028,1
O009368,P0018,3
O009369,P0041,1
O009370,P0036,3
O009371,P0077,1
O009371,P0069,2
O009372,P0076,2
O009373,P0072,1
O009373,P0081,1
O009373,P0001,1
O009374,P0044,1
O009375,P0080,1
O009375,P0028,2
O009375,P0071,1
O009376,P0028,2
O009376,P0002,3
O009376,P0082,1
O009376,P0051,2
O009377,P0095,2
O009377,P0043,1
O009378,P0034,1
O009379,P0029,2
O009379,P0012,1
O009379,P0038,1
O009380,P0084,3
O009381,P0060,3
O009381,P0075,1
O009382,P0005,3
O009382,P0003,3
O009383,P0006,1
O009384,P0043,2
O009385,P0013,3
O009385,P0011,1
O009386,P0046,1
O009386,P0008,1
O009387,P0031,1
O009388,P0050,1
O009388,P0063,1
O009388,P0046,1
O009389,P0026,3
O009390,P0080,1
O009391,P0055,1
O009392,P0032,3
O009392,P0012,3
O009393,P0030,1
O009394,P0032,2
O009394,P0074,1
O009394,P0016,1
O009394,P0067,1
O009395,P0091,2
O009395,P0077,1
O009395,P0092,1
O009395,P0084,1
O009396,P0025,2
O009396,P0006,1
O009397,P0062,1
O009397,P0052,1
O009398,P0020,1
O009399,P0013,3
O009400,P0039,1
O009401,P0005,1
O009402,P0013,2
O009402,P0094,1
O009403,P0014,1
O009404,P0015,1
O009405,P0004,1
O009406,P0018,1
O009406,P0003,1
O009407,P0052,1
O009408,P0027,1
O009408,P0026,1
O009408,P0044,1
O009408,P0021,1
O009409,P0094,1
O009409,P0001,1
O009410,P0087,3
O009410,P0049,2
O009411,P0068,3
O009412,P0093,1
O009412,P0036,1
O009412,P0092,3
O009413,P0027,1
O009414,P0056,2
O009414,P0028,2
O009415,P0049,1
O009415,P0041,1
O009415,P0042,1
O009415,P0093,1
O009416,P0074,1
O009416,P0010,1
O009417,P0087,1
O009418,P0084,3
O009419,P0023,2
O009419,P0005,3
O009420,P0093,1
O009420,P0042,1
O009421,P0087,2
O009422,P0015,3
O009422,P0096,1
O009422,P0016,3
O009422,P0012,1
O009423,P0058,2
O009423,P0048,1
O009424,P0019,3
O009424,P0093,1
O009425,P0035,1
O009425,P0008,1
O009426,P0032,1
O009427,P0047,1
O009427,P0010,1
O009428,P0081,1
O009429,P0087,2
O009429,P0075,2
O009429,P0074,2
O009430,P0054,1
O009431,P0018,2
O009431,P0020,3
O009432,P0020,2
O009432,P0052,1
O009433,P0047,3
O009433,P0042,1
O009434,P0003,1
O009434,P0084,3
O009435,P0011,1
O009436,P0084,1
O009437,P0069,2
O009437,P0025,1
O009437,P0051,1
O009438,P0050,1
O009438,P0080,1
O009439,P0010,1
O009440,P0013,2
O009440,P0008,1
O009441,P0024,1
O009442,P0068,1
O009443,P0032,2
O009443,P0081,2
O009443,P0065,2
O009444,P0052,1
O009444,P0055,1
O009445,P0010,3
O009446,P0053,3
O009447,P0045,2
O009447,P0058,1
O009448,P0044,3
O009448,P0008,2
O009449,P0074,1
O009450,P0086,2
O009450,P0018,1
O009451,P0038,2
O009451,P0050,1
O009452,P0028,1
O009453,P0041,1
O009453,P0034,3
O009453,P0084,1
O009454,P0090,1
O009455,P0085,2
O009456,P0071,1
O009457,P0016,3
O009458,P0039,3
O009459,P0060,1
O009459,P0005,1
O009460,P0090,1
O009461,P0008,2
O009462,P0059,1
O009463,P0078,3
O009464,P0053,1
O009465,P0048,1
O009465,P0091,3
O009466,P0061,1
O009467,P0061,1
O009468,P0028,1
O009469,P0006,2
O009470,P0050,2
O009470,P0090,3
O009470,P0010,1
O009471,P0033,1
O009472,P0017,3
O009472,P0064,1
O009473,P0050,3
O009474,P0014,1
O009475,P0057,2
O009476,P0084,1
O009476,P0076,2
O009476,P0055,1
O009477,P0095,3
O009477,P0094,1
O009478,P0017,1
O009478,P0034,1
O009478,P0050,2
O009479,P0094,1
O009479,P0091,1
O009479,P0061,1
O009480,P0077,1
O009481,P0024,1
O009482,P0020,3
O009483,P0092,1
O009484,P0046,1
O009484,P0057,2
O009484,P0055,2
O009485,P0058,3
O009486,P0059,1
O009486,P0055,2
O009487,P0085,2
O009488,P0035,2
O009489,P0087,1
O009490,P0019,1
O009491,P0061,3
O009491,P0090,1
O009491,P0095,1
O009491,P0018,1
O009492,P0026,1
O009493,P0092,1
O009494,P0033,3
O009494,P0013,1
O009495,P0058,3
O009496,P0055,1
O009497,P0006,1
O009497,P0043,1
O009497,P0080,1
O009497,P0060,2
O009498,P0060,1
O009499,P0065,1
O009499,P0060,1
O009500,P0096,1
O009501,P0094,1
O009501,P0033,1
O009501,P0057,2
O009501,P0073,1
O009502,P0035,2
O009502,P0080,1
O009502,P0062,2
O009503,P0015,1
O009503,P0017,1
O009504,P0088,3
O009505,P0010,1
O009505,P0022,1
O009506,P0010,1
O009507,P0033,1
O009508,P0022,3
O009508,P0083,1
O009509,P0008,3
O009509,P0067,3
O009509,P0001,3
O009509,P0010,1
O009510,P0083,2
O009510,P0064,1
O009511,P0073,1
O009511,P0037,1
O009512,P0062,1
O009512,P0096,2
O009513,P0029,1
O009513,P0013,1
O009513,P0094,1
O009514,P0032,1
O009515,P0073,1
O009516,P0074,3
O009517,P0036,2
O009518,P0080,2
O009518,P0035,1
O009519,P0095,3
O009519,P0046,1
O009520,P0026,3
O009520,P0011,2
O009520,P0039,2
O009521,P0060,1
O009522,P0008,1
O009522,P0020,3
O009522,P0016,2
O009523,P0062,1
O009524,P0087,1
O009524,P0031,1
O009524,P0059,1
O009525,P0005,1
O009526,P0068,1
O009527,P0038,1
O009528,P0078,1
O009528,P0080,2
O009529,P0084,1
O009529,P0088,2
O009529,P0001,1
O009529,P0037,1
O009530,P0042,1
O009530,P0014,1
O009531,P0061,1
O009532,P0016,2
O009533,P0096,3
O009534,P0029,1
O009534,P0079,2
O009534,P0049,2
O009535,P0057,2
O009535,P0061,1
O009536,P0038,1
O009536,P0035,1
O009536,P0069,1
O009536,P0066,1
O009537,P0046,1
O009538,P0083,3
O009538,P0054,1
O009538,P0044,2
O009539,P0072,1
O009540,P0015,1
O009540,P0051,2
O009541,P0074,3
O009541,P0070,1
O009541,P0042,1
O009542,P0061,1
O009543,P0080,1
O009544,P0015,3
O009544,P0065,1
O009544,P0023,1
O009544,P0016,3
O009545,P0022,1
O009546,P0048,1
O009547,P0005,3
O009548,P0095,1
O009548,P0062,2
O009549,P0038,3
O009549,P0004,1
O009549,P0076,1
O009550,P0031,2
O009550,P0093,2
O009551,P0085,1
O009551,P0002,3
O009552,P0021,3
O009552,P0043,3
O009552,P0031,1
O009553,P0032,1
O009553,P0070,3
O009554,P0091,1
O009555,P0002,1
O009556,P0078,2
O009556,P0047,2
O009556,P0031,2
O009557,P0095,1
O009558,P0009,3
O009558,P0027,1
O009559,P0007,1
O009560,P0026,1
O009561,P0071,1
O009561,P0019,3
O009561,P0048,3
O009562,P0061,1
O009563,P0011,1
O009564,P0057,1
O009565,P0034,1
O009565,P0029,1
O009565,P0005,1
O009566,P0048,3
O009567,P0022,2
O009568,P0057,1
O009568,P0005,2
O009568,P0012,1
O009569,P0053,2
O009570,P0090,1
O009571,P0062,1
O009572,P0047,1
O009573,P0019,1
O009574,P0009,1
O009575,P0055,3
O009576,P0024,3
O009576,P0041,1
O009577,P0078,1
O009577,P0079,1
O009578,P0015,1
O009578,P0076,1
O009579,P0076,3
O009579,P0088,2
O009580,P0034,3
O009581,P0056,2
O009582,P0041,2
O009583,P0056,1
O009584,P0094,3
O009585,P0079,1
O009586,P0001,2
O009587,P0052,3
O009588,P0019,1
O009589,P0012,1
O009589,P0063,1
O009589,P0019,1
O009589,P0070,1
O009590,P0028,1
O009591,P0008,1
O009591,P0065,2
O009591,P0009,1
O009592,P0081,1
O009592,P0082,3
O009593,P0048,3
O009594,P0082,3
O009594,P0035,3
O009594,P0083,1
O009595,P0049,1
O009596,P0087,1
O009596,P0034,1
O009597,P0007,3
O009598,P0075,1
O009599,P0075,2
O009600,P0008,1
O009600,P0055,1
O009600,P0080,3
O009601,P0005,2
O009602,P0076,1
O009603,P0078,2
O009603,P0013,2
O009604,P0073,1
O009605,P0094,1
O009606,P0036,2
O009607,P0064,1
O009608,P0014,1
O009608,P0015,1
O009608,P0029,3
O009609,P0008,3
O009609,P0094,3
O009609,P0051,3
O009610,P0004,1
O009611,P0073,3
O009612,P0034,1
O009613,P0059,2
O009613,P0078,2
O009614,P0062,2
O009615,P0081,1
O009616,P0081,1
O009617,P0040,1
O009618,P0077,1
O009618,P0067,1
O009619,P0008,3
O009619,P0028,1
O009620,P0085,2
O009621,P0074,2
O009622,P0030,1
O009623,P0076,3
O009624,P0058,1
O009624,P0029,1
O009625,P0095,2
O009625,P0056,2
O009625,P0063,1
O009625,P0081,1
O009626,P0008,3
O009627,P0062,3
O009627,P0036,3
O009628,P0027,1
O009629,P0085,1
O009630,P0072,1
O009631,P0075,2
O009632,P0059,3
O009633,P0071,2
O009633,P0063,1
O009633,P0084,1
O009633,P0093,3
O009634,P0012,2
O009635,P0078,2
O009636,P0088,2
O009636,P0096,2
O009637,P0060,1
O009638,P0081,1
O009639,P0035,1
O009639,P0019,1
O009640,P0044,1
O009641,P0034,2
O009641,P0001,1
O009641,P0003,2
O009642,P0005,1
O009642,P0065,1
O009643,P0037,2
O009643,P0058,3
O009644,P0024,1
O009645,P0039,1
O009645,P0080,1
O009646,P0055,1
O009646,P0039,2
O009647,P0021,1
O009647,P0061,2
O009648,P0037,2
O009648,P0059,2
O009649,P0029,3
O009650,P0083,1
O009650,P0052,3
O009650,P0081,2
O009651,P0046,1
O009652,P0041,3
O009652,P0092,1
O009653,P0082,1
O009653,P0074,1
O009654,P0090,1
O009654,P0054,1
O009655,P0029,1
O009656,P0081,2
O009657,P0064,3
O009657,P0001,1
O009658,P0039,1
O009659,P0048,3
O009659,P0007,3
O009660,P0073,1
O009660,P0045,1
O009661,P0031,1
O009662,P0037,2
O009662,P0004,1
O009663,P0018,1
O009663,P0095,1
O009664,P0003,2
O009664,P0034,1
O009665,P0040,1
O009666,P0063,1
O009667,P0062,3
O009668,P0061,1
O009668,P0026,1
O009669,P0009,1
O009669,P0022,1
O009670,P0039,3
O009671,P0043,1
O009671,P0016,1
O009672,P0047,2
O009673,P0062,3
O009674,P0011,1
O009675,P0059,2
O009675,P0039,1
O009676,P0087,3
O009677,P0002,1
O009678,P0055,3
O009678,P0050,2
O009678,P0012,1
O009679,P0053,3
O009680,P0061,2
O009681,P0070,1
O009681,P0095,1
O009682,P0069,1
O009682,P0020,1
O009683,P0085,1
O009684,P0050,1
O009684,P0072,1
O009685,P0015,1
O009686,P0015,3
O009687,P0030,1
O009687,P0051,1
O009687,P0003,1
O009688,P0051,1
O009688,P0055,1
O009689,P0047,3
O009690,P0073,1
O009691,P0018,1
O009692,P0005,1
O009692,P0002,1
O009692,P0096,2
O009693,P0042,1
O009694,P0047,1
O009694,P0057,2
O009694,P0024,1
O009695,P0093,3
O009696,P0051,1
O009696,P0046,1
O009697,P0011,1
O009698,P0015,1
O009699,P0018,2
O009699,P0068,3
O009700,P0049,2
O009700,P0083,3
O009700,P0062,2
O009701,P0009,1
O009701,P0038,1
O009702,P0023,1
O009702,P0094,1
O009702,P0001,3
O009702,P0034,1
O009703,P0005,1
O009703,P0049,2
O009704,P0034,1
O009705,P0067,1
O009705,P0096,3
O009706,P0064,2
O009707,P0023,1
O009708,P0079,1
O009709,P0021,1
O009709,P0002,1
O009710,P0083,1
O009711,P0051,2
O009712,P0020,3
O009713,P0027,1
O009714,P0057,1
O009715,P0002,1
O009716,P0072,1
O009716,P0048,1
O009717,P0090,1
O009718,P0068,1
O009718,P0062,1
O009719,P0022,3
O009720,P0044,1
O009720,P0024,3
O009720,P0095,1
O009721,P0037,1
O009722,P0076,1
O009722,P0023,2
O009723,P0089,2
O009723,P0057,1
O009724,P0005,3
O009725,P0062,1
O009725,P0035,1
O009726,P0061,2
O009726,P0060,2
O009727,P0040,1
O009728,P0045,1
O009729,P0035,1
O009730,P0034,3
O009731,P0004,3
O009732,P0028,1
O009732,P0003,3
O009733,P0039,1
O009734,P0023,1
O009734,P0090,1
O009734,P0092,2
O009734,P0043,3
O009735,P0007,1
O009735,P0094,1
O009736,P0083,1
O009736,P0072,3
O009737,P0064,1
O009738,P0045,1
O009738,P0017,1
O009738,P0078,1
O009739,P0019,2
O009739,P0043,2
O009740,P0057,1
O009740,P0058,1
O009741,P0001,1
O009741,P0043,3
O009742,P0058,3
O009743,P0066,1
O009743,P0045,2
O009743,P0054,1
O009744,P0091,3
O009745,P0052,2
O009745,P0083,1
O009746,P0069,1
O009746,P0019,3
O009747,P0033,1
O009748,P0094,3
O009749,P0075,1
O009749,P0028,3
O009750,P0080,1
O009751,P0032,1
O009751,P0076,2
O009752,P0045,3
O009752,P0013,3
O009753,P0023,1
O009753,P0059,1
O009754,P0012,2
O009755,P0063,2
O009756,P0019,2
O009757,P0086,1
O009757,P0043,1
O009758,P0005,1
O009759,P0039,1
O009760,P0004,3
O009761,P0061,1
O009762,P0081,3
O009763,P0015,1
O009764,P0060,1
O009764,P0062,1
O009764,P0072,1
O009765,P0096,1
O009766,P0021,2
O009766,P0003,3
O009767,P0068,1
O009768,P0002,1
O009768,P0087,1
O009769,P0001,3
O009770,P0039,1
O009771,P0018,1
O009771,P0058,2
O009772,P0066,1
O009773,P0073,3
O009773,P0096,1
O009774,P0043,3
O009774,P0030,3
O009774,P0089,1
O009775,P0056,1
O009776,P0048,3
O009777,P0007,1
O009778,P0038,2
O009778,P0082,1
O009779,P0081,3
O009779,P0064,1
O009779,P0040,1
O009779,P0032,3
O009780,P0037,3
O009781,P0021,1
O009782,P0041,3
O009782,P0048,1
O009782,P0046,1
O009782,P0082,1
O009783,P0007,2
O009784,P0039,3
O009785,P0057,3
O009785,P0009,2
O009786,P0022,1
O009787,P0035,3
O009787,P0021,3
O009788,P0016,3
O009788,P0041,3
O009788,P0025,2
O009789,P0056,3
O009789,P0071,1
O009790,P0051,1
O009791,P0018,1
O009792,P0031,1
O009792,P0091,2
O009793,P0084,1
O009793,P0054,3
O009793,P0017,1
O009794,P0063,1
O009795,P0043,2
O009795,P0059,1
O009796,P0049,3
O009797,P0011,2
O009798,P0085,1
O009799,P0062,1
O009799,P0067,3
O009799,P0054,2
O009800,P0080,2
O009800,P0030,1
O009800,P0038,3
O009800,P0083,1
O009801,P0093,1
O009802,P0070,3
O009803,P0040,1
O009804,P0044,1
O009805,P0054,1
O009806,P0042,1
O009806,P0074,1
O009806,P0056,3
O009807,P0062,1
O009807,P0092,1
O009807,P0078,1
O009807,P0033,3
O009808,P0030,1
O009809,P0070,1
O009809,P0048,3
O009810,P0080,3
O009811,P0003,1
O009811,P0057,1
O009812,P0015,2
O009813,P0096,3
O009813,P0066,1
O009813,P0093,1
O009814,P0046,3
O009815,P0080,2
O009816,P0087,1
O009817,P0006,1
O009818,P0095,2
O009819,P0070,1
O009820,P0011,1
O009821,P0011,1
O009822,P0007,1
O009823,P0042,2
O009824,P0060,1
O009825,P0050,2
O009825,P0062,1
O009825,P0032,2
O009825,P0068,1
O009826,P0029,1
O009827,P0059,1
O009827,P0069,1
O009827,P0083,3
O009828,P0037,1
O009828,P0026,1
O009829,P0043,3
O009830,P0006,3
O009831,P0057,2
O009832,P0025,1
O009832,P0080,1
O009833,P0035,3
O009833,P0081,1
O009834,P0042,2
O009835,P0048,2
O009836,P0027,2
O009837,P0051,1
O009837,P0062,1
O009838,P0058,1
O009838,P0023,2
O009839,P0048,1
O009840,P0037,1
O009840,P0056,3
O009841,P0081,1
O009841,P0014,2
O009842,P0053,1
O009842,P0044,1
O009843,P0094,2
O009843,P0010,1
O009843,P0026,1
O009844,P0037,1
O009845,P0073,3
O009845,P0090,2
O009845,P0044,1
O009846,P0040,2
O009847,P0061,1
O009848,P0030,1
O009848,P0081,1
O009849,P0021,1
O009849,P0056,1
O009850,P0081,1
O009851,P0082,1
O009852,P0006,2
O009853,P0042,3
O009854,P0091,2
O009855,P0086,1
O009855,P0066,2
O009855,P0056,1
O009856,P0082,1
O009856,P0068,1
O009856,P0011,1
O009856,P0014,3
O009857,P0094,1
O009858,P0059,3
O009859,P0069,1
O009859,P0079,3
O009859,P0043,1
O009860,P0015,2
O009860,P0076,1
O009861,P0039,2
O009862,P0061,1
O009863,P0059,1
O009864,P0012,3
O009864,P0027,1
O009864,P0079,1
O009865,P0030,3
O009866,P0021,1
O009866,P0069,1
O009866,P0068,2
O009866,P0020,1
O009867,P0031,1
O009867,P0048,1
O009867,P0083,1
O009868,P0068,1
O009869,P0032,3
O009870,P0064,2
O009871,P0082,1
O009872,P0007,2
O009872,P0059,3
O009872,P0001,1
O009873,P0077,1
O009873,P0086,3
O009873,P0057,1
O009874,P0061,3
O009875,P0032,3
O009875,P0063,3
O009875,P0051,3
O009876,P0046,1
O009877,P0027,2
O009877,P0086,1
O009878,P0086,1
O009878,P0013,1
O009878,P0031,3
O009879,P0049,1
O009879,P0076,2
O009879,P0067,1
O009880,P0006,1
O009880,P0093,2
O009880,P0023,1
O009881,P0023,1
O009881,P0081,3
O009882,P0071,1
O009882,P0064,1
O009882,P0056,2
O009883,P0074,1
O009884,P0084,1
O009885,P0016,2
O009885,P0083,1
O009885,P0005,1
O009885,P0049,1
O009886,P0095,1
O009887,P0005,3
O009888,P0029,3
O009888,P0094,1
O009888,P0071,2
O009888,P0016,1
O009889,P0068,2
O009890,P0051,2
O009891,P0068,2
O009891,P0083,1
O009892,P0007,1
O009892,P0026,1
O009893,P0016,1
O009893,P0062,2
O009894,P0075,1
O009895,P0075,1
O009896,P0025,3
O009896,P0084,1
O009897,P0021,1
O009897,P0058,2
O009897,P0027,1
O009897,P0043,1
O009898,P0017,3
O009899,P0029,2
O009900,P0015,3
O009901,P0004,1
O009902,P0091,1
O009903,P0094,2
O009903,P0023,3
O009904,P0071,1
O009905,P0045,1
O009905,P0018,1
O009906,P0041,1
O009907,P0003,1
O009908,P0058,2
O009908,P0034,3
O009908,P0046,1
O009908,P0050,2
O009909,P0018,1
O009910,P0020,3
O009910,P0011,3
O009910,P0058,2
O009911,P0069,1
O009911,P0016,1
O009911,P0073,1
O009912,P0030,1
O009913,P0040,1
O009913,P0037,2
O009914,P0082,1
O009915,P0086,3
O009915,P0073,3
O009916,P0043,1
O009917,P0030,3
O009918,P0004,1
O009918,P0072,3
O009919,P0093,3
O009919,P0018,1
O009920,P0077,2
O009920,P0036,1
O009921,P0044,1
O009921,P0063,1
O009922,P0058,1
O009923,P0074,3
O009923,P0056,1
O009923,P0052,3
O009924,P0009,1
O009925,P0078,1
O009925,P0038,1
O009925,P0018,1
O009926,P0091,2
O009927,P0022,1
O009928,P0072,1
O009928,P0095,1
O009929,P0054,1
O009929,P0088,1
O009929,P0018,2
O009929,P0007,1
O009930,P0051,2
O009930,P0052,1
O009930,P0032,1
O009931,P0092,1
O009931,P0028,3
O009932,P0036,1
O009932,P0016,2
O009933,P0010,1
O009934,P0002,1
O009934,P0025,1
O009935,P0080,1
O009935,P0034,1
O009935,P0019,1
O009935,P0040,1
O009936,P0072,1
O009937,P0090,1
O009937,P0054,3
O009937,P0040,1
O009938,P0051,2
O009939,P0081,3
O009940,P0068,1
O009941,P0036,1
O009941,P0089,1
O009942,P0003,3
O009943,P0092,1
O009944,P0034,1
O009945,P0005,1
O009946,P0084,1
O009947,P0062,1
O009947,P0066,2
O009948,P0025,1
O009949,P0038,1
O009950,P0060,1
O009950,P0066,1
O009951,P0055,1
O009951,P0072,1
O009951,P0084,3
O009952,P0095,3
O009952,P0013,1
O009953,P0028,1
O009954,P0094,1
O009955,P0086,1
O009955,P0032,1
O009955,P0063,2
O009955,P0034,1
O009956,P0048,3
O009956,P0010,1
O009957,P0049,1
O009958,P0077,1
O009958,P0004,2
O009959,P0038,1
O009959,P0012,1
O009960,P0047,1
O009961,P0021,1
O009962,P0079,2
O009962,P0071,1
O009962,P0078,1
O009963,P0066,2
O009963,P0004,1
O009963,P0084,1
O009963,P0030,2
O009964,P0034,2
O009965,P0034,1
O009965,P0061,3
O009965,P0053,1
O009966,P0030,1
O009966,P0047,1
O009966,P0068,1
O009967,P0041,1
O009967,P0055,1
O009968,P0008,1
O009969,P0049,3
O009969,P0061,1
O009970,P0016,3
O009970,P0092,1
O009971,P0021,1
O009971,P0041,2
O009972,P0035,1
O009973,P0054,1
O009973,P0031,3
O009974,P0076,1
O009975,P0084,1
O009976,P0018,3
O009976,P0073,1
O009976,P0058,1
O009976,P0015,1
O009977,P0061,1
O009977,P0064,1
O009977,P0031,2
O009977,P0059,1
O009978,P0029,2
O009978,P0090,1
O009979,P0059,1
O009980,P0063,3
O009981,P0093,2
O009982,P0013,1
O009982,P0020,3
O009983,P0021,1
O009984,P0019,1
O009985,P0035,1
O009986,P0003,1
O009987,P0022,1
O009987,P0055,1
O009987,P0084,2
O009988,P0044,3
O009988,P0083,1
O009988,P0057,1
O009989,P0094,2
O009989,P0040,1
O009990,P0021,1
O009991,P0087,1
O009992,P0054,1
O009992,P0017,2
O009993,P0054,1
O009993,P0010,3
O009993,P0024,1
O009994,P0082,1
O009994,P0036,2
O009995,P0071,1
O009996,P0015,1
O009997,P0060,1
O009997,P0046,1
O009998,P0068,1
O009999,P0028,1
O009999,P0076,1
O009999,P0045,1
O010000,P0041,3
O010000,P0087,1
O010001,P0052,1
O010002,P0040,2
O010002,P0011,1
O010003,P0017,1
O010003,P0035,3
O010004,P0081,2
O010005,P0080,2
O010005,P0009,1
O010006,P0040,3
O010007,P0073,1
O010007,P0040,1
O010007,P0082,1
O010008,P0005,1
O010009,P0032,1
O010009,P0061,1
O010009,P0065,2
O010010,P0001,2
O010010,P0074,1
O010010,P0009,1
O010011,P0087,2
O010011,P0085,1
O010012,P0046,3
O010012,P0035,2
O010013,P0080,1
O010013,P0079,1
O010014,P0088,3
O010015,P0012,2
O010015,P0065,1
O010015,P0040,1
O010016,P0048,1
O010017,P0055,1
O010018,P0018,1
O010019,P0044,3
O010020,P0045,2
O010021,P0035,1
O010022,P0085,1
O010023,P0024,1
O010024,P0060,1
O010025,P0046,1
O010026,P0073,2
O010026,P0076,1
O010026,P0039,1
O010027,P0034,1
O010028,P0003,1
O010028,P0069,2
O010029,P0085,3
O010029,P0013,1
O010029,P0072,1
O010029,P0051,1
O010030,P0012,3
O010030,P0062,1
O010031,P0056,2
O010031,P0071,2
O010031,P0068,3
O010032,P0004,1
O010033,P0011,3
O010033,P0080,1
O010033,P0088,1
O010033,P0060,3
O010034,P0079,3
O010034,P0032,1
O010034,P0083,1
O010034,P0027,1
O010035,P0021,1
O010035,P0011,2
O010036,P0025,1
O010036,P0059,1
O010037,P0058,3
O010037,P0087,1
O010038,P0069,2
O010039,P0045,1
O010040,P0092,3
O010040,P0039,1
O010041,P0048,3
O010041,P0038,1
O010042,P0012,2
O010042,P0011,1
O010042,P0044,1
O010042,P0079,3
O010043,P0052,3
O010043,P0070,1
O010044,P0084,1
O010044,P0040,1
O010044,P0027,1
O010045,P0007,3
O010046,P0021,1
O010046,P0050,1
O010046,P0045,2
O010046,P0090,2
O010047,P0052,1
O010047,P0001,2
O010048,P0009,3
O010049,P0037,1
O010050,P0064,1
O010051,P0043,1
O010051,P0052,1
O010052,P0057,1
O010052,P0042,1
O010053,P0056,1
O010054,P0012,1
O010055,P0071,3
O010056,P0024,3
O010057,P0022,2
O010057,P0005,3
O010058,P0009,1
O010058,P0069,1
O010059,P0079,1
O010059,P0072,2
O010060,P0073,1
O010060,P0029,3
O010061,P0086,1
O010062,P0064,1
O010063,P0096,1
O010063,P0039,1
O010063,P0069,1
O010064,P0024,1
O010064,P0013,1
O010065,P0018,3
O010065,P0079,2
O010066,P0025,1
O010067,P0009,2
O010068,P0088,1
O010069,P0079,3
O010069,P0063,1
O010070,P0066,2
O010070,P0080,1
O010070,P0073,2
O010071,P0012,1
O010072,P0076,1
O010073,P0057,1
O010073,P0030,1
O010073,P0062,2
O010073,P0033,1
O010074,P0074,3
O010075,P0052,1
O010076,P0048,1
O010077,P0006,1
O010078,P0012,1
O010079,P0021,1
O010080,P0042,1
O010080,P0077,1
O010080,P0033,3
O010081,P0061,3
O010082,P0013,2
O010082,P0051,1
O010083,P0036,2
O010083,P0069,2
O010084,P0061,1
O010084,P0011,1
O010084,P0007,3
O010085,P0013,1
O010086,P0088,2
O010087,P0096,2
O010087,P0037,1
O010088,P0059,2
O010088,P0030,1
O010089,P0044,1
O010090,P0080,2
O010090,P0085,3
O010091,P0070,2
O010092,P0093,1
O010093,P0026,1
O010094,P0027,1
O010095,P0014,1
O010095,P0040,1
O010095,P0003,1
O010096,P0054,1
O010096,P0059,2
O010097,P0036,3
O010098,P0068,3
O010098,P0014,1
O010098,P0008,1
O010099,P0087,1
O010100,P0031,1
O010101,P0002,1
O010101,P0011,1
O010102,P0022,3
O010102,P0058,1
O010102,P0087,1
O010103,P0023,1
O010103,P0050,1
O010103,P0028,1
O010104,P0048,1
O010105,P0090,1
O010106,P0001,1
O010106,P0063,2
O010106,P0080,2
O010107,P0061,3
O010108,P0080,3
O010109,P0006,3
O010110,P0062,1
O010111,P0061,1
O010111,P0015,1
O010111,P0073,1
O010112,P0055,1
O010113,P0059,1
O010114,P0055,3
O010114,P0074,1
O010115,P0075,1
O010115,P0079,2
O010115,P0057,2
O010116,P0081,2
O010117,P0005,1
O010117,P0060,3
O010118,P0047,2
O010118,P0080,1
O010119,P0086,3
O010119,P0068,1
O010120,P0048,2
O010121,P0008,1
O010122,P0036,1
O010122,P0067,2
O010122,P0068,1
O010123,P0007,3
O010124,P0008,3
O010125,P0084,2
O010125,P0041,3
O010126,P0032,1
O010127,P0032,1
O010128,P0033,1
O010128,P0065,1
O010129,P0083,1
O010130,P0024,1
O010131,P0037,1
O010131,P0050,2
O010132,P0090,1
O010133,P0013,3
O010134,P0086,1
O010135,P0051,3
O010135,P0058,1
O010136,P0092,1
O010136,P0040,2
O010136,P0005,3
O010137,P0086,3
O010138,P0021,1
O010138,P0010,1
O010139,P0080,1
O010139,P0047,1
O010139,P0084,2
O010140,P0082,1
O010141,P0083,1
O010142,P0078,1
O010143,P0017,2
O010143,P0088,2
O010143,P0001,1
O010143,P0093,3
O010144,P0049,3
O010145,P0069,1
O010146,P0052,2
O010147,P0025,2
O010147,P0056,1
O010147,P0080,1
O010148,P0063,2
O010148,P0056,1
O010149,P0018,1
O010149,P0036,2
O010150,P0073,3
O010150,P0034,1
O010151,P0068,1
O010152,P0044,1
O010153,P0089,1
O010153,P0088,1
O010153,P0018,1
O010154,P0077,3
O010154,P0069,1
O010155,P0096,1
O010156,P0024,1
O010157,P0050,3
O010157,P0049,1
O010158,P0034,2
O010159,P0014,1
O010160,P0056,1
O010160,P0042,1
O010161,P0081,1
O010161,P0059,2
O010161,P0078,1
O010162,P0071,1
O010163,P0058,3
O010163,P0061,1
O010163,P0042,1
O010163,P0033,1
O010164,P0061,1
O010165,P0088,3
O010166,P0041,2
O010166,P0040,3
O010167,P0088,1
O010168,P0067,2
O010169,P0034,1
O010169,P0059,2
O010170,P0093,3
O010171,P0021,1
O010172,P0024,2
O010172,P0027,1
O010173,P0002,1
O010174,P0088,3
O010175,P0055,1
O010175,P0024,1
O010175,P0058,3
O010176,P0026,2
O010177,P0031,2
O010178,P0038,2
O010178,P0029,1
O010179,P0089,1
O010180,P0086,1
O010181,P0055,3
O010182,P0061,1
O010183,P0088,1
O010184,P0013,2
O010184,P0053,1
O010185,P0053,1
O010185,P0069,3
O010185,P0013,1
O010185,P0088,1
O010186,P0030,2
O010186,P0013,2
O010187,P0074,1
O010188,P0002,1
O010189,P0021,3
O010190,P0095,1
O010191,P0032,2
O010192,P0047,1
O010193,P0075,2
O010194,P0016,1
O010194,P0077,1
O010194,P0028,3
O010195,P0091,1
O010196,P0073,2
O010196,P0046,1
O010196,P0023,1
O010197,P0028,2
O010197,P0067,3
O010198,P0064,3
O010199,P0069,1
O010200,P0067,3
O010200,P0093,2
O010201,P0048,1
O010201,P0019,1
O010201,P0068,1
O010201,P0058,1
O010202,P0034,2
O010202,P0084,1
O010203,P0056,1
O010204,P0036,1
O010204,P0046,1
O010204,P0007,3
O010205,P0056,3
O010206,P0010,3
O010207,P0077,1
O010208,P0094,1
O010209,P0095,3
O010210,P0077,1
O010211,P0020,1
O010211,P0008,3
O010212,P0078,3
O010212,P0050,2
O010213,P0073,1
O010214,P0032,2
O010215,P0090,1
O010216,P0007,1
O010216,P0087,2
O010216,P0012,3
O010217,P0021,1
O010217,P0007,1
O010218,P0073,3
O010219,P0009,2
O010219,P0088,3
O010219,P0046,3
O010220,P0027,1
O010220,P0096,2
O010220,P0084,1
O010221,P0058,1
O010222,P0073,3
O010223,P0086,3
O010223,P0080,2
O010224,P0037,3
O010225,P0091,3
O010225,P0003,1
O010226,P0080,1
O010227,P0059,1
O010227,P0037,1
O010227,P0023,2
O010227,P0010,1
O010228,P0042,1
O010229,P0055,3
O010229,P0059,3
O010229,P0002,2
O010229,P0050,1
O010230,P0009,1
O010231,P0015,3
O010232,P0043,2
O010233,P0074,1
O010233,P0046,1
O010234,P0059,3
O010234,P0020,3
O010235,P0037,1
O010235,P0062,1
O010236,P0046,1
O010236,P0091,1
O010237,P0080,2
O010238,P0016,2
O010239,P0028,3
O010240,P0057,1
O010240,P0017,1
O010241,P0057,2
O010242,P0087,3
O010242,P0008,1
O010243,P0066,3
O010244,P0049,1
O010244,P0075,1
O010245,P0063,1
O010245,P0023,1
O010246,P0044,2
O010246,P0040,3
O010246,P0019,2
O010247,P0050,1
O010248,P0052,1
O010249,P0057,1
O010249,P0054,1
O010250,P0032,2
O010251,P0074,2
O010252,P0011,1
O010253,P0070,1
O010254,P0037,3
O010254,P0025,1
O010255,P0020,1
O010255,P0057,2
O010256,P0077,1
O010256,P0042,1
O010256,P0047,1
O010257,P0036,1
O010258,P0015,2
O010258,P0044,3
O010259,P0051,1
O010259,P0037,3
O010259,P0024,1
O010260,P0021,3
O010260,P0013,1
O010261,P0070,3
O010261,P0049,1
O010262,P0047,3
O010262,P0026,3
O010262,P0038,3
O010263,P0073,3
O010263,P0038,1
O010264,P0076,1
O010265,P0037,1
O010266,P0019,1
O010266,P0084,2
O010267,P0008,1
O010268,P0031,1
O010269,P0052,1
O010270,P0048,1
O010270,P0066,1
O010271,P0087,2
O010272,P0011,1
O010273,P0094,1
O010274,P0023,2
O010274,P0081,1
O010274,P0032,1
O010274,P0069,1
O010275,P0091,3
O010276,P0051,3
O010277,P0063,1
O010278,P0027,2
O010279,P0095,1
O010279,P0064,1
O010280,P0020,1
O010280,P0042,2
O010281,P0090,1
O010281,P0036,2
O010282,P0031,1
O010283,P0083,2
O010284,P0068,2
O010284,P0030,2
O010284,P0054,1
O010285,P0081,1
O010286,P0069,1
O010286,P0048,1
O010286,P0021,1
O010287,P0088,3
O010287,P0041,1
O010288,P0063,1
O010289,P0091,1
O010289,P0064,1
O010289,P0035,1
O010289,P0037,1
O010290,P0036,2
O010290,P0010,1
O010291,P0032,1
O010292,P0096,1
O010292,P0069,3
O010293,P0057,1
O010293,P0009,1
O010293,P0079,3
O010294,P0027,1
O010294,P0082,1
O010295,P0071,1
O010295,P0043,2
O010296,P0077,1
O010296,P0088,1
O010297,P0017,3
O010298,P0078,1
O010298,P0021,1
O010298,P0038,3
O010299,P0064,2
O010300,P0031,1
O010300,P0001,1
O010300,P0055,1
O010300,P0030,1
O010301,P0038,3
O010302,P0088,1
O010303,P0085,2
O010304,P0030,1
O010304,P0059,1
O010304,P0053,1
O010304,P0034,2
O010305,P0045,1
O010306,P0087,1
O010306,P0042,3
O010306,P0019,1
O010306,P0089,1
O010307,P0019,2
O010308,P0030,2
O010309,P0064,1
O010310,P0029,1
O010311,P0042,1
O010311,P0043,1
O010312,P0010,1
O010313,P0004,1
O010314,P0038,2
O010314,P0045,2
O010314,P0020,1
O010315,P0047,3
O010316,P0034,1
O010317,P0066,3
O010318,P0085,1
O010318,P0026,1
O010319,P0026,3
O010319,P0036,3
O010320,P0072,3
O010321,P0079,1
O010322,P0070,1
O010323,P0026,1
O010324,P0054,1
O010325,P0068,1
O010325,P0086,1
O010325,P0065,3
O010326,P0065,1
O010327,P0040,1
O010328,P0007,1
O010328,P0032,3
O010329,P0093,3
O010330,P0030,1
O010330,P0040,1
O010331,P0010,1
O010332,P0019,1
O010332,P0073,1
O010332,P0036,1
O010333,P0065,1
O010333,P0047,1
O010333,P0032,2
O010333,P0096,2
O010334,P0042,1
O010335,P0001,3
O010335,P0011,1
O010335,P0052,1
O010336,P0011,2
O010336,P0045,3
O010336,P0008,3
O010336,P0070,2
O010337,P0030,2
O010338,P0031,1
O010338,P0017,2
O010339,P0037,1
O010340,P0079,2
O010340,P0001,1
O010340,P0033,1
O010341,P0036,3
O010342,P0062,1
O010343,P0029,1
O010344,P0036,1
O010344,P0088,1
O010344,P0074,1
O010344,P0051,1
O010345,P0011,2
O010346,P0071,2
O010347,P0073,3
O010348,P0054,2
O010348,P0032,1
O010349,P0056,2
O010350,P0034,1
O010350,P0023,1
O010351,P0028,2
O010351,P0090,1
O010351,P0027,2
O010352,P0037,1
O010353,P0030,1
O010354,P0012,1
O010355,P0040,1
O010356,P0095,1
O010356,P0025,1
O010356,P0026,1
O010357,P0007,1
O010358,P0042,3
O010358,P0031,2
O010358,P0078,1
O010359,P0027,2
O010359,P0037,3
O010360,P0005,3
O010361,P0028,1
O010361,P0009,3
O010362,P0039,1
O010363,P0087,3
O010364,P0090,2
O010364,P0005,1
O010365,P0077,1
O010366,P0015,1
O010366,P0011,1
O010367,P0068,1
O010367,P0088,2
O010368,P0017,2
O010369,P0065,1
O010370,P0028,1
O010371,P0013,1
O010371,P0027,1
O010372,P0077,1
O010373,P0010,3
O010374,P0064,1
O010375,P0092,1
O010376,P0060,1
O010376,P0019,1
O010377,P0015,1
O010378,P0021,3
O010379,P0013,2
O010379,P0045,3
O010380,P0051,1
O010380,P0034,3
O010380,P0018,1
O010381,P0092,2
O010382,P0029,1
O010383,P0037,1
O010383,P0022,2
O010383,P0063,1
O010384,P0032,1
O010385,P0039,3
O010385,P0084,2
O010386,P0010,1
O010387,P0067,2
O010387,P0047,1
O010388,P0001,2
O010388,P0088,1
O010389,P0062,3
O010389,P0022,1
O010390,P0022,1
O010391,P0076,2
O010391,P0021,2
O010392,P0070,3
O010392,P0020,1
O010392,P0003,1
O010392,P0096,1
O010393,P0058,3
O010393,P0067,2
O010393,P0060,1
O010393,P0078,1
O010394,P0011,3
O010395,P0095,1
O010396,P0084,3
O010397,P0067,2
O010398,P0052,1
O010399,P0082,3
O010400,P0046,1
O010400,P0007,2
O010400,P0074,3
O010401,P0020,2
O010402,P0028,3
O010402,P0006,1
O010403,P0020,1
O010404,P0061,1
O010404,P0025,1
O010405,P0062,1
O010406,P0050,3
O010406,P0067,2
O010407,P0039,1
O010407,P0080,3
O010408,P0093,1
O010409,P0063,1
O010409,P0091,1
O010409,P0089,1
O010410,P0006,1
O010410,P0064,1
O010411,P0090,1
O010412,P0071,2
O010413,P0033,2
O010414,P0031,1
O010415,P0094,1
O010415,P0076,3
O010416,P0016,1
O010417,P0072,2
O010418,P0004,2
O010419,P0095,2
O010420,P0068,2
O010420,P0041,3
O010420,P0004,2
O010420,P0008,1
O010421,P0009,1
O010421,P0039,3
O010422,P0079,1
O010422,P0014,2
O010423,P0004,1
O010423,P0096,2
O010423,P0028,2
O010424,P0044,2
O010424,P0036,2
O010425,P0059,1
O010425,P0007,1
O010426,P0038,1
O010426,P0042,3
O010426,P0013,1
O010427,P0076,1
O010428,P0045,1
O010429,P0094,1
O010430,P0056,2
O010431,P0085,3
O010431,P0045,1
O010431,P0027,1
O010432,P0023,1
O010433,P0029,2
O010433,P0095,1
O010434,P0085,2
O010434,P0075,1
O010435,P0011,1
O010435,P0094,1
O010436,P0056,3
O010436,P0069,3
O010436,P0065,1
O010437,P0051,2
O010438,P0060,3
O010439,P0023,1
O010439,P0010,1
O010440,P0059,1
O010441,P0002,2
O010441,P0092,1
O010442,P0004,1
O010442,P0058,1
O010443,P0081,3
O010443,P0079,2
O010443,P0027,1
O010443,P0053,1
O010444,P0086,2
O010445,P0028,1
O010446,P0035,2
O010446,P0090,3
O010446,P0039,1
O010447,P0021,1
O010447,P0038,1
O010448,P0092,2
O010449,P0040,3
O010449,P0094,1
O010449,P0046,1
O010450,P0080,2
O010451,P0009,1
O010452,P0007,1
O010453,P0027,3
O010453,P0079,1
O010453,P0002,1
O010454,P0080,1
O010455,P0049,1
O010455,P0096,2
O010456,P0002,1
O010457,P0054,1
O010458,P0061,1
O010459,P0094,2
O010460,P0070,1
O010460,P0021,1
O010461,P0042,2
O010462,P0040,1
O010463,P0092,2
O010464,P0086,1
O010464,P0087,1
O010465,P0075,1
O010465,P0080,1
O010466,P0093,1
O010466,P0039,1
O010466,P0011,1
O010467,P0056,1
O010468,P0052,1
O010468,P0038,2
O010468,P0062,1
O010469,P0075,1
O010470,P0025,1
O010471,P0006,1
O010472,P0095,2
O010473,P0012,1
O010473,P0022,1
O010474,P0074,3
O010474,P0081,1
O010475,P0094,3
O010476,P0089,1
O010477,P0016,1
O010478,P0073,1
O010479,P0037,1
O010480,P0074,2
O010481,P0016,3
O010482,P0025,1
O010483,P0071,1
O010484,P0057,1
O010485,P0067,2
O010485,P0058,3
O010486,P0070,1
O010486,P0025,3
O010487,P0007,3
O010488,P0081,3
O010488,P0054,1
O010488,P0083,1
O010488,P0091,1
O010489,P0023,1
O010489,P0012,2
O010489,P0032,1
O010489,P0051,1
O010490,P0053,2
O010490,P0052,3
O010491,P0085,3
O010492,P0013,3
O010492,P0056,2
O010492,P0020,3
O010493,P0010,3
O010494,P0076,3
O010495,P0079,1
O010495,P0043,1
O010495,P0039,3
O010496,P0002,1
O010496,P0040,1
O010497,P0044,3
O010498,P0071,1
O010499,P0075,1
O010500,P0045,1
O010501,P0032,2
O010502,P0083,1
O010503,P0019,2
O010503,P0018,2
O010504,P0061,1
O010505,P0049,1
O010505,P0059,2
O010505,P0056,1
O010505,P0076,1
O010506,P0016,2
O010506,P0028,1
O010506,P0025,1
O010507,P0024,1
O010508,P0015,1
O010508,P0031,3
O010508,P0033,1
O010509,P0078,2
O010509,P0084,1
O010509,P0071,1
O010510,P0051,3
O010510,P0060,1
O010510,P0025,1
O010511,P0040,3
O010512,P0075,3
O010513,P0057,1
O010513,P0003,1
O010514,P0041,1
O010514,P0074,2
O010515,P0001,3
O010515,P0082,2
O010516,P0032,1
O010516,P0005,1
O010517,P0038,1
O010517,P0032,1
O010517,P0058,2
O010517,P0084,1
O010518,P0009,1
O010518,P0023,1
O010519,P0074,1
O010519,P0039,1
O010520,P0087,3
O010520,P0089,1
O010521,P0016,1
O010522,P0048,1
O010523,P0012,3
O010523,P0055,1
O010524,P0003,1
O010524,P0069,1
O010524,P0033,1
O010525,P0020,1
O010525,P0092,1
O010525,P0062,1
O010526,P0065,1
O010527,P0032,3
O010528,P0056,1
O010529,P0044,2
O010530,P0038,3
O010531,P0004,1
O010532,P0093,1
O010533,P0005,1
O010534,P0074,3
O010534,P0018,3
O010535,P0056,3
O010536,P0070,1
O010536,P0095,1
O010537,P0080,1
O010538,P0047,2
O010538,P0023,3
O010538,P0069,2
O010539,P0043,1
O010540,P0074,1
O010541,P0066,1
O010541,P0035,1
O010541,P0072,1
O010542,P0042,1
O010543,P0028,2
O010543,P0096,1
O010543,P0023,3
O010543,P0021,1
O010544,P0049,2
O010545,P0083,3
O010545,P0011,3
O010546,P0073,3
O010547,P0035,1
O010548,P0043,1
O010549,P0039,3
O010550,P0012,1
O010550,P0015,2
O010550,P0035,3
O010551,P0065,2
O010552,P0015,2
O010553,P0060,1
O010554,P0085,1
O010555,P0071,1
O010556,P0058,1
O010557,P0063,1
O010558,P0093,1
O010558,P0052,1
O010559,P0003,1
O010560,P0070,3
O010560,P0012,3
O010561,P0082,2
O010562,P0075,1
O010562,P0060,1
O010562,P0040,1
O010563,P0051,1
O010564,P0030,3
O010565,P0003,2
O010566,P0033,1
O010567,P0015,1
O010568,P0091,1
O010569,P0072,3
O010570,P0094,1
O010571,P0081,3
O010571,P0027,3
O010571,P0089,1
O010572,P0090,1
O010573,P0034,1
O010573,P0022,1
O010574,P0071,1
O010574,P0001,3
O010574,P0003,1
O010575,P0053,2
O010576,P0003,1
O010576,P0084,1
O010577,P0014,1
O010577,P0042,1
O010578,P0025,2
O010578,P0038,2
O010578,P0019,1
O010579,P0053,1
O010579,P0070,1
O010580,P0004,1
O010581,P0095,1
O010581,P0033,3
O010582,P0074,2
O010582,P0079,2
O010582,P0032,2
O010583,P0007,1
O010584,P0086,3
O010585,P0043,2
O010585,P0062,1
O010585,P0006,1
O010586,P0090,1
O010587,P0041,1
O010588,P0096,1
O010589,P0016,2
O010589,P0014,1
O010590,P0076,1
O010590,P0043,2
O010590,P0074,1
O010590,P0075,2
O010591,P0014,3
O010592,P0089,3
O010593,P0025,3
O010593,P0031,3
O010594,P0028,1
O010595,P0090,2
O010596,P0024,2
O010597,P0066,2
O010597,P0013,1
O010598,P0089,3
O010598,P0067,3
O010598,P0004,1
O010598,P0039,1
O010599,P0051,2
O010600,P0063,1
O010601,P0089,1
O010602,P0065,1
O010602,P0005,1
O010602,P0069,1
O010603,P0087,1
O010603,P0053,3
O010604,P0057,3
O010605,P0023,1
O010605,P0034,1
O010606,P0059,1
O010607,P0044,1
O010607,P0032,2
O010608,P0060,1
O010609,P0059,3
O010610,P0048,3
O010610,P0049,1
O010610,P0003,1
O010611,P0084,1
O010612,P0062,2
O010612,P0037,1
O010613,P0073,1
O010614,P0080,1
O010614,P0074,1
O010615,P0033,1
O010615,P0010,1
O010616,P0019,1
O010617,P0082,1
O010618,P0013,1
O010619,P0012,3
O010619,P0011,1
O010620,P0024,3
O010621,P0089,1
O010622,P0071,1
O010623,P0034,1
O010623,P0012,1
O010624,P0092,1
O010624,P0066,2
O010624,P0028,1
O010624,P0037,1
O010625,P0056,1
O010626,P0056,1
O010627,P0074,2
O010628,P0054,2
O010628,P0051,1
O010628,P0084,1
O010629,P0017,1
O010629,P0006,1
O010629,P0074,1
O010629,P0019,2
O010630,P0041,1
O010631,P0064,2
O010631,P0087,1
O010631,P0011,3
O010632,P0025,2
O010632,P0090,1
O010633,P0005,2
O010633,P0067,3
O010634,P0091,1
O010635,P0006,1
O010635,P0096,3
O010635,P0010,1
O010635,P0078,2
O010636,P0089,1
O010637,P0074,1
O010638,P0060,3
O010638,P0095,1
O010639,P0025,1
O010639,P0027,1
O010639,P0021,2
O010640,P0069,2
O010641,P0046,3
O010642,P0012,2
O010643,P0016,1
O010644,P0034,1
O010645,P0016,1
O010645,P0021,1
O010646,P0004,1
O010646,P0023,3
O010646,P0020,3
O010647,P0022,1
O010647,P0039,3
O010647,P0042,1
O010648,P0061,1
O010649,P0080,1
O010649,P0005,1
O010649,P0077,3
O010650,P0069,3
O010650,P0059,1
O010651,P0002,1
O010651,P0058,1
O010651,P0068,2
O010652,P0030,1
O010652,P0063,1
O010652,P0025,2
O010653,P0009,1
O010654,P0016,1
O010655,P0046,3
O010656,P0086,1
O010657,P0042,1
O010658,P0066,1
O010659,P0002,3
O010659,P0081,3
O010660,P0079,1
O010660,P0034,1
O010661,P0067,1
O010662,P0063,1
O010663,P0084,1
O010663,P0021,3
O010664,P0034,1
O010664,P0032,3
O010664,P0005,1
O010665,P0096,1
O010665,P0073,1
O010665,P0023,1
O010666,P0096,2
O010666,P0085,1
O010667,P0017,1
O010668,P0054,1
O010668,P0062,1
O010669,P0031,2
O010670,P0082,2
O010670,P0054,1
O010671,P0052,2
O010672,P0026,2
O010672,P0010,1
O010672,P0066,2
O010673,P0042,3
O010673,P0008,1
O010674,P0074,1
O010675,P0064,3
O010676,P0041,1
O010676,P0080,2
O010677,P0084,2
O010677,P0033,1
O010678,P0031,1
O010678,P0082,3
O010679,P0014,3
O010680,P0002,3
O010680,P0090,3
O010681,P0030,1
O010681,P0042,1
O010682,P0074,1
O010683,P0038,1
O010683,P0074,3
O010684,P0012,2
O010684,P0082,1
O010685,P0080,1
O010686,P0070,1
O010686,P0046,1
O010686,P0007,2
O010686,P0091,1
O010687,P0088,1
O010687,P0060,1
O010688,P0064,1
O010689,P0074,1
O010689,P0065,2
O010689,P0076,3
O010690,P0091,2
O010691,P0079,1
O010692,P0022,1
O010692,P0007,1
O010692,P0023,1
O010693,P0036,3
O010693,P0053,3
O010694,P0069,3
O010695,P0095,1
O010696,P0039,3
O010697,P0001,1
O010698,P0024,1
O010699,P0061,3
O010700,P0055,1
O010700,P0041,1
O010701,P0094,1
O010701,P0083,3
O010702,P0017,3
O010702,P0034,1
O010702,P0076,3
O010703,P0006,2
O010703,P0013,1
O010704,P0072,3
O010705,P0086,1
O010705,P0080,1
O010706,P0001,2
O010706,P0095,3
O010707,P0045,1
O010707,P0017,3
O010708,P0095,1
O010708,P0031,1
O010709,P0091,1
O010710,P0084,1
O010710,P0012,2
O010711,P0026,1
O010711,P0084,2
O010711,P0093,1
O010712,P0076,1
O010713,P0011,1
O010713,P0078,3
O010713,P0038,1
O010713,P0018,1
O010714,P0082,3
O010715,P0060,1
O010715,P0080,1
O010715,P0056,1
O010716,P0089,1
O010716,P0049,3
O010716,P0023,1
O010716,P0013,2
O010717,P0080,3
O010717,P0036,3
O010717,P0018,3
O010718,P0083,2
O010718,P0004,2
O010718,P0055,3
O010719,P0033,3
O010719,P0013,1
O010720,P0050,1
O010721,P0005,2
O010722,P0017,2
O010723,P0048,3
O010724,P0063,3
O010724,P0034,1
O010725,P0071,2
O010726,P0010,2
O010726,P0017,2
O010726,P0079,1
O010726,P0095,2
O010727,P0001,2
O010728,P0085,1
O010729,P0034,1
O010730,P0056,1
O010731,P0075,1
O010732,P0016,1
O010732,P0078,1
O010733,P0020,3
O010733,P0069,1
O010734,P0054,1
O010734,P0082,3
O010735,P0068,2
O010735,P0031,3
O010735,P0080,2
O010735,P0064,3
O010736,P0007,3
O010736,P0038,3
O010737,P0006,1
O010737,P0087,1
O010737,P0002,2
O010738,P0082,2
O010738,P0090,2
O010739,P0061,1
O010739,P0062,1
O010740,P0022,3
O010741,P0030,1
O010742,P0068,3
O010742,P0072,2
O010743,P0079,3
O010744,P0077,1
O010744,P0085,1
O010745,P0049,3
O010746,P0072,1
O010747,P0022,1
O010748,P0078,2
O010748,P0007,1
O010748,P0006,2
O010749,P0057,1
O010749,P0063,2
O010749,P0055,1
O010750,P0089,1
O010750,P0054,2
O010751,P0030,2
O010752,P0077,1
O010753,P0056,1
O010753,P0083,2
O010754,P0069,1
O010755,P0091,1
O010756,P0090,2
O010756,P0009,2
O010757,P0034,1
O010757,P0030,1
O010757,P0057,1
O010757,P0037,1
O010758,P0023,1
O010759,P0093,2
O010759,P0052,1
O010760,P0086,2
O010761,P0035,1
O010762,P0010,3
O010762,P0017,1
O010763,P0091,2
O010764,P0047,3
O010764,P0092,3
O010765,P0069,1
O010765,P0015,2
O010765,P0036,1
O010766,P0083,2
O010767,P0073,3
O010768,P0071,1
O010769,P0040,1
O010769,P0089,2
O010769,P0068,1
O010769,P0091,3
O010770,P0034,1
O010770,P0067,1
O010770,P0076,1
O010771,P0031,2
O010772,P0057,1
O010773,P0029,1
O010774,P0008,2
O010774,P0053,1
O010775,P0096,3
O010775,P0074,2
O010775,P0013,2
O010775,P0003,3
O010776,P0095,1
O010777,P0094,1
O010778,P0070,2
O010778,P0004,1
O010778,P0043,3
O010778,P0009,3
O010779,P0073,2
O010779,P0068,1
O010779,P0045,1
O010780,P0018,1
O010781,P0081,1
O010782,P0034,3
O010783,P0093,3
O010784,P0064,1
O010784,P0058,2
O010784,P0059,3
O010784,P0095,1
O010785,P0060,3
O010785,P0057,1
O010786,P0083,1
O010787,P0080,2
O010788,P0027,1
O010789,P0038,1
O010790,P0087,2
O010791,P0031,1
O010791,P0081,3
O010792,P0021,2
O010793,P0070,1
O010794,P0085,3
O010795,P0043,1
O010796,P0027,1
O010797,P0021,1
O010798,P0017,1
O010798,P0093,2
O010799,P0096,1
O010800,P0003,2
O010801,P0032,2
O010802,P0096,1
O010802,P0084,1
O010803,P0022,1
O010804,P0037,1
O010805,P0059,1
O010806,P0052,1
O010806,P0057,3
O010806,P0054,3
O010807,P0034,1
O010808,P0024,3
O010809,P0001,2
O010810,P0054,1
O010811,P0087,2
O010812,P0040,1
O010812,P0070,1
O010813,P0059,1
O010814,P0075,3
O010814,P0017,1
O010814,P0032,3
O010814,P0049,3
O010815,P0065,1
O010816,P0053,1
O010816,P0084,1
O010816,P0064,1
O010817,P0061,2
O010817,P0001,1
O010818,P0032,1
O010819,P0023,1
O010819,P0030,2
O010819,P0002,1
O010820,P0096,1
O010821,P0032,1
O010821,P0073,1
O010822,P0011,1
O010822,P0085,1
O010823,P0029,3
O010824,P0013,3
O010825,P0076,3
O010825,P0011,3
O010826,P0008,1
O010826,P0036,1
O010827,P0036,1
O010828,P0074,1
O010829,P0076,3
O010829,P0016,1
O010830,P0044,1
O010831,P0078,3
O010832,P0029,1
O010833,P0075,3
O010834,P0044,1
O010835,P0062,1
O010835,P0039,1
O010835,P0022,1
O010836,P0053,1
O010836,P0048,2
O010836,P0049,1
O010837,P0080,3
O010838,P0036,3
O010839,P0084,1
O010840,P0049,1
O010841,P0044,3
O010841,P0001,2
O010842,P0094,1
O010843,P0013,2
O010843,P0008,3
O010843,P0077,3
O010844,P0093,1
O010844,P0036,1
O010845,P0033,3
O010845,P0012,3
O010846,P0084,2
O010846,P0089,2
O010846,P0052,1
O010847,P0019,1
O010847,P0063,1
O010847,P0082,3
O010848,P0040,3
O010848,P0042,1
O010848,P0060,3
O010849,P0023,2
O010850,P0050,1
O010850,P0087,1
O010851,P0067,3
O010852,P0011,1
O010852,P0095,1
O010853,P0060,1
O010853,P0078,1
O010853,P0093,1
O010854,P0012,1
O010854,P0044,1
O010854,P0093,2
O010855,P0009,3
O010856,P0059,1
O010856,P0050,1
O010856,P0092,1
O010857,P0014,2
O010858,P0005,1
O010858,P0051,3
O010859,P0090,1
O010860,P0039,2
O010861,P0008,3
O010861,P0032,1
O010861,P0081,1
O010862,P0054,1
O010863,P0088,2
O010863,P0028,1
O010863,P0040,3
O010863,P0089,1
O010864,P0043,1
O010865,P0087,3
O010866,P0055,1
O010867,P0052,1
O010867,P0075,1
O010867,P0078,1
O010867,P0064,1
O010868,P0053,1
O010869,P0087,1
O010870,P0019,1
O010870,P0026,3
O010871,P0040,2
O010872,P0094,1
O010872,P0070,1
O010873,P0067,2
O010873,P0052,2
O010874,P0090,1
O010874,P0024,2
O010875,P0077,3
O010875,P0073,2
O010876,P0051,2
O010877,P0090,3
O010877,P0055,1
O010877,P0069,1
O010877,P0083,1
O010878,P0044,1
O010879,P0072,1
O010880,P0038,1
O010880,P0050,1
O010880,P0040,1
O010881,P0090,1
O010882,P0005,1
O010883,P0039,1
O010884,P0080,1
O010884,P0017,1
O010885,P0028,1
O010886,P0091,2
O010886,P0016,1
O010887,P0016,2
O010888,P0077,1
O010888,P0075,3
O010888,P0038,2
O010888,P0036,1
O010889,P0020,3
O010890,P0059,1
O010890,P0064,3
O010891,P0046,1
O010891,P0019,1
O010891,P0048,1
O010892,P0093,2
O010893,P0056,3
O010894,P0033,3
O010894,P0086,1
O010894,P0085,1
O010895,P0002,1
O010896,P0088,1
O010897,P0077,3
O010897,P0013,2
O010898,P0042,2
O010898,P0030,1
O010898,P0008,1
O010898,P0028,1
O010899,P0065,1
O010899,P0014,1
O010900,P0078,2
O010900,P0034,1
O010901,P0041,1
O010901,P0058,2
O010902,P0054,1
O010902,P0079,2
O010903,P0062,3
O010903,P0082,2
O010903,P0039,1
O010903,P0078,1
O010904,P0046,1
O010905,P0030,1
O010905,P0067,3
O010906,P0031,1
O010906,P0042,3
O010906,P0013,1
O010907,P0095,3
O010907,P0060,1
O010907,P0036,3
O010908,P0019,1
O010908,P0071,1
O010908,P0059,1
O010909,P0016,2
O010909,P0077,2
O010909,P0038,1
O010910,P0011,3
O010911,P0008,1
O010912,P0022,1
O010913,P0079,2
O010913,P0010,1
O010913,P0061,1
O010914,P0019,2
O010915,P0073,1
O010915,P0002,1
O010915,P0015,3
O010916,P0033,3
O010917,P0083,3
O010917,P0037,2
O010918,P0016,3
O010919,P0057,1
O010920,P0055,3
O010921,P0092,1
O010922,P0060,1
O010922,P0010,3
O010923,P0031,1
O010923,P0090,1
O010924,P0037,2
O010925,P0085,1
O010926,P0064,3
O010927,P0092,1
O010927,P0058,1
O010927,P0028,2
O010927,P0079,3
O010928,P0003,1
O010929,P0038,3
O010929,P0010,2
O010929,P0062,3
O010929,P0085,1
O010930,P0087,1
O010931,P0092,1
O010932,P0025,1
O010933,P0067,3
O010934,P0022,1
O010935,P0036,1
O010936,P0023,2
O010937,P0023,1
O010938,P0074,1
O010938,P0035,1
O010939,P0094,1
O010940,P0037,3
O010941,P0015,3
O010942,P0021,3
O010942,P0034,1
O010943,P0007,1
O010943,P0068,3
O010943,P0041,1
O010944,P0030,1
O010945,P0093,1
O010945,P0075,3
O010946,P0077,1
O010946,P0074,1
O010947,P0009,3
O010948,P0063,1
O010948,P0040,1
O010948,P0074,1
O010948,P0042,1
O010949,P0034,2
O010950,P0091,1
O010950,P0030,3
O010951,P0048,1
O010952,P0093,1
O010952,P0066,1
O010952,P0072,1
O010952,P0009,3
O010953,P0094,2
O010954,P0007,2
O010954,P0062,1
O010955,P0042,3
O010956,P0028,2
O010956,P0039,2
O010956,P0065,1
O010956,P0017,3
O010957,P0022,1
O010958,P0028,1
O010959,P0034,1
O010960,P0054,1
O010960,P0025,3
O010961,P0009,1
O010961,P0067,1
O010961,P0062,1
O010962,P0089,1
O010962,P0051,1
O010962,P0047,1
O010963,P0031,1
O010964,P0051,1
O010965,P0089,3
O010966,P0082,1
O010967,P0084,1
O010968,P0041,1
O010969,P0073,1
O010969,P0056,1
O010970,P0052,1
O010970,P0009,1
O010970,P0030,2
O010970,P0015,1
O010971,P0046,2
O010971,P0068,3
O010971,P0023,1
O010972,P0071,1
O010972,P0052,3
O010972,P0076,3
O010972,P0051,1
O010973,P0018,3
O010974,P0080,3
O010974,P0093,2
O010974,P0054,1
O010975,P0016,1
O010975,P0067,1
O010975,P0068,1
O010976,P0061,1
O010977,P0048,1
O010978,P0043,1
O010978,P0053,1
O010979,P0062,3
O010980,P0088,3
O010981,P0085,2
O010982,P0074,1
O010982,P0063,3
O010983,P0023,3
O010984,P0073,3
O010984,P0090,1
O010985,P0025,1
O010985,P0019,1
O010985,P0011,1
O010985,P0055,1
O010986,P0010,1
O010987,P0071,1
O010987,P0002,1
O010988,P0011,1
O010988,P0078,1
O010989,P0031,1
O010990,P0014,2
O010991,P0052,2
O010991,P0029,3
O010992,P0072,2
O010992,P0093,3
O010993,P0057,1
O010994,P0050,3
O010994,P0060,1
O010995,P0022,1
O010995,P0060,3
O010996,P0090,1
O010997,P0022,1
O010998,P0042,1
O010999,P0037,2
O010999,P0017,3
O011000,P0089,3
O011001,P0015,1
O011001,P0095,1
O011001,P0025,2
O011002,P0051,1
O011003,P0053,1
O011004,P0079,2
O011004,P0033,3
O011004,P0089,3
O011005,P0076,2
O011005,P0065,1
O011005,P0026,1
O011005,P0023,1
O011006,P0092,1
O011006,P0089,1
O011007,P0077,3
O011008,P0090,3
O011009,P0038,2
O011010,P0072,1
O011011,P0007,3
O011011,P0027,2
O011011,P0082,1
O011012,P0010,1
O011012,P0093,2
O011012,P0003,1
O011012,P0090,2
O011013,P0036,1
O011014,P0030,2
O011014,P0014,3
O011015,P0017,1
O011015,P0012,2
O011016,P0060,1
O011017,P0027,2
O011017,P0020,1
O011017,P0010,3
O011017,P0062,1
O011018,P0077,1
O011018,P0011,1
O011019,P0064,1
O011020,P0010,1
O011021,P0041,2
O011021,P0074,3
O011021,P0027,2
O011022,P0071,1
O011023,P0041,1
O011023,P0023,1
O011024,P0003,3
O011025,P0045,1
O011026,P0065,1
O011026,P0092,1
O011027,P0055,3
O011028,P0035,1
O011028,P0090,3
O011029,P0081,1
O011029,P0058,3
O011030,P0083,1
O011031,P0029,1
O011031,P0067,1
O011032,P0027,1
O011033,P0061,1
O011033,P0042,1
O011034,P0039,1
O011035,P0068,2
O011035,P0009,2
O011036,P0035,2
O011036,P0080,1
O011036,P0037,1
O011037,P0006,1
O011037,P0084,1
O011038,P0041,1
O011039,P0092,1
O011039,P0044,1
O011040,P0029,3
O011041,P0065,1
O011042,P0092,2
O011043,P0082,2
O011044,P0081,1
O011044,P0025,1
O011045,P0044,2
O011046,P0064,1
O011047,P0038,2
O011048,P0003,2
O011048,P0065,2
O011048,P0066,1
O011049,P0034,3
O011049,P0055,3
O011050,P0067,1
O011051,P0015,2
O011051,P0050,2
O011052,P0087,2
O011052,P0074,1
O011053,P0094,1
O011054,P0054,1
O011054,P0070,1
O011055,P0026,1
O011056,P0028,1
O011057,P0014,1
O011058,P0021,1
O011058,P0082,1
O011058,P0081,2
O011058,P0046,2
O011059,P0086,3
O011060,P0054,1
O011060,P0034,3
O011061,P0038,1
O011061,P0028,1
O011062,P0071,3
O011063,P0061,1
O011064,P0006,3
O011065,P0037,2
O011066,P0002,3
O011066,P0030,1
O011067,P0046,1
O011068,P0085,3
O011069,P0062,3
O011069,P0090,2
O011070,P0096,1
O011070,P0035,1
O011071,P0009,2
O011072,P0036,3
O011072,P0046,1
O011073,P0034,1
O011074,P0009,2
O011074,P0013,1
O011074,P0015,1
O011075,P0035,2
O011076,P0036,3
O011077,P0010,2
O011077,P0024,2
O011077,P0020,1
O011077,P0075,2
O011078,P0042,1
O011079,P0021,1
O011079,P0024,2
O011079,P0055,2
O011080,P0036,2
O011080,P0071,3
O011081,P0006,2
O011081,P0071,1
O011081,P0053,1
O011082,P0015,2
O011082,P0043,3
O011082,P0024,3
O011083,P0035,1
O011084,P0075,1
O011084,P0064,1
O011085,P0083,2
O011086,P0006,1
O011086,P0083,1
O011086,P0008,1
O011087,P0057,2
O011088,P0043,1
O011088,P0075,2
O011089,P0057,3
O011090,P0094,1
O011091,P0095,1
O011092,P0054,1
O011092,P0081,1
O011092,P0011,1
O011093,P0020,2
O011094,P0036,2
O011095,P0027,2
O011095,P0045,1
O011095,P0087,3
O011095,P0006,1
O011096,P0030,1
O011096,P0047,2
O011097,P0084,2
O011097,P0032,1
O011098,P0008,1
O011099,P0056,3
O011099,P0069,2
O011100,P0047,1
O011101,P0046,3
O011102,P0093,1
O011103,P0071,1
O011104,P0089,2
O011105,P0066,3
O011106,P0001,1
O011107,P0044,3
O011107,P0096,2
O011108,P0054,2
O011108,P0009,1
O011109,P0051,1
O011110,P0087,1
O011111,P0087,2
O011111,P0070,1
O011111,P0032,1
O011112,P0054,2
O011113,P0059,1
O011114,P0069,3
O011115,P0068,2
O011115,P0009,2
O011116,P0091,2
O011116,P0021,3
O011117,P0020,1
O011118,P0088,1
O011119,P0045,1
O011119,P0053,1
O011120,P0053,1
O011120,P0087,1
O011121,P0069,1
O011122,P0072,1
O011123,P0055,1
O011123,P0050,1
O011124,P0079,2
O011124,P0019,2
O011125,P0031,2
O011126,P0057,1
O011127,P0094,1
O011128,P0029,1
O011128,P0095,1
O011128,P0071,1
O011128,P0009,3
O011129,P0064,1
O011129,P0027,1
O011129,P0006,3
O011130,P0024,2
O011130,P0047,2
O011131,P0051,1
O011131,P0046,1
O011132,P0079,1
O011133,P0040,1
O011133,P0066,1
O011134,P0085,2
O011134,P0078,1
O011135,P0080,3
O011136,P0056,1
O011136,P0043,2
O011137,P0063,2
O011137,P0030,1
O011138,P0010,2
O011139,P0032,2
O011139,P0007,3
O011140,P0011,1
O011141,P0022,1
O011142,P0016,1
O011142,P0045,3
O011143,P0067,1
O011144,P0011,2
O011145,P0013,1
O011146,P0004,1
O011146,P0008,1
O011147,P0034,1
O011148,P0096,1
O011148,P0094,1
O011149,P0076,1
O011149,P0041,1
O011150,P0054,3
O011151,P0002,1
O011152,P0050,2
O011153,P0069,1
O011153,P0042,1
O011153,P0010,3
O011154,P0036,1
O011154,P0069,1
O011155,P0013,1
O011155,P0002,1
O011156,P0088,3
O011156,P0062,1
O011157,P0030,1
O011157,P0039,1
O011158,P0061,2
O011158,P0087,3
O011158,P0034,1
O011159,P0078,1
O011160,P0081,3
O011160,P0051,3
O011161,P0087,1
O011162,P0030,1
O011162,P0007,1
O011163,P0014,2
O011163,P0044,1
O011164,P0025,2
O011164,P0047,3
O011164,P0070,1
O011165,P0038,3
O011166,P0071,2
O011166,P0080,1
O011166,P0063,2
O011167,P0065,1
O011168,P0070,1
O011168,P0082,3
O011169,P0078,3
O011170,P0043,1
O011171,P0036,2
O011171,P0011,1
O011172,P0046,1
O011172,P0086,2
O011173,P0091,1
O011174,P0069,1
O011174,P0032,2
O011175,P0005,3
O011176,P0067,2
O011177,P0009,1
O011177,P0045,2
O011178,P0069,1
O011179,P0082,1
O011179,P0070,1
O011180,P0036,3
O011180,P0046,1
O011180,P0034,2
O011180,P0010,1
O011181,P0068,1
O011181,P0028,1
O011182,P0095,1
O011183,P0064,1
O011183,P0019,2
O011183,P0076,3
O011184,P0013,3
O011185,P0081,1
O011186,P0059,2
O011186,P0041,1
O011187,P0079,1
O011188,P0062,1
O011188,P0032,1
O011188,P0019,1
O011189,P0009,1
O011189,P0019,2
O011189,P0095,1
O011189,P0076,2
O011190,P0012,1
O011191,P0091,1
O011191,P0085,1
O011192,P0070,1
O011193,P0048,3
O011193,P0075,3
O011194,P0070,1
O011194,P0053,3
O011194,P0064,1
O011194,P0068,1
O011195,P0086,1
O011195,P0051,3
O011196,P0022,2
O011197,P0012,1
O011197,P0096,1
O011198,P0009,1
O011199,P0049,2
O011199,P0074,3
O011200,P0093,1
O011200,P0044,1
O011200,P0008,3
O011201,P0035,1
O011202,P0094,1
O011203,P0009,2
O011203,P0091,1
O011204,P0047,1
O011204,P0012,1
O011205,P0025,3
O011206,P0071,3
O011207,P0030,1
O011208,P0069,1
O011208,P0096,3
O011208,P0025,1
O011209,P0044,1
O011209,P0042,1
O011209,P0016,1
O011210,P0094,1
O011210,P0090,1
O011210,P0009,1
O011211,P0066,3
O011212,P0002,2
O011212,P0047,1
O011212,P0035,1
O011213,P0094,1
O011214,P0046,3
O011215,P0086,1
O011216,P0040,1
O011216,P0039,1
O011216,P0062,3
O011217,P0034,2
O011217,P0015,3
O011218,P0002,1
O011219,P0059,3
O011220,P0004,1
O011220,P0089,1
O011221,P0023,1
O011221,P0047,1
O011221,P0048,1
O011221,P0079,1
O011222,P0029,1
O011222,P0060,1
O011222,P0048,1
O011222,P0007,1
O011223,P0068,3
O011223,P0046,1
O011223,P0091,3
O011224,P0089,1
O011225,P0080,2
O011226,P0056,1
O011226,P0096,1
O011227,P0069,1
O011227,P0034,1
O011228,P0073,1
O011229,P0078,3
O011230,P0042,3
O011230,P0035,1
O011230,P0082,1
O011230,P0024,3
O011231,P0012,3
O011232,P0070,1
O011232,P0007,1
O011233,P0040,1
O011234,P0083,3
O011235,P0042,2
O011236,P0013,1
O011236,P0021,1
O011237,P0033,1
O011238,P0035,1
O011239,P0033,1
O011239,P0003,3
O011240,P0034,1
O011241,P0091,1
O011242,P0068,1
O011243,P0032,1
O011244,P0053,2
O011245,P0059,1
O011246,P0049,2
O011247,P0072,1
O011247,P0036,1
O011248,P0057,1
O011248,P0050,1
O011249,P0086,2
O011249,P0062,1
O011249,P0036,3
O011250,P0091,1
O011251,P0095,1
O011251,P0047,1
O011252,P0088,1
O011252,P0073,2
O011252,P0043,1
O011252,P0081,1
O011253,P0056,1
O011254,P0060,1
O011255,P0093,1
O011256,P0015,1
O011256,P0060,3
O011257,P0092,3
O011258,P0048,1
O011258,P0095,1
O011258,P0089,2
O011259,P0017,1
O011260,P0081,2
O011261,P0088,1
O011262,P0026,1
O011263,P0078,1
O011263,P0043,1
O011263,P0070,3
O011263,P0089,1
O011264,P0002,1
O011265,P0082,3
O011266,P0087,1
O011266,P0068,1
O011267,P0051,1
O011268,P0029,1
O011269,P0094,1
O011270,P0028,1
O011271,P0004,1
O011272,P0009,1
O011272,P0059,2
O011273,P0024,1
O011274,P0018,2
O011274,P0032,2
O011275,P0027,2
O011275,P0077,1
O011275,P0019,1
O011275,P0021,2
O011276,P0019,2
O011277,P0084,1
O011277,P0018,3
O011278,P0011,3
O011278,P0060,2
O011279,P0080,2
O011280,P0091,1
O011280,P0024,1
O011281,P0010,1
O011281,P0093,1
O011282,P0065,1
O011282,P0030,1
O011283,P0062,1
O011284,P0091,1
O011284,P0072,3
O011284,P0020,2
O011285,P0033,2
O011286,P0010,1
O011286,P0050,1
O011287,P0079,1
O011288,P0002,1
O011289,P0075,3
O011289,P0031,1
O011289,P0080,3
O011290,P0039,1
O011290,P0011,1
O011291,P0076,1
O011291,P0017,1
O011292,P0050,1
O011293,P0081,2
O011294,P0001,1
O011294,P0008,1
O011295,P0015,3
O011296,P0048,1
O011297,P0078,1
O011298,P0021,1
O011299,P0047,2
O011299,P0026,1
O011299,P0071,2
O011300,P0081,2
O011301,P0029,1
O011301,P0021,1
O011302,P0090,1
O011302,P0064,3
O011303,P0014,3
O011304,P0002,1
O011304,P0070,1
O011305,P0052,2
O011306,P0020,1
O011307,P0070,2
O011308,P0088,3
O011308,P0069,2
O011309,P0044,1
O011309,P0065,1
O011310,P0069,3
O011310,P0074,1
O011311,P0022,1
O011312,P0021,1
O011312,P0062,2
O011313,P0020,2
O011313,P0006,3
O011314,P0050,1
O011314,P0016,1
O011315,P0092,1
O011315,P0012,1
O011316,P0061,2
O011316,P0029,2
O011316,P0084,1
O011317,P0022,2
O011318,P0078,3
O011319,P0068,1
O011320,P0064,1
O011320,P0024,2
O011321,P0048,1
O011321,P0031,1
O011321,P0094,1
O011321,P0047,2
O011322,P0081,1
O011323,P0007,1
O011324,P0049,2
O011325,P0035,3
O011326,P0093,2
O011326,P0065,1
O011327,P0021,1
O011328,P0031,1
O011329,P0061,3
O011330,P0038,1
O011330,P0013,2
O011330,P0055,3
O011331,P0023,1
O011332,P0071,1
O011332,P0023,1
O011333,P0023,2
O011334,P0009,1
O011334,P0028,2
O011335,P0048,3
O011336,P0041,1
O011336,P0069,1
O011336,P0056,1
O011337,P0073,3
O011337,P0008,1
O011338,P0022,2
O011338,P0059,1
O011338,P0055,1
O011339,P0058,2
O011340,P0056,1
O011340,P0020,1
O011340,P0027,1
O011341,P0095,3
O011342,P0085,1
O011343,P0002,3
O011343,P0064,1
O011344,P0069,1
O011344,P0074,1
O011344,P0092,1
O011344,P0047,1
O011345,P0065,2
O011345,P0017,1
O011346,P0076,1
O011347,P0075,2
O011348,P0068,2
O011348,P0069,1
O011349,P0070,3
O011350,P0003,1
O011350,P0061,1
O011350,P0096,1
O011351,P0026,3
O011352,P0065,2
O011353,P0088,1
O011353,P0077,1
O011354,P0039,1
O011355,P0036,1
O011356,P0033,3
O011357,P0088,1
O011358,P0044,1
O011358,P0016,3
O011358,P0030,2
O011359,P0040,1
O011359,P0025,1
O011360,P0091,1
O011360,P0036,1
O011361,P0090,1
O011362,P0078,1
O011363,P0083,1
O011364,P0066,3
O011364,P0072,1
O011365,P0008,1
O011366,P0035,3
O011367,P0012,1
O011368,P0029,1
O011369,P0004,2
O011370,P0090,1
O011370,P0009,1
O011371,P0007,1
O011372,P0064,2
O011372,P0046,3
O011373,P0031,2
O011374,P0074,1
O011375,P0074,1
O011375,P0054,1
O011376,P0048,1
O011376,P0067,3
O011376,P0080,1
O011376,P0022,3
O011377,P0074,1
O011378,P0053,1
O011378,P0060,1
O011379,P0088,1
O011379,P0038,1
O011380,P0084,1
O011381,P0054,1
O011382,P0059,2
O011383,P0062,1
O011384,P0090,3
O011385,P0029,2
O011386,P0010,1
O011386,P0008,1
O011386,P0040,2
O011387,P0013,2
O011388,P0090,1
O011388,P0017,1
O011388,P0020,1
O011389,P0030,1
O011390,P0047,1
O011391,P0047,3
O011391,P0026,2
O011391,P0025,1
O011392,P0031,1
O011392,P0069,1
O011393,P0093,2
O011394,P0042,1
O011394,P0016,1
O011395,P0009,1
O011396,P0023,1
O011397,P0054,2
O011398,P0089,2
O011399,P0083,2
O011399,P0021,1
O011399,P0047,2
O011400,P0009,3
O011401,P0048,1
O011402,P0071,1
O011403,P0008,2
O011403,P0027,1
O011404,P0037,1
O011405,P0074,2
O011406,P0081,2
O011407,P0026,1
O011408,P0057,1
O011408,P0085,1
O011408,P0010,1
O011409,P0015,1
O011410,P0094,1
O011410,P0010,2
O011411,P0036,1
O011411,P0053,2
O011411,P0095,3
O011411,P0069,2
O011412,P0055,1
O011412,P0027,3
O011412,P0018,3
O011413,P0069,3
O011414,P0074,2
O011415,P0001,1
O011416,P0065,2
O011416,P0066,3
O011417,P0063,3
O011418,P0059,1
O011418,P0042,2
O011418,P0004,2
O011419,P0081,1
O011419,P0019,1
O011419,P0041,3
O011420,P0089,2
O011420,P0085,2
O011420,P0069,1
O011421,P0016,1
O011421,P0017,1
O011422,P0047,1
O011423,P0068,3
O011424,P0031,3
O011425,P0077,1
O011425,P0046,1
O011426,P0002,1
O011427,P0042,3
O011428,P0052,1
O011428,P0069,3
O011429,P0008,3
O011429,P0054,1
O011430,P0080,1
O011431,P0015,3
O011431,P0092,1
O011432,P0057,3
O011432,P0043,3
O011433,P0076,1
O011434,P0034,3
O011435,P0092,1
O011436,P0025,1
O011437,P0010,1
O011437,P0047,1
O011437,P0051,3
O011437,P0092,3
O011438,P0081,2
O011438,P0096,1
O011439,P0040,2
O011439,P0012,3
O011439,P0071,1
O011439,P0051,1
O011440,P0055,1
O011440,P0079,3
O011441,P0020,2
O011441,P0049,1
O011442,P0093,3
O011443,P0031,3
O011444,P0063,2
O011445,P0076,1
O011446,P0045,1
O011447,P0094,2
O011447,P0013,1
O011448,P0022,1
O011449,P0064,1
O011449,P0012,1
O011450,P0006,3
O011451,P0066,3
O011451,P0032,1
O011452,P0042,2
O011453,P0018,1
O011454,P0066,3
O011455,P0005,1
O011456,P0008,1
O011456,P0029,1
O011457,P0044,2
O011458,P0067,2
O011458,P0012,1
O011459,P0034,1
O011459,P0092,1
O011460,P0025,2
O011461,P0046,1
O011462,P0049,1
O011463,P0049,2
O011464,P0013,1
O011464,P0015,3
O011464,P0055,2
O011465,P0048,1
O011466,P0078,3
O011466,P0062,3
O011467,P0021,1
O011468,P0003,2
O011468,P0036,1
O011468,P0051,1
O011469,P0057,2
O011469,P0073,3
O011470,P0014,1
O011471,P0067,1
O011471,P0053,2
O011472,P0057,2
O011473,P0042,1
O011474,P0030,1
O011474,P0044,3
O011475,P0012,2
O011475,P0017,2
O011476,P0037,1
O011477,P0077,1
O011478,P0068,2
O011478,P0005,2
O011479,P0024,3
O011479,P0031,1
O011480,P0023,1
O011481,P0026,1
O011482,P0035,2
O011483,P0069,1
O011483,P0044,2
O011483,P0051,1
O011483,P0045,2
O011484,P0093,3
O011484,P0006,1
O011485,P0059,1
O011486,P0095,3
O011487,P0029,1
O011488,P0012,2
O011488,P0023,1
O011488,P0091,2
O011489,P0095,3
O011490,P0059,3
O011490,P0003,1
O011491,P0045,1
O011491,P0013,1
O011492,P0002,1
O011493,P0080,1
O011493,P0033,3
O011493,P0014,1
O011494,P0007,2
O011494,P0096,1
O011494,P0076,2
O011495,P0061,2
O011495,P0039,1
O011496,P0067,1
O011497,P0044,3
O011498,P0092,1
O011498,P0071,2
O011499,P0045,1
O011499,P0007,1
O011500,P0050,1
O011501,P0059,1
O011501,P0008,1
O011501,P0072,1
O011502,P0091,1
O011502,P0060,1
O011503,P0094,1
O011504,P0036,1
O011505,P0090,3
O011506,P0056,1
O011507,P0010,2
O011508,P0079,1
O011509,P0056,3
O011509,P0041,1
O011510,P0026,1
O011510,P0093,3
O011510,P0049,1
O011510,P0017,1
O011511,P0036,3
O011512,P0044,3
O011513,P0095,2
O011513,P0040,3
O011513,P0057,1
O011514,P0053,1
O011515,P0072,1
O011515,P0041,1
O011516,P0022,2
O011517,P0007,3
O011517,P0081,2
O011518,P0046,1
O011519,P0046,1
O011520,P0047,3
O011520,P0017,1
O011521,P0041,1
O011522,P0048,1
O011523,P0014,3
O011524,P0042,1
O011524,P0029,1
O011524,P0039,2
O011524,P0085,3
O011525,P0081,2
O011526,P0082,1
O011526,P0045,1
O011527,P0008,1
O011528,P0033,1
O011529,P0075,2
O011529,P0019,2
O011529,P0007,1
O011530,P0066,2
O011530,P0013,2
O011531,P0067,1
O011532,P0038,1
O011533,P0020,1
O011533,P0029,1
O011534,P0025,3
O011534,P0032,1
O011534,P0029,1
O011534,P0018,1
O011535,P0024,1
O011535,P0023,3
O011536,P0022,1
O011536,P0057,3
O011537,P0042,1
O011537,P0047,1
O011538,P0039,3
O011538,P0036,1
O011538,P0061,1
O011538,P0040,1
O011539,P0031,1
O011539,P0083,2
O011539,P0028,3
O011540,P0029,3
O011540,P0070,2
O011541,P0022,2
O011541,P0034,3
O011541,P0064,1
O011542,P0046,1
O011543,P0082,2
O011544,P0049,1
O011545,P0045,3
O011545,P0039,2
O011546,P0024,3
O011546,P0065,1
O011546,P0020,1
O011546,P0021,1
O011547,P0001,2
O011548,P0077,2
O011549,P0001,1
O011550,P0063,1
O011551,P0078,3
O011551,P0086,1
O011552,P0084,1
O011553,P0019,3
O011554,P0061,1
O011554,P0028,3
O011554,P0091,1
O011554,P0094,3
O011555,P0032,1
O011556,P0095,3
O011556,P0081,1
O011556,P0096,1
O011556,P0057,3
O011557,P0079,1
O011558,P0088,3
O011559,P0051,2
O011560,P0078,1
O011561,P0001,1
O011562,P0087,3
O011563,P0013,3
O011563,P0058,2
O011564,P0060,1
O011564,P0032,1
O011565,P0041,3
O011566,P0053,2
O011567,P0052,1
O011567,P0003,2
O011568,P0083,1
O011568,P0031,1
O011569,P0081,1
O011569,P0050,1
O011570,P0024,3
O011570,P0018,1
O011571,P0050,1
O011571,P0070,1
O011572,P0092,2
O011572,P0041,1
O011572,P0003,2
O011572,P0094,3
O011573,P0085,1
O011574,P0001,3
O011574,P0010,3
O011574,P0030,1
O011575,P0078,1
O011576,P0041,3
O011577,P0073,1
O011578,P0048,1
O011579,P0076,1
O011579,P0046,1
O011579,P0009,1
O011579,P0053,1
O011580,P0023,1
O011581,P0057,1
O011582,P0025,2
O011583,P0035,2
O011583,P0053,2
O011583,P0012,1
O011583,P0043,1
O011584,P0090,1
O011585,P0012,2
O011585,P0047,2
O011586,P0077,3
O011587,P0075,3
O011588,P0023,1
O011589,P0037,1
O011589,P0039,1
O011590,P0023,1
O011590,P0025,1
O011591,P0001,1
O011592,P0027,1
O011593,P0019,2
O011594,P0093,1
O011595,P0071,1
O011595,P0021,1
O011596,P0048,1
O011597,P0030,1
O011597,P0069,1
O011598,P0089,2
O011599,P0096,1
O011600,P0060,1
O011600,P0041,1
O011600,P0032,2
O011601,P0055,3
O011602,P0025,1
O011602,P0074,1
O011603,P0088,1
O011603,P0044,1
O011604,P0021,3
O011604,P0014,3
O011605,P0053,1
O011606,P0026,1
O011607,P0050,2
O011607,P0049,2
O011608,P0073,1
O011608,P0059,1
O011609,P0063,1
O011610,P0008,1
O011611,P0078,2
O011612,P0036,1
O011613,P0054,1
O011614,P0060,1
O011615,P0069,1
O011615,P0035,1
O011616,P0074,1
O011616,P0063,1
O011616,P0001,2
O011616,P0036,1
O011617,P0082,1
O011618,P0001,2
O011618,P0087,1
O011618,P0035,2
O011619,P0093,2
O011620,P0088,1
O011621,P0016,1
O011621,P0087,1
O011622,P0075,3
O011623,P0029,2
O011623,P0052,3
O011624,P0090,3
O011625,P0052,1
O011625,P0006,3
O011625,P0022,1
O011626,P0039,1
O011626,P0052,1
O011627,P0048,1
O011627,P0055,3
O011628,P0028,1
O011629,P0025,3
O011630,P0083,1
O011630,P0092,1
O011631,P0055,3
O011631,P0045,2
O011632,P0012,3
O011633,P0073,1
O011633,P0072,1
O011634,P0039,3
O011635,P0054,2
O011635,P0061,2
O011636,P0089,3
O011637,P0061,1
O011638,P0092,3
O011639,P0025,2
O011640,P0022,3
O011640,P0074,1
O011640,P0002,1
O011640,P0081,2
O011641,P0092,1
O011641,P0045,1
O011642,P0055,1
O011642,P0040,3
O011643,P0080,1
O011643,P0047,2
O011643,P0071,2
O011644,P0058,2
O011645,P0090,2
O011645,P0065,2
O011645,P0058,2
O011646,P0015,3
O011647,P0069,2
O011648,P0075,2
O011649,P0012,1
O011649,P0040,3
O011650,P0022,1
O011651,P0016,1
O011652,P0045,1
O011653,P0001,3
O011653,P0093,3
O011654,P0088,1
O011655,P0064,1
O011656,P0081,1
O011656,P0065,3
O011657,P0069,1
O011658,P0074,1
O011659,P0074,3
O011659,P0041,1
O011659,P0093,1
O011660,P0028,3
O011661,P0023,1
O011662,P0088,1
O011662,P0010,2
O011662,P0033,2
O011663,P0046,3
O011663,P0021,1
O011664,P0093,1
O011665,P0094,1
O011665,P0039,2
O011666,P0014,2
O011667,P0055,1
O011668,P0010,1
O011668,P0060,2
O011668,P0030,1
O011669,P0042,1
O011670,P0057,3
O011671,P0026,1
O011671,P0096,2
O011671,P0012,1
O011672,P0073,3
O011672,P0072,1
O011672,P0001,1
O011673,P0065,1
O011673,P0016,1
O011673,P0013,1
O011674,P0083,1
O011674,P0087,1
O011674,P0051,1
O011675,P0078,1
O011675,P0016,1
O011676,P0072,2
O011677,P0044,2
O011678,P0048,3
O011678,P0062,1
O011679,P0078,1
O011679,P0012,3
O011679,P0079,3
O011680,P0092,1
O011680,P0026,3
O011680,P0018,3
O011680,P0031,1
O011681,P0053,1
O011682,P0068,1
O011683,P0041,1
O011684,P0093,3
O011685,P0019,1
O011685,P0027,2
O011685,P0029,1
O011686,P0086,3
O011686,P0011,1
O011687,P0075,1
O011688,P0086,2
O011689,P0069,2
O011689,P0004,3
O011690,P0032,1
O011691,P0023,3
O011691,P0027,2
O011691,P0073,2
O011691,P0030,3
O011692,P0076,1
O011693,P0060,1
O011693,P0017,1
O011694,P0079,1
O011695,P0084,1
O011696,P0015,1
O011697,P0090,1
O011698,P0093,1
O011699,P0058,1
O011700,P0030,3
O011700,P0022,3
O011701,P0086,1
O011701,P0087,1
O011701,P0093,1
O011702,P0025,3
O011703,P0094,1
O011703,P0055,1
O011703,P0083,1
O011704,P0076,1
O011704,P0068,1
O011705,P0021,2
O011706,P0080,3
O011706,P0075,1
O011707,P0094,3
O011708,P0080,3
O011709,P0082,3
O011709,P0068,1
O011710,P0041,1
O011710,P0047,1
O011710,P0072,1
O011711,P0082,1
O011712,P0063,1
O011713,P0057,1
O011713,P0078,1
O011713,P0053,1
O011714,P0058,3
O011715,P0038,1
O011716,P0038,1
O011717,P0012,3
O011717,P0069,1
O011717,P0015,3
O011718,P0034,3
O011718,P0070,1
O011719,P0088,1
O011719,P0024,1
O011720,P0079,1
O011721,P0036,1
O011721,P0078,1
O011722,P0052,1
O011723,P0020,2
O011724,P0048,1
O011725,P0027,1
O011726,P0044,3
O011727,P0043,1
O011728,P0059,2
O011728,P0047,3
O011728,P0049,1
O011729,P0047,2
O011730,P0036,3
O011731,P0004,1
O011732,P0065,1
O011732,P0094,1
O011733,P0085,1
O011734,P0068,3
O011735,P0017,1
O011735,P0088,3
O011735,P0010,2
O011736,P0026,1
O011737,P0076,3
O011738,P0007,1
O011738,P0006,1
O011739,P0058,2
O011739,P0019,3
O011740,P0033,3
O011741,P0023,1
O011742,P0034,1
O011742,P0047,1
O011743,P0030,2
O011743,P0059,1
O011743,P0023,1
O011743,P0037,1
O011744,P0023,3
O011744,P0059,1
O011744,P0025,2
O011745,P0002,1
O011746,P0092,3
O011746,P0075,2
O011747,P0082,3
O011748,P0002,1
O011748,P0057,1
O011749,P0053,3
O011750,P0054,1
O011750,P0009,3
O011751,P0055,1
O011751,P0052,1
O011751,P0063,1
O011752,P0060,1
O011752,P0013,1
O011752,P0021,1
O011753,P0050,3
O011754,P0025,1
O011755,P0042,1
O011755,P0038,1
O011755,P0094,1
O011756,P0076,1
O011757,P0003,1
O011757,P0013,1
O011757,P0089,2
O011758,P0021,2
O011758,P0034,1
O011759,P0071,3
O011759,P0065,1
O011759,P0010,2
O011760,P0069,1
O011761,P0048,1
O011762,P0002,2
O011763,P0076,1
O011764,P0049,2
O011764,P0009,2
O011765,P0048,2
O011765,P0055,1
O011765,P0019,1
O011765,P0004,3
O011766,P0026,1
O011766,P0027,1
O011767,P0028,1
O011767,P0084,1
O011768,P0021,1
O011768,P0008,3
O011769,P0062,1
O011770,P0065,1
O011771,P0065,1
O011772,P0095,1
O011772,P0043,1
O011773,P0083,2
O011773,P0090,1
O011773,P0020,3
O011774,P0059,1
O011774,P0054,1
O011774,P0029,1
O011775,P0070,1
O011775,P0012,3
O011775,P0060,1
O011775,P0006,1
O011776,P0048,1
O011777,P0052,1
O011778,P0059,2
O011778,P0011,2
O011778,P0042,1
O011779,P0025,3
O011780,P0013,2
O011780,P0070,2
O011780,P0064,1
O011780,P0088,1
O011781,P0051,1
O011781,P0006,1
O011781,P0075,1
O011782,P0042,1
O011782,P0004,1
O011783,P0087,3
O011784,P0028,2
O011785,P0018,1
O011786,P0025,3
O011787,P0088,1
O011787,P0021,3
O011788,P0074,1
O011789,P0080,1
O011789,P0072,1
O011790,P0039,1
O011790,P0029,2
O011791,P0047,1
O011792,P0043,3
O011792,P0001,3
O011793,P0030,1
O011793,P0067,3
O011793,P0068,1
O011794,P0005,1
O011794,P0003,1
O011795,P0094,2
O011796,P0067,3
O011797,P0093,1
O011797,P0040,1
O011797,P0044,3
O011798,P0084,1
O011798,P0081,2
O011799,P0028,3
O011799,P0074,2
O011799,P0049,3
O011800,P0062,1
O011800,P0029,3
O011801,P0031,1
O011801,P0088,1
O011801,P0089,1
O011802,P0081,3
O011802,P0093,1
O011803,P0037,1
O011804,P0034,1
O011804,P0041,1
O011805,P0043,2
O011805,P0033,1
O011806,P0047,3
O011806,P0034,1
O011807,P0013,3
O011808,P0013,1
O011809,P0043,1
O011810,P0079,1
O011811,P0042,2
O011812,P0047,3
O011812,P0006,2
O011813,P0058,1
O011813,P0037,3
O011814,P0042,1
O011814,P0028,1
O011814,P0030,1
O011815,P0042,2
O011816,P0058,2
O011817,P0076,3
O011818,P0074,2
O011818,P0075,1
O011818,P0066,1
O011819,P0034,1
O011820,P0046,1
O011821,P0015,2
O011822,P0011,1
O011823,P0092,2
O011824,P0053,2
O011824,P0073,1
O011825,P0023,1
O011826,P0021,3
O011826,P0077,1
O011826,P0052,2
O011826,P0018,2
O011827,P0051,1
O011827,P0059,1
O011828,P0009,3
O011829,P0081,1
O011830,P0053,1
O011830,P0066,3
O011830,P0025,1
O011830,P0024,3
O011831,P0049,2
O011832,P0035,2
O011832,P0053,3
O011833,P0053,2
O011834,P0057,3
O011834,P0081,3
O011834,P0042,1
O011835,P0064,1
O011836,P0084,1
O011836,P0088,1
O011837,P0008,3
O011838,P0011,1
O011838,P0008,1
O011838,P0042,1
O011839,P0076,1
O011839,P0085,1
O011840,P0017,1
O011840,P0047,1
O011840,P0016,3
O011840,P0090,1
O011841,P0077,3
O011842,P0081,1
O011842,P0003,2
O011843,P0007,2
O011844,P0091,1
O011844,P0079,2
O011844,P0053,3
O011845,P0067,1
O011846,P0085,3
O011847,P0037,1
O011848,P0004,1
O011849,P0011,1
O011850,P0030,3
O011851,P0045,1
O011852,P0017,2
O011853,P0086,1
O011854,P0035,2
O011854,P0058,1
O011854,P0038,1
O011855,P0007,1
O011855,P0026,1
O011856,P0005,2
O011857,P0086,1
O011857,P0040,1
O011857,P0007,1
O011857,P0035,1
O011858,P0050,1
O011859,P0076,3
O011859,P0006,1
O011859,P0045,3
O011859,P0080,1
O011860,P0086,1
O011861,P0057,3
O011862,P0076,1
O011862,P0067,1
O011863,P0061,2
O011863,P0015,1
O011864,P0024,1
O011864,P0090,1
O011864,P0085,3
O011865,P0035,2
O011866,P0016,1
O011866,P0011,1
O011866,P0033,3
O011866,P0078,1
O011867,P0095,1
O011868,P0057,1
O011869,P0014,1
O011869,P0071,3
O011869,P0072,1
O011869,P0095,1
O011870,P0040,1
O011871,P0034,1
O011871,P0064,1
O011872,P0088,1
O011873,P0016,3
O011873,P0023,1
O011873,P0060,3
O011873,P0021,1
O011874,P0005,1
O011874,P0064,3
O011875,P0026,2
O011875,P0013,3
O011875,P0014,1
O011875,P0038,3
O011876,P0003,1
O011877,P0092,3
O011878,P0080,1
O011878,P0084,1
O011879,P0030,2
O011880,P0052,2
O011881,P0021,2
O011882,P0063,3
O011883,P0067,1
O011884,P0007,1
O011885,P0068,1
O011886,P0064,2
O011887,P0086,1
O011888,P0073,1
O011888,P0092,1
O011889,P0015,3
O011890,P0035,1
O011890,P0037,1
O011890,P0050,1
O011890,P0085,1
O011891,P0039,2
O011891,P0007,1
O011892,P0039,3
O011893,P0043,1
O011894,P0031,2
O011895,P0065,1
O011896,P0029,2
O011896,P0002,1
O011896,P0018,1
O011896,P0025,1
O011897,P0082,3
O011897,P0037,2
O011898,P0095,1
O011898,P0059,1
O011899,P0030,1
O011899,P0052,1
O011900,P0031,2
O011901,P0039,1
O011902,P0027,3
O011902,P0015,2
O011903,P0074,3
O011904,P0034,1
O011905,P0025,1
O011906,P0010,3
O011907,P0093,2
O011907,P0006,1
O011908,P0074,1
O011908,P0073,1
O011909,P0084,3
O011910,P0061,2
O011910,P0049,1
O011911,P0032,1
O011911,P0035,1
O011912,P0078,1
O011912,P0019,1
O011913,P0052,1
O011913,P0084,3
O011914,P0071,3
O011915,P0003,1
O011915,P0002,1
O011916,P0089,1
O011916,P0084,2
O011916,P0023,3
O011916,P0058,1
O011917,P0060,2
O011917,P0010,1
O011918,P0019,1
O011919,P0051,2
O011919,P0007,1
O011919,P0060,3
O011920,P0092,1
O011920,P0025,3
O011921,P0083,2
O011921,P0091,2
O011922,P0067,1
O011922,P0039,3
O011923,P0011,1
O011924,P0001,2
O011925,P0091,3
O011926,P0053,3
O011926,P0066,1
O011927,P0036,2
O011928,P0083,3
O011928,P0040,3
O011929,P0036,2
O011930,P0072,2
O011930,P0045,3
O011930,P0015,3
O011931,P0068,1
O011932,P0082,1
O011933,P0066,3
O011934,P0033,3
O011935,P0066,1
O011935,P0068,2
O011935,P0006,1
O011936,P0079,2
O011937,P0057,1
O011938,P0079,1
O011939,P0058,2
O011940,P0012,1
O011941,P0002,1
O011942,P0032,1
O011942,P0042,1
O011943,P0076,1
O011943,P0020,2
O011944,P0054,3
O011945,P0079,2
O011945,P0036,1
O011946,P0003,1
O011946,P0041,1
O011947,P0092,1
O011948,P0033,1
O011949,P0019,1
O011949,P0094,1
O011950,P0004,1
O011951,P0024,1
O011952,P0021,1
O011953,P0021,1
O011954,P0024,1
O011955,P0066,1
O011956,P0058,1
O011957,P0013,1
O011957,P0083,1
O011957,P0042,2
O011958,P0062,1
O011959,P0064,1
O011959,P0070,1
O011959,P0090,3
O011960,P0082,1
O011961,P0048,1
O011962,P0069,2
O011962,P0016,3
O011963,P0004,2
O011963,P0006,1
O011963,P0086,1
O011964,P0034,1
O011965,P0082,1
O011966,P0068,1
O011967,P0014,2
O011968,P0017,3
O011969,P0055,1
O011969,P0022,2
O011970,P0034,1
O011971,P0051,3
O011972,P0006,2
O011973,P0090,2
O011973,P0053,2
O011973,P0033,1
O011974,P0056,3
O011974,P0037,2
O011974,P0088,1
O011974,P0057,3
O011975,P0022,1
O011976,P0002,1
O011976,P0070,3
O011977,P0004,3
O011977,P0006,1
O011978,P0092,1
O011978,P0051,1
O011979,P0093,2
O011980,P0046,1
O011981,P0042,1
O011981,P0040,1
O011982,P0060,1
O011983,P0069,3
O011983,P0066,2
O011984,P0003,1
O011985,P0030,3
O011986,P0051,3
O011987,P0065,1
O011988,P0074,3
O011988,P0090,2
O011989,P0053,1
O011989,P0073,1
O011990,P0007,2
O011990,P0056,1
O011991,P0061,2
O011992,P0091,3
O011993,P0094,2
O011993,P0070,1
O011994,P0022,1
O011995,P0058,1
O011996,P0018,1
O011996,P0048,1
O011997,P0016,1
O011998,P0076,1
O011998,P0038,3
O011998,P0092,1
O011999,P0038,3
O012000,P0036,2
